transaction_amount,account_age_months,login_frequency,failed_passwords,device_risk_score,location_distance_km,is_fraud
74.8014010480186,24.34662826220321,14.660502404683845,2.0,0.0,64.66553176991097,0
8.255615337490127,17.455352445386005,25.367006518810285,7.0,0.0,102.40978632396555,0
350.1593225302138,112.48494247990672,20.43394617493153,3.0,0.0,160.32454890311274,0
62.96862943125578,16.192510252316268,15.757684752391338,2.0,0.16318142616521303,114.0059353954642,0
20.96563106983342,31.26194705311086,16.676301629210514,7.0,0.0,80.99240991835788,0
65.36335362175092,1.8635624518323581,9.511857537659541,4.0,0.0,33.21526205222199,0
298.7790028357124,56.53958413578894,18.673403638350724,8.0,0.0,110.83691512272631,0
277.50620895171426,58.40157816336663,18.950617697445033,7.0,0.0,144.91673428074992,0
55.092928005595844,22.651596060788094,15.774761008833481,1.0,0.0,139.80062786606635,0
251.93068734290065,75.64694766269302,11.366403926417558,6.0,0.35551323083348874,38.986469939328515,0
280.66058436546905,87.86343824960095,17.963758797627662,5.0,0.020090183536808803,86.93686905479603,0
33.20878450771489,15.006968697455456,9.525351419521725,5.0,0.0,30.362704240948403,0
332.79147497301705,116.51779534819566,14.34982493687767,1.0,0.0,121.57634696881006,0
221.97041876524503,36.97349253736149,11.081912136125947,7.0,0.0,78.74786127918155,0
56.52566010248354,42.58746817019924,1.5756922404148277,2.0,1.0,111.71529429936784,1
325.3164940282518,89.38298595380815,16.20655912080615,6.0,0.0,118.0523489023001,0
149.5925122964843,1.5544312252446026,8.997872597768714,9.0,0.16722159313059187,166.53333353370303,1
99.28014449853279,14.458847327313926,1.439977032276973,5.0,0.07727926924420575,107.94986349853224,1
95.49180269609366,38.815992322996294,6.337028118597324,6.0,0.0,68.03623932904752,1
181.4574586209514,1.008904359139681,2.2303152387788394,7.0,0.0,102.974479337922,1
346.52517156093984,103.37450196772812,22.56242098279433,4.0,0.0,180.25236264519833,0
173.240019753152,55.230087150903984,12.077282143160026,5.0,0.3933455997701515,9.337878048626731,0
81.20411602422354,1.240087175318017,13.011511758176404,5.0,0.0,49.16153117404278,0
59.903908506515705,56.6151807514713,16.869771900685702,7.0,0.04119126198488188,34.192355491534755,0
344.7724456589355,104.38120876982498,20.576495748871455,4.0,0.0,141.90280412569663,0
229.76576625715623,85.21678474200172,18.425437660229626,1.0,0.029465995526238575,90.80949782378079,0
266.7692416557363,74.34322254139502,8.585494945644887,6.0,0.21271629321150493,53.706403202693124,0
160.94729227967886,53.74603379637024,20.564176053899754,3.0,0.0,169.7990020445044,0
346.1402592028032,60.05322066172085,25.4217332650532,10.0,0.0,196.3440602212288,0
12.07523561512211,16.22892289211576,23.5226719161167,6.0,0.0,98.7406660660544,0
318.7721256772174,101.39573770329824,17.088915445283728,4.0,0.0,91.24415435981597,0
80.20301021506697,32.56355808400458,14.438328125503304,1.0,0.0,145.61676915243368,0
69.32524266079739,8.802029542921431,18.0247633495673,8.0,0.0,93.89163815123696,0
253.82146671106955,89.63081277843186,13.763799252449449,2.0,0.028644790424528277,44.813004229005394,0
264.9913469963168,70.71892481435182,14.173338171251565,4.0,0.0,116.27118630171165,0
47.90786430293383,10.418692501886206,21.906671012797688,6.0,0.0,168.80774818215224,0
181.5888679336556,1.060088124270031,9.129462605739828,3.0,0.0,123.0364331162916,1
307.4201603121179,91.86217892883457,14.17078399478985,9.0,0.4427556715055486,40.98155062495397,0
109.41169075617384,58.55265119437321,13.500199505026941,4.0,0.3360910712843751,59.69851428915662,0
63.44903703842451,27.572795246542597,0.12394937674264916,2.0,0.0,78.2461113803238,1
288.8171654926459,83.06407369071216,16.938364043593626,5.0,0.0,85.43304111325446,0
415.6099470864226,135.74539639481617,28.87408792541322,3.0,0.0,216.69395020142156,0
232.20627419006794,49.269463329976865,14.365189888402508,5.0,0.0,95.31732637251545,0
31.43563909581475,6.876322414022027,17.07070782201911,2.0,0.003373504637693925,129.5105806328266,0
384.2894528612804,102.65591555867869,17.035147649957167,8.0,0.0,109.3291077898308,0
356.493399389541,108.54377195759939,20.744208404066644,5.0,0.0,138.63105706604875,0
314.79210507435664,86.16384977121834,16.06360497205032,5.0,0.0,107.4788887986923,0
7.712811250051473,2.934345299094794,17.800442047118015,3.0,0.0,119.33138021890622,0
299.8783715506845,66.02935637674935,17.956167425799165,8.0,0.0,96.5088282539048,0
77.68516397380635,28.297229689745265,2.9657757235337527,5.0,0.0,92.93619131298138,1
46.10875968586758,11.220715567930561,13.993098134882395,3.0,0.0,96.1079009013227,0
22.466195276115208,4.0748472689568445,17.87971695760661,5.0,0.0,151.73387445691205,0
28.933489885422382,2.759332276433419,24.812045165561226,5.0,0.0,209.30587970351993,0
161.05356548934728,31.120500756144907,8.101381744246671,6.0,0.15603120575917817,29.03797679136033,0
80.56871764230166,44.445554198202444,20.817580417134455,5.0,0.0,72.55938890379088,1
246.7206120304121,59.507529422843575,17.599889062644554,4.0,0.0,100.04905348700686,0
167.41043247262513,27.490159230905764,10.71670832317335,7.0,0.07560384444254759,19.787235668465613,0
57.22745291284653,21.39889904964193,17.955600199508712,3.0,0.0,224.35877924094876,0
141.02584158630413,51.16016443564478,8.084191729744052,3.0,0.4709194129110479,7.63128384039403,0
371.7682980942978,96.20951657793874,16.659646005388787,7.0,0.0,120.01665573986664,0
137.73717450497665,87.99596671314359,11.321824365415516,2.0,1.0,120.40878203342552,1
3.78129580318371,49.63644398594174,14.676218600068218,9.0,0.0,9.685878229165475,0
12.599176055278335,4.062612971212715,20.45503848534289,4.0,0.0,89.92061481684225,0
412.87302527561366,119.81719356247615,24.822766773913628,6.0,0.0,165.56901917252182,0
100.12271977178976,43.02662991861433,15.424155163620968,1.0,0.0,158.20130776002065,0
118.72214596477323,13.243036722661707,9.533747502648353,5.0,0.0,67.32301460322545,0
19.085101570502744,35.183470944551715,19.357775980468098,7.0,0.0,70.56632801741165,0
104.36422562251663,33.51456071333638,3.9839223450633696,6.0,0.0,130.97777272661693,1
318.84773636934943,103.89052576224353,19.295705585343306,5.0,0.018656743662413322,95.69717230363315,0
72.08869723906898,0.9340963520137002,23.531598941704797,1.0,0.12316849892619336,142.6177392303892,0
44.00438052347336,13.83816249651511,18.057934507006188,3.0,0.0,139.4341141296865,0
16.982741119810242,7.606029672370774,23.28080221444737,2.0,0.0,172.4315024562655,0
185.0670400741554,10.87620501206413,13.389998340772147,10.0,0.0,67.91303988899384,0
65.50325294417686,43.70562696648258,23.519987215757787,7.0,0.0,79.04544974346065,0
300.6305855977972,80.9784872504739,20.585701926696114,5.0,0.0,143.17394021652072,0
199.59179615436543,24.053402895445892,10.881957579082103,7.0,0.0,52.25778111626818,0
31.979043742206414,22.261551174881753,21.719217694741275,5.0,0.0,151.79122365769325,0
136.22530912190263,21.38162354792447,11.103504865430166,5.0,0.0,113.72181539433583,0
159.22471564396025,23.647062254061755,7.596071406375977,7.0,0.23200115655358633,33.24960380200398,0
30.387350873764944,15.871360839383001,22.809955781760944,5.0,0.0,190.10391644119252,0
51.47879466663068,37.81753590149947,21.330401137089268,1.0,0.0,229.77411744532105,0
59.7111071416096,27.064533540106922,20.581355029945858,3.0,0.0067916156430540275,39.96612915373363,0
3.344928953168008,25.43477876573857,20.050819189858665,7.0,0.0,115.91686880164036,0
26.458198639457287,42.7880929961988,9.795657529185863,8.0,0.0,3.5961143929951334,0
334.11286999971577,113.39971387271609,17.1084646506123,3.0,0.0,115.78381620610229,0
55.42470781531742,48.19712490810561,21.449315369900415,8.0,0.0,79.60233495746704,0
230.42353608231377,56.98816235250284,16.684947052465866,4.0,0.0,96.90622667118406,0
242.40908489494487,82.18998811704162,9.50083983430804,3.0,0.260499436353875,47.12483232581267,0
39.810457408354424,19.320403893377424,20.529615681061667,8.0,0.0,67.46932524233527,0
298.328321877299,72.38940734231178,19.110209862839476,7.0,0.0,82.32956401215738,0
243.55143190840369,69.80867094725329,17.68500505542815,6.0,0.05170137748006276,72.41493054029654,0
317.15589129066143,116.90604891773035,15.755562526981578,2.0,0.17153920209323242,86.27246366379256,0
24.864017963727022,52.935294503924965,10.200296123489657,7.0,0.028665121761545453,65.49030156682343,0
28.056049567348083,27.483241808148797,16.121923181397154,8.0,0.0,42.91376770210835,0
95.86236108960509,18.069943555393778,6.532593949061562,5.0,0.31618136923835966,11.969995366417958,0
298.0680772144318,80.99435280858344,19.692793840882462,5.0,0.0,148.08776120098437,0
141.25182162412645,84.95021627309856,18.203224134458193,7.0,0.17054327449348616,68.6058205540683,0
66.5607410694807,14.830532893744248,17.43448686864418,8.0,0.0,96.71018405085627,0
110.4127032654192,39.847788231857706,15.92841642392736,2.0,0.1463368144684657,52.6340912119237,0
83.192629891405,41.346695290035086,15.138398664453735,4.0,0.0959679391774384,50.80549882203107,0
344.553031140403,57.10651752764545,18.78631925928054,11.0,0.0,154.5068570883967,0
365.7302682214721,67.49558390947186,29.989274718870647,11.0,0.0,194.13352725156003,0
208.34805153147116,65.10878974313438,13.494641731094656,5.0,0.31648266227991106,37.555297624431276,0
48.656228694335056,2.0758745773589204,9.426385211297195,2.0,0.0,15.373758235438608,0
349.0682045013131,94.04493836637543,21.212345833418816,7.0,0.0,125.05442177956039,0
27.442301144430232,41.934392921127824,15.78909727041455,6.0,0.0,7.394241377943018,0
256.9122025569544,86.10574969892434,13.46360800228187,4.0,0.2322862699163719,48.89021524794303,0
196.66231156641854,43.73068802843399,14.428586951981146,7.0,0.0675683265360425,26.135796141337345,0
6.479952003402502,30.964085346831638,23.979312543878116,8.0,0.0,65.56412929394078,0
322.94562796960395,99.41831774077612,15.120504669959656,3.0,0.0,92.10715953405457,0
352.6511211116151,121.68449580374403,16.345138878564192,4.0,0.12277971848625768,82.68295261187887,0
322.8201651090643,104.88269219911528,18.8058061988572,2.0,0.0,187.1938002244391,0
222.2327186975047,45.87245938355594,15.275365590490491,4.0,0.0,139.89060070471987,0
20.02537799158676,20.32256219263735,15.03197956114406,6.0,0.0,55.39516952567055,0
313.9494884721273,83.14333756443516,15.012919002826587,8.0,0.00967070560093175,68.03806189913871,0
48.90368679925888,1.5770501026177364,21.242273888558138,0.0,0.043318148413372226,120.18479424684583,0
28.976201076202706,17.739706988919863,20.611462124201765,1.0,0.0,138.33779701622728,0
100.32516799120026,90.50727568218818,19.08746459605726,11.0,0.0411299652857503,43.34074208572473,0
309.57386100734345,78.81648933811098,21.584829218418353,7.0,0.0,129.69237695360403,0
222.1829356491329,59.42755585834619,14.262688308811224,5.0,0.0,62.81300985638132,0
198.99734107527817,50.38778650858934,9.745650170475962,8.0,0.43203039922600295,2.485052505742793,0
97.17068602002178,5.3184677711416555,4.130712748263026,4.0,0.10510070930652521,135.61246271601644,1
172.66490801388812,26.580468643060353,7.688346732897479,8.0,0.16337632055423928,21.35616806900357,0
33.59657045319164,32.2387714600928,22.091177989958133,2.0,0.0,262.8981336303739,0
302.7027322448562,95.73832568200457,15.397016996902522,5.0,0.16228309455532725,91.75448313346229,0
36.43425413703455,42.878067422187996,17.880807870570294,5.0,0.4179399360550654,185.63451020103142,1
36.41537799867368,35.285855430403856,16.43613795547338,6.0,0.16044382430630239,0.3284304472714261,0
19.7098732231887,23.182671109505264,18.053602622246334,8.0,0.0,49.20028701848666,0
165.06913452979705,28.258734241964618,9.11255454262974,4.0,0.0,59.21323292007264,0
44.70385333370447,31.25060291615209,21.12892547084504,6.0,0.0,90.77073452277014,0
224.97863662827564,40.787016536907764,19.390280285421028,6.0,0.0,83.13497850378339,0
62.5747096133953,46.106840982554004,20.253465968115282,7.0,0.010536900616561873,50.06809036534159,0
78.63640152741289,84.86893386337526,17.265303558006877,9.0,0.4421342012671525,145.56769854940168,1
81.0937852876911,44.73020576217996,16.129908746210297,4.0,0.06687770242542834,41.307165434260504,0
145.417705120401,67.170652606453,25.56515905245824,7.0,0.1201364773031613,44.09323705573147,0
237.9939309651157,88.70192417030569,19.99747953100075,0.0,0.0,86.42470726337096,0
155.87625904332694,36.3579737790381,5.871161588814546,6.0,0.4423441632639604,17.932250700181456,0
295.4619520869675,86.14317724328237,22.148668766449454,4.0,0.0,111.19473373527141,0
239.89272649914747,35.377189205618144,16.138460701253052,8.0,0.0,93.43880247784432,0
286.69727555924857,90.46018562115009,23.333183473465382,1.0,0.0,144.31211145412777,0
239.39700245145002,81.71232540795921,15.727768031678307,2.0,0.10711829299485426,100.29266268440065,0
255.56727121189033,42.31352553872556,17.683527967549935,7.0,0.0,147.8842509159848,0
208.96234593938266,37.3664182120675,11.47215484885431,11.0,0.28961444373697853,9.42126003123672,0
5.442403905440713,3.528046816327482,15.768090253795549,2.0,0.0,69.07819722157666,0
139.94926044875572,63.255396190263184,9.138794969638948,8.0,0.0,85.73131173005466,1
97.49156068515238,0.5314840766928057,14.188759912581867,7.0,0.0,98.65323426165799,0
226.46985553035805,49.48857219378688,11.122143258256674,7.0,0.09727774582429821,55.603926734573164,0
290.4446224978577,40.72254743326425,15.509092146644171,12.0,0.0,54.36713328273291,0
23.056697625035028,8.73257240919208,8.940461148743049,3.0,0.0,40.33936889671524,0
111.98726563427775,94.05434758963042,14.174872917509004,4.0,1.0,101.36701490434626,1
9.335493084977315,17.714488112005576,20.06562579728452,5.0,0.0,44.20615286348859,0
110.09052818594706,89.09183854080571,14.935014597000821,7.0,0.7154341822171255,180.33803321418705,1
105.5060071489849,109.89302143160812,20.747564228107876,7.0,0.8609509745180353,99.645510367928,1
13.231649800416108,12.780670570071436,23.28974756148545,6.0,0.0,164.2561676189917,0
362.23792671793603,103.48064436894094,18.664549802472457,6.0,0.0,91.03642738994965,0
45.75106724126877,1.8472337149805895,7.650988563570904,3.0,0.0,81.47891566694705,0
197.9407596568696,28.55949532236054,7.1445498013242705,10.0,0.2382508172315173,5.9316047370005265,0
40.93357481937295,31.139458429995685,15.224501138640175,8.0,0.0,9.000831815879327,0
275.70331842440424,67.28978470514346,23.40003421172711,5.0,0.0,156.87817374203507,0
97.29966909965188,47.367034146771914,22.990785338381063,6.0,0.013841426907686416,80.75658067843196,0
35.048117435149024,6.682213471541374,22.583619563625042,7.0,0.0,171.07216011886635,0
97.49389126605507,7.943117039265367,9.506605759068744,7.0,0.0,24.670345968283407,0
39.33521174052879,42.19178081875275,3.916118036449757,7.0,0.0,64.05051181733694,1
37.314479809077724,11.298994148257488,11.559075103337404,1.0,0.0034322776552956347,51.497592596163884,0
104.39685556478645,22.722218788038816,26.047238565397258,3.0,0.05259433575669775,144.184861890685,0
9.607904099569808,28.966095505326948,16.923378493640932,6.0,0.0,52.9750230119038,0
154.61232957778725,117.33663577328073,16.767143651260408,9.0,0.6980733096033422,186.1576688873056,1
286.1526198951326,87.32240589735609,20.06909334880226,3.0,0.0,109.46440004425709,0
1.8178947339964253,46.128018302722325,19.617927003024644,10.0,0.0,40.05626277567245,0
265.78768540483213,73.04702253527208,15.37260933464062,6.0,0.0,80.66490290096661,0
326.68757416857306,91.83510816350918,22.02671070501947,7.0,0.0,108.46360200018398,0
55.81342197873829,50.140025837098264,3.318219544310084,5.0,0.0,63.99199504798709,1
236.87519512076096,77.22023470185849,7.967547019080284,3.0,0.2589459123577672,34.77214637868605,0
90.44119005991479,1.0889614784417603,18.006121494397245,6.0,0.0,88.54750382526453,0
446.64216446871086,127.85720279420264,26.058268602556193,4.0,0.0,232.39050515881536,0
356.66126345526374,96.64864355193995,22.78694092215054,6.0,0.0,150.53274888305276,0
133.14688565375124,108.80555578315335,15.766866365232154,2.0,1.0,76.19236344194493,1
210.9480906547988,65.15704745044755,13.940350051418225,3.0,0.10383712582846971,85.94699221042417,0
385.86765503658563,104.6909120880714,19.023830069115498,9.0,0.0,101.52704223296033,0
21.46880165621998,32.374917029667316,14.705682220844814,8.0,0.0,44.272094589022245,0
25.675054534617686,1.1850401042993752,21.117411920680617,2.0,0.0,166.56039426542773,0
248.28384814751564,42.145869617696874,12.197568391273778,10.0,0.0,52.53059083918697,0
23.258944493035173,24.13450092615085,19.3002110614489,8.0,0.0,58.501644826037335,0
408.09385999169916,139.03035624960285,22.91505589942211,3.0,0.0,147.46909610701354,0
210.7496409658313,30.948015218580665,6.622368467709766,3.0,0.12510503690307173,143.93845415958813,1
27.456955745242936,28.489802816922193,16.78680745921534,5.0,0.0,73.38107334172763,0
53.19234802610967,50.35462355298911,22.700778055326637,8.0,0.0,28.44181645373652,0
30.201971180216162,24.15437604251808,15.720898337375978,8.0,0.0,84.66401184755922,0
81.06297414512585,15.111648166575161,19.894261079073893,6.0,0.0,156.1035270625839,0
195.19551666223143,40.63520549516432,10.28101247554979,5.0,0.0,63.91253006421012,0
204.57491349399766,43.985688173566956,13.300199000590741,7.0,0.0638143968968502,30.65098037751372,0
36.061686820727054,22.352663911458166,13.59549747335589,7.0,0.0,39.29658267186663,0
159.577074542183,35.485263076881154,10.764328747760093,6.0,0.15102814433271144,0.3650468330525314,0
24.81917350578553,9.2201634054842,24.857729492866724,5.0,0.0,193.12852055295792,0
8.51777055256892,0.8660073799320109,14.864774094601016,3.0,0.0,146.88435476167706,0
389.37739091068136,122.33590301453094,29.69009550800996,2.0,0.0,198.0489487429768,0
406.63104766767873,100.18938856045884,24.47599510748157,7.0,0.0,201.842472859721,0
57.63861688345537,24.97896671139179,1.8459550502054434,5.0,0.0,80.66625197540345,1
329.98563223938515,122.18715624865865,15.353671086983638,2.0,0.15474025284147014,93.69554014910486,0
11.562251615282484,46.88728688739184,14.211028138028073,9.0,0.0,36.94469427996977,0
160.72601933970736,22.14377184581037,10.505422454134543,6.0,0.0,86.75864197359056,0
40.119947940123325,54.514114091965126,23.150540782919627,9.0,0.0,65.87485315698244,0
122.85871015150323,78.44317000179217,16.33063514513058,9.0,0.2694878184237565,9.850403804976917,0
273.17544777523347,73.98244586945921,15.08636489292531,5.0,0.0,101.89046341077102,0
289.31533170084356,64.14026112961197,17.32644727601923,7.0,0.0,117.36115895663524,0
62.172580042815525,4.720021795799919,22.471700404340734,7.0,0.0,164.4631273701122,1
362.497938007627,99.52906876447184,20.495900231878558,8.0,0.0,101.72272986730924,0
30.61780553126591,7.2236239706438035,22.53001656435284,4.0,0.0,198.4034463246627,0
13.522436271011252,11.820365692890036,20.084951596001886,2.0,0.0,172.6885187888194,0
281.55406025240706,70.19472124380118,11.752893695136912,7.0,0.04877605719782341,64.98225264409277,0
111.06041193119023,17.364663067220775,4.686308229590555,7.0,0.0,98.12545918754539,1
41.69613467462225,19.459214292586783,21.893896247835187,3.0,0.0,212.4142969392942,0
189.61497860882892,14.823474340681901,3.8978790905006955,6.0,0.0,157.6157435777958,1
270.25742301945047,33.49146620838744,16.078058141825643,10.0,0.0,126.06768051559709,0
282.2182534659694,61.931450673291124,19.936083823756583,8.0,0.0,127.90787769155156,0
352.4655519446358,111.47577369037784,21.837407898932994,5.0,0.0,129.7938809223358,0
279.7846549504158,66.94201196222397,19.670302608796234,8.0,0.0,88.62848145839673,0
119.89936634608824,10.004074750316754,7.901027964930687,1.0,0.0,79.42762820869646,1
36.49841067475694,20.552734333688193,16.421008896945743,4.0,0.0,122.1531750039573,0
43.12480863690462,31.36740705115347,8.195998271025024,7.0,0.0,46.25815306292657,0
471.26059828435285,149.28318008881593,18.65170111859924,7.0,0.0,129.58069363368935,0
301.56529273327783,90.65819279199965,16.171043477408972,5.0,0.02898005411646143,86.36809571334464,0
245.86168102352386,62.66724721300698,11.660384719151736,5.0,0.0,77.79380557930955,0
239.15521466792825,65.85940163632962,17.1434691970155,4.0,0.0,133.10924009969216,0
165.88418721559998,47.44679537009161,9.639005719145274,1.0,0.0,72.87942640030931,0
297.95594807842804,74.1985543998614,22.031946119851817,5.0,0.0,166.16378116044368,0
32.255268124834416,43.10465342523791,20.91942691174478,8.0,0.0,101.16921376522781,0
75.48123007554231,1.9813478254472194,7.88966242953204,4.0,0.0,83.60801405723385,0
66.2092711501216,22.110404718245253,16.446217103764905,3.0,0.0,149.41673421254654,0
126.08826923408839,19.19555219883769,3.4817544503238587,8.0,0.0,119.38527152204273,0
25.21302133483144,16.21781120825225,20.008040017562152,4.0,0.0,140.7160929198045,0
2.6835642727896953,6.83340584346049,21.522624487669198,5.0,0.0,205.39131692923837,0
133.35751658535128,14.692695069760035,4.858842119875609,7.0,0.0,132.70484212285876,1
44.98429120965969,5.647133093597706,17.820297872669087,5.0,0.0,223.19265025838484,0
241.54420403311428,73.35878775998958,13.703920134997988,3.0,0.0,44.40631467864033,0
39.47906439134823,42.61134832992995,11.501517550888426,9.0,0.0,77.50691901427186,0
371.0740451095293,87.92585869761602,19.28828853221229,8.0,0.0,138.23536264781174,0
253.84011848972173,44.429128431292604,17.48537314422031,10.0,0.0,109.55188634861341,0
215.81143419809848,52.72211452352485,13.23319128315107,6.0,0.0,34.419154716362435,0
332.30605011737885,107.26728621087275,19.22874438669373,5.0,0.08889289998715022,118.36374169480038,0
365.23201024529504,108.70430279178912,20.16852348966639,5.0,0.0,118.87586019894684,0
386.253835604751,113.8026141814283,24.902807341993846,5.0,0.0,170.33717820829568,0
221.88434813628172,40.552225801457645,18.323224842429433,7.0,0.0,103.12276615306325,0
345.9285470570134,88.03372656975107,25.391607305060454,6.0,0.0,165.58092613224852,0
193.62951522732226,58.6045843037124,12.037514666277826,3.0,0.09330773252657865,42.0442886454856,0
39.5426801831335,39.32566105661135,21.307490774709464,11.0,0.0,16.616529950514032,0
14.593003160596439,16.938604850201948,16.534001534895918,6.0,0.0,40.58591466472508,0
0.6101650773728835,30.963886883002644,21.50331143000811,8.0,0.0,99.0631551306192,0
48.170324111828755,0.5407767636877097,22.066151728788935,6.0,0.0,161.84702397995497,0
19.000652352675196,24.782000993960622,17.72785644280978,7.0,0.0,6.669968866638243,0
343.0407220669437,98.98015970641745,20.266356304054565,3.0,0.0,169.64546049212566,0
295.64510608134947,78.05646958056265,25.022431625006345,3.0,0.0,184.72716128108175,0
439.49369151460763,115.98543596228242,27.14529406112459,4.0,0.0,243.78144780346489,0
106.75310883284868,21.008720812869246,13.544308210160018,3.0,0.0,127.37530804741684,0
140.22749351439944,33.98752056063265,6.31737922077062,7.0,0.5950739590881524,36.79567034366485,0
368.1728562134011,137.25988635562226,18.945016366337597,4.0,0.2710970155040608,60.117441494791926,0
2.353283310513376,41.555153390017395,21.08917365093131,3.0,0.7309445240164671,96.63109788976968,1
301.45417107672495,117.47818250778224,19.48495624154768,3.0,0.34696306934873833,113.55371671343025,0
283.77808142549395,61.56380768330571,12.576889955687466,10.0,0.1064896896796303,74.94652907485431,0
48.56493289714916,34.36736909792346,14.54853611600171,10.0,0.0,22.02718907693166,0
324.701153861701,94.1344963090473,21.872931959521296,5.0,0.0,128.43862948123154,0
253.4335026521928,69.71539986704384,15.785066408657928,4.0,0.0,86.50286970718645,0
73.92795200418351,29.54969107469735,15.361192117875852,3.0,0.1046950424973544,81.8577450774916,0
47.771593987630084,34.026773626143125,27.228727107767114,8.0,0.0,105.3778712571979,0
78.96363828269773,12.239568667494108,11.494661978090459,3.0,0.0,102.30237766741115,0
57.4994913684927,31.059276765878607,11.172535351225372,2.0,0.3579017533218465,72.29672312425343,0
207.2007315337175,52.296115539647694,10.49243079725897,6.0,0.21790147627707884,72.17308266973549,0
174.27637314023593,25.162410106512,14.656410924560706,8.0,0.0,54.07953726691229,0
306.5479325832421,82.01765597966076,12.630362521888618,9.0,0.248289010589269,48.04233298034491,0
160.58754852999985,13.13657905574496,2.4961152220245015,5.0,0.0,101.74450069396065,1
224.9005383329324,72.17458215433865,12.431559052606953,3.0,0.09542313420946402,46.203011910625364,0
159.99400353687705,45.54634625778901,6.660035956534832,5.0,0.47131134306005695,22.118323742988075,0
71.69531891627574,55.95397312478247,10.210457512808485,3.0,1.0,33.010219950286775,1
60.529060583142325,76.89974025473546,26.902703231947516,13.0,0.0,39.06228567973645,0
14.994066017894056,6.665581308616694,20.18467230201176,3.0,0.0,143.2461407349303,0
10.054719685336593,1.9518936439511876,13.994951579770627,3.0,0.0,124.33774947582404,0
408.9662757763093,103.69601769147113,28.985100927120108,8.0,0.0,157.91007875244276,0
49.1249239336143,31.43813536408323,23.446256018204842,7.0,0.0,150.77595888275044,0
359.1378596897749,98.97683937251564,20.308606804771003,6.0,0.0,110.91808232040911,0
35.061750046623445,27.63248851010691,22.555732263319275,6.0,0.0,117.6996331650013,0
106.22343025129061,34.4792557940562,24.02098661878597,3.0,0.1845693329019611,38.6700663256341,0
41.355386644128664,8.54810969108253,7.036771917552789,3.0,0.024719616689277635,21.141002059737453,0
65.11062401045817,42.44320357007609,23.641947053131197,6.0,0.0,111.50068261103421,0
363.42172657422805,116.1876622598574,18.434096469715477,3.0,0.0,141.4065463444776,0
49.90715548011747,1.6195576147626234,16.728498656973205,5.0,0.0,111.58949295868621,0
12.982447664103226,15.461249731329417,20.3175510466878,5.0,0.0,122.55633844850223,0
393.1590210183329,127.7705255195162,23.115122783915982,3.0,0.0,160.77308671584262,0
235.81399642275042,56.908903592615786,14.864740689493043,9.0,0.20242244623543454,37.42609064739688,0
144.60275520114897,20.970915141162678,13.00846977502358,6.0,0.0,42.61214483387267,0
62.21000834413418,27.419848438126152,7.441952603118601,7.0,0.0,19.908885378965557,0
166.78132822479316,45.33517032707813,12.099080314626175,7.0,0.4572517708983447,27.00394483188437,0
259.901911866977,56.874964953994564,8.857098553427527,10.0,0.3272183215342436,22.036273553990515,0
334.6985502296993,91.40552770628321,15.024824303339287,9.0,0.10280875125005595,55.28948556850898,0
19.790242552639697,30.256944314817233,17.757039926730904,6.0,0.0,90.07646751447753,0
348.6029015214213,141.73342311958376,21.37875713841213,0.0,0.0011813398614046178,108.22019767430645,0
290.34174875335464,87.54938072746188,19.524427815600948,2.0,0.0,144.43711772981624,0
264.390432105672,39.97019529537924,19.752498259945973,8.0,0.0,124.22286346094626,0
292.0968782397997,83.993608229892,21.3180064116772,5.0,0.0,111.65882749606112,0
95.8577749162022,14.244706167309062,14.433103140308756,9.0,0.0,12.701169840298565,0
436.56294681017084,118.3290873190326,23.810292766026063,9.0,0.0,150.77287431427763,0
8.273658182894195,30.696087980113873,9.466767067000264,6.0,0.0,26.819505840656916,0
255.76702698446678,62.143437428462136,14.611606053254864,5.0,0.0,108.36086298596909,0
221.021952995985,81.88444053400528,16.928306294088376,0.0,0.0,67.39081981798628,0
82.10851464817188,83.20282294100424,24.966447715677283,3.0,1.0,45.97983386798447,1
187.52599492303747,30.29003025929912,14.758476858911013,5.0,0.0,90.9033443661278,0
107.18973483672153,31.718812084877072,22.56779504477288,4.0,0.17485002259386156,125.35115049870655,0
23.78728914148568,10.73215560140726,21.126158689014925,3.0,0.0,162.5662671161071,0
67.75153153233416,46.84319800500808,18.623002779492175,6.0,0.0,53.73262728638876,0
47.5906760811164,43.78952223377483,14.086420605840654,6.0,0.10814047688080203,11.843245048486146,0
126.38992505941306,28.08703258649433,2.356814325453561,1.0,0.23674849557205813,110.42229901799982,1
333.7148584389341,103.22982042936869,17.79072487304887,4.0,0.0,101.84542937844694,0
84.37909735930057,77.25814944481554,15.207698229807061,3.0,1.0,121.1666119110592,1
354.31925072456505,74.98588830022777,19.2995690329833,11.0,0.0,119.14534859108016,0
151.61750554544867,12.100379525081301,10.237169071023347,10.0,0.1762198669924202,27.407067829763925,0
254.51232253495354,75.57251017644974,14.318447143630507,6.0,0.15954726702414618,35.19010479726618,0
338.2937589235001,101.0870755466114,17.4644656597873,7.0,0.07375352412541841,91.23851546065262,0
388.20391800488363,100.59332935195354,28.03184862253336,3.0,0.0,204.19495423869466,0
66.60388010607159,29.36612822745809,22.813299675499724,5.0,0.0,139.83592866050094,0
112.81787565686467,6.5081535584275905,17.13111841010194,7.0,0.0,155.51682460690742,0
47.92644345691694,22.37884392321215,18.048167320478477,3.0,0.0,208.59862173359303,0
16.67479096923004,66.23489489994384,14.817501488360236,13.0,0.0,73.68097362707715,0
421.2147301981216,102.89593823587374,20.86546921446325,9.0,0.0,154.63650760954334,0
277.95663622223014,56.16652745717618,24.8161764061559,8.0,0.0,130.75089311403158,0
320.7285598586151,90.65704388803272,18.744210450098393,6.0,0.0,116.27996427763817,0
28.6957363221605,24.638488884735487,10.043618175118315,6.0,0.0,19.9252379521746,0
281.0237801976955,13.357176069983076,11.088137597272457,9.0,0.0,136.13624357923052,1
22.078371961461713,38.717342826361445,22.424229483511127,9.0,0.0,143.4990739310599,0
268.4101704948454,68.10780706037488,15.675497649811613,7.0,0.0,93.80210501693944,0
275.654051190714,53.2580810168637,6.61320932605126,9.0,0.07564224034480133,68.85078522305132,0
24.457664692680616,14.599403068092883,20.91576698416313,7.0,0.0,85.4596211162303,0
280.0083477869167,56.29785496392764,21.945422763094758,8.0,0.0,112.43491590602217,0
272.941438270024,93.37415958980861,15.745174885290767,3.0,0.10632039393669107,100.57844978439057,0
222.10106194444856,45.90395374379689,17.180794451826713,6.0,0.0,95.92992935274887,0
32.04938616489053,6.242056215198957,25.524765701359836,8.0,0.0,155.62291107480434,0
99.54119311500028,54.968283362136376,18.53239586960565,7.0,0.07499357626491421,112.51022036970517,0
51.76503345318635,21.81838408985189,15.999594238889477,3.0,0.19013790557331406,59.4926329847132,0
277.6394293877686,73.18626160329057,17.60016575272144,6.0,0.0,65.53006894489742,0
91.29244966150486,29.69180636107354,19.438853805661438,2.0,0.2451109492257117,19.843911950940097,0
276.4753126990886,81.52761389390253,19.61324030170217,3.0,0.0,119.40287141628528,0
366.2132088029987,108.77622641012306,30.6639971682468,3.0,0.0,238.41993050987276,0
377.1523620285091,122.5719488898141,28.726902690129748,2.0,0.0,209.79470348373707,0
126.53501001190858,34.998163606933076,1.709068655225602,3.0,0.4101236392572426,5.917199791425851,0
269.4600203921967,86.5859874912642,18.046591568641226,5.0,0.014358207430257508,57.93743679621657,0
218.40778040705194,23.272145044278034,6.622668964348242,9.0,0.21618916612015843,172.56026371521926,1
126.8741367015165,30.184752887132547,3.141597291969749,10.0,0.0,93.16346428767471,0
42.77797647633814,43.64265003974327,20.699158013561135,7.0,0.0,79.6005883622545,0
259.2289714696372,67.13149887732939,7.396868210122616,8.0,0.35179591807295396,20.94800214360209,0
120.57410480721624,4.650445586727972,27.816402783446236,12.0,0.0,209.26477030084413,0
38.51566386509322,21.80967705593055,14.21511533354207,6.0,0.0,39.94719398089298,0
381.6280890112956,81.61639436227821,19.111109265629217,13.0,0.0,120.75997216335617,0
258.3401961178089,108.59954997509826,19.203041501069485,2.0,0.0,92.34699120301255,0
30.112262396117757,71.0340441990117,15.463982975270003,12.0,0.0,18.361651271755733,0
173.06328459705273,79.07696528577951,19.0195850490974,5.0,0.3346840352153081,60.54559929434262,0
224.51702797193397,55.41977974301162,12.902731219296536,6.0,0.07301493007944321,53.63287175044576,0
304.6092057478346,110.06333938543399,10.924317416079226,6.0,0.6178498164911349,21.293398844867415,0
285.8824556514304,76.65426414036278,18.292549479228548,6.0,0.0,100.94608239548747,0
171.03148073504147,3.4778965049253863,7.636809564910013,3.0,0.0,108.6466169074633,1
261.54646863096224,75.56901814087796,9.165850984941626,5.0,0.2571590053457406,74.92283140704666,0
241.7111458212596,73.47970312841176,13.536655636797132,2.0,0.0,83.09333414307724,0
31.303790270927735,4.26451218102126,17.254093925320475,1.0,0.0,161.9710916069462,0
243.51657469920946,36.15203890383753,16.580734286029326,9.0,0.0,110.18930520531885,0
1.4953782839107106,7.8794218957716,11.33376090355247,2.0,0.03405158456659385,39.10449838653121,0
43.07655777084382,44.21076817456159,24.818848081906733,9.0,0.0,69.24708903615469,0
124.27405866554332,3.3179456516885892,11.882351828425808,8.0,0.0,78.56743414818399,0
103.9618827311916,67.19933205379931,12.574077205141943,6.0,0.10801122763044319,6.013413932968827,0
66.60373239664631,60.16136272556879,14.02705527298361,7.0,0.2019383302980125,51.4696213122201,0
291.5613492202805,87.7358977592344,18.183416123547488,4.0,0.0,107.42367351053079,0
258.1547130366514,57.23584456802661,17.08622406566503,7.0,0.0,104.58512056711314,0
254.63147856244697,83.62706953445887,21.08475053672544,3.0,0.0,112.15262233175325,0
79.88787578921547,10.053161161994382,9.04898448802744,7.0,0.0,50.20186485704077,0
311.27314831401793,103.16258905829503,21.237056733913647,3.0,0.0,119.30719551547452,0
233.89821964201852,67.19113035823881,12.647344521907915,4.0,0.09015473421501563,85.40507102524333,0
5.543718554223432,23.972038330194906,10.49088016022353,4.0,0.004473825533366282,52.74377922677804,0
7.230992660001405,31.656018786458446,18.42856747975785,8.0,0.0,74.15035639946458,0
72.56707740099999,54.061179604057365,19.657359619654557,0.0,0.8201430245991244,117.11675786329081,1
106.21471705241518,105.56642297205961,16.02488759880478,6.0,1.0,76.73936537035816,1
21.5920102639178,18.21653215105694,10.657099473742692,2.0,0.02329658330497275,67.5761645789683,0
71.86389521361158,64.02778977383532,22.386077320964063,10.0,0.0,72.61920337885189,0
400.5876596562256,109.57595345534132,22.926692792533622,6.0,0.0,178.3624308148481,0
88.87654337475004,23.742976029109364,2.3953467868170044,6.0,0.08359300448508811,134.03451705525526,0
32.76021358557637,1.887846019309439,15.406850842120102,4.0,0.0,105.38337414883787,0
422.2780713315805,109.71326568895725,27.6174187558379,6.0,0.0,223.6705892992763,0
269.9259243511831,37.22266395026395,6.905484994429983,2.0,0.0,117.71004318755666,1
70.9708390756075,14.100606048785899,18.700875987581533,5.0,0.0,184.56771840166925,0
95.01642967282183,46.44662692156669,14.97699966951443,0.0,0.0,245.0566710929096,0
48.54579569166866,4.388937697557452,30.604015394609483,4.0,0.0,209.25207049264188,0
262.4963253624909,105.60158384390851,15.882029318532267,1.0,0.024291268025489587,67.4015245171287,0
64.47694667277065,13.026366637500864,17.69021056065789,3.0,0.16030697993631832,156.7687765159406,0
95.3364797838524,13.837578030223533,12.938366559150415,5.0,0.0,128.42904646269335,0
63.145518477755786,61.346376567212815,25.6464899135348,11.0,0.0,52.373554777780306,0
128.59203595411998,25.667754097682163,12.425481018201276,4.0,0.0,103.4183078149697,0
244.3406199096619,75.7618708363313,12.05523062672987,6.0,0.2761644194083662,13.961418886767234,0
122.66415618394501,31.228902745189288,21.164378568268134,1.0,0.17562131720857999,91.6990278233635,0
155.21969967210612,10.04233587631731,5.971096443156943,9.0,0.0,15.605998541279309,0
73.07464608903882,13.499924907144191,7.151499422642914,6.0,0.0,21.169759627262003,0
26.532521782780606,12.810590041486535,9.905151641000277,1.0,0.0,173.86411484659178,0
136.75034029376224,44.56812644522639,16.29102734643494,3.0,0.0,204.69913343153428,0
271.6528033105038,87.67373956485429,12.267980632196094,3.0,0.15089579856927088,88.35283854197311,0
34.20899664332501,6.915905896560822,24.95745747999718,8.0,0.0,124.33063016314878,0
2.6756966992422377,37.54264582082668,10.412573480615013,6.0,0.09107976601093187,80.6724178558849,0
59.715764729425445,32.53866923231157,8.24222525764348,0.0,0.0,67.14908038014188,1
6.354788971485391,40.81470502429718,21.19782449604944,4.0,0.5315148230939496,115.16045638917994,1
201.95865151958674,93.96078473742755,23.766828484763572,7.0,0.2016653696880456,14.818884476592622,0
232.83556120688903,35.26806059703554,19.55781733632579,9.0,0.0,81.59185966127171,0
332.630992891686,99.12877080572324,24.65287739073934,3.0,0.0,148.66170261835887,0
40.1464084009375,15.076569360419413,15.965422657684051,7.0,0.0,126.16111694840902,0
35.15278602859495,14.123391142956663,15.885891698242018,6.0,0.0,36.92982651699812,0
92.16805176347322,69.49590544008899,19.124600928375944,9.0,0.01868849026684216,27.560773518223023,0
195.90338159365962,37.799968731148155,13.702958480207148,6.0,0.0,159.95788605607228,0
118.6098738038213,14.671197801055314,1.7757314355837543,6.0,0.0,123.02978861728113,1
117.0019581398789,67.74438531712349,28.035068633299314,9.0,0.025410894660786165,37.17990062070938,0
238.2676626890298,58.2192431620565,14.455195473210825,6.0,0.0,57.59740767068131,0
229.72440149810998,57.061174221206144,9.311188260348278,7.0,0.22932448227558622,38.38117137084804,0
69.77150747796335,26.80586619026934,24.292824726520628,4.0,0.0,98.77176970523351,0
90.91043166337653,64.31875198792537,9.858449119478813,5.0,0.3344218566244117,96.22080100074771,0
18.160481317837608,9.921523075740481,18.30698817220433,6.0,0.0,126.76209909252339,0
6.860036968567911,6.379043673549681,19.957981907811924,2.0,0.0,121.6743288816146,0
98.07075653671768,58.741424307637715,13.508996584967141,5.0,0.1082511417249854,23.750175338602766,0
291.6378308149666,53.37572619102852,22.152351445334446,9.0,0.0,109.06856168054013,0
111.7640643648553,16.73289886433615,14.558926035993984,10.0,0.0,34.409302838447175,0
366.10706662410104,84.26233386060414,20.61172904182208,12.0,0.0,89.40135128845078,0
272.3764774750388,86.17816766283141,17.76570816918961,1.0,0.0,165.48433763759692,0
98.68630632363656,47.72063024570967,24.88508621347099,6.0,0.0,104.52562592567037,0
279.45837614983657,59.66288592098611,12.755400892668186,8.0,0.0,87.67473022896655,0
86.93200107208955,57.85131748109822,18.90827982061127,8.0,0.0926321728517403,42.98694795138174,0
159.03819889216123,17.988382879834155,12.05171499064527,7.0,0.0,150.62022714162765,0
349.17661727467595,100.25382297933075,22.150984901602072,7.0,0.0,92.33318496446802,0
320.55689615280016,98.21083927529938,9.821471233574881,5.0,0.1511517679293975,66.19395342946018,0
31.710852699382222,1.2566440602166153,16.914797508239438,4.0,0.0,104.97885089709762,0
60.9331103165578,11.74811336805407,15.026282703799327,3.0,0.0,66.61564403837856,0
314.86849069090647,73.48269134009635,15.22262244660925,10.0,0.002581872361247628,91.12957726213497,0
191.69838370973042,33.55041606699878,19.257555435209962,5.0,0.0,107.67185229559104,0
524.6888682651988,153.6216681337549,30.33962870824,4.0,0.0,259.53631771556513,0
60.49146905481126,58.209871771519744,15.448839848353263,7.0,0.02585130850595474,37.845883445185095,0
68.68192145782938,23.04616120894424,21.659252645336764,11.0,0.0,100.46548559199549,0
143.75334008424028,4.191798391439008,5.447003935499184,7.0,0.2121984399433347,140.31976381035747,1
89.3545667506442,0.9824932522197187,15.663618804749007,7.0,0.0,89.13290333543708,0
271.6969721798048,96.34826704427061,13.719519802610343,2.0,0.16290067361976834,67.55846984886888,0
127.42522077822812,26.48619594197612,15.52122136211131,5.0,0.0,103.36054948818267,0
2.794919514193623,16.533664566329023,16.0243958801981,4.0,0.0,105.24799442465826,0
132.475376351531,65.5507042229122,15.710507372718588,5.0,0.27326336913264065,3.991139760082918,0
358.6466017553413,100.24257378851351,23.28230215560162,5.0,0.0,176.7793358598084,0
280.1240273308331,68.44735509884703,16.380082934439663,4.0,0.0,126.21215948544628,0
280.88857371737106,81.62131336743701,23.1452570864937,1.0,0.0,200.39306435415222,0
348.66746398316434,97.0105887385369,21.83124641076533,4.0,0.0,182.47953253220672,0
11.030356539612129,35.02176843159803,16.72273788633383,8.0,0.0,38.10258007130153,0
60.67569967051932,33.72007573434314,19.536326720695705,5.0,0.015305470746076966,48.48660190988017,0
425.4310154289616,109.88987919170589,22.211374939307976,6.0,0.0,227.27643011603564,0
2.2043553596624292,33.65599553561013,21.31342714446484,9.0,0.0,45.02555618987006,0
214.4971837059721,31.074949263352238,3.4804659853224607,10.0,0.549907550035762,134.92419678540594,1
150.91891670605753,54.62114151798771,22.337475404592478,4.0,0.24828119098297863,71.95493119707636,0
78.51575864152557,21.947864065951975,14.561050320574529,0.0,0.11385882476746201,75.25517331847556,0
366.61296906260577,112.79556886280724,17.64570055616346,5.0,0.0,80.44360992383325,0
3.294253150215411,24.388789908688615,18.06107721942667,7.0,0.0,91.20391997810607,0
20.77858384293947,18.034313982924086,1.3740576433296,2.0,0.9603593491718522,69.28632778911921,0
56.998455900541586,28.872210952192034,17.614900287256134,4.0,0.08207780482920501,68.8967647557881,0
101.6514567569696,19.27148543796862,9.50011518736336,9.0,0.0,18.961167186254038,0
52.67989909344058,20.78278213098401,6.283022061539085,8.0,0.4112262923079034,93.65883720294606,1
176.5751168461273,53.86463752371182,12.921290785959686,4.0,0.19185095310459094,51.331386622670756,0
61.35660063960919,12.702698377613014,17.994941570370372,4.0,0.0,182.4046275945902,0
290.57571854193617,75.58760374717704,18.76576333194168,3.0,0.0,186.77847133709412,0
84.3423225561935,3.455070141772076,10.839140573708235,5.0,0.0,11.150627245603193,0
81.25148419059934,64.65515984119006,16.59882809637518,8.0,0.025403576005568973,20.89818073203464,0
118.43645420950037,65.50359784951162,24.009962721064742,7.0,0.159361858260193,32.6508641750317,0
20.916734775448987,48.231284966276746,13.296052309315314,9.0,0.0,54.64118231106401,0
40.56389429100736,63.1302044529933,19.04290590951217,10.0,0.0,7.714317906737406,0
27.014296028234817,52.961018198014585,22.503650102819236,3.0,0.7330511212353099,113.76346243480897,1
83.48911227457108,1.0914914275416976,10.535911805072928,5.0,0.0,71.84081627682744,0
345.34758227527374,116.45193142547534,17.631139867285157,3.0,0.0,86.05066285072874,0
104.84466015009139,42.086208187225935,5.259868171766989,8.0,0.0,86.6954184831582,1
260.26184191336324,57.90096384189184,17.433639874217228,7.0,0.0,119.36655543613637,0
391.6494073133402,102.29642999474295,18.172104039332975,9.0,0.0,80.17515859647274,0
90.07338366424828,102.55436144926715,27.428341601115367,2.0,1.0,18.11034837886119,1
311.68530688927035,97.34702562000203,16.403937805280336,5.0,0.01227037929434327,70.83657379008174,0
338.01500736952465,105.99783218284215,19.187986132422836,4.0,0.0,101.72170710153053,0
288.7558750830941,89.48772808519763,22.408896346790563,2.0,0.0,154.7888272254036,0
93.67197074309492,1.2660292962531194,12.594650415433243,6.0,0.0,5.253695164402945,0
327.5307003513867,77.73618574200299,19.708458222793055,8.0,0.0,130.05318003207765,0
283.15025453649713,43.85226081129749,27.002558778792917,8.0,0.0,185.76223220418925,0
285.50161119989036,60.87852802491487,22.03447348292325,7.0,0.0,148.2282721144571,0
243.72783049313202,68.85283590996066,12.889966232551163,3.0,0.04970248301053859,135.43661967950595,0
229.24300024448482,35.3163750464994,16.643650117204643,7.0,0.0,130.17468847305716,0
85.12640537053034,68.53770528324127,19.29368409352513,9.0,0.0,38.82297032268749,0
70.79171744644924,75.66241989634777,13.220346079647719,5.0,0.9249203648319506,98.8438604374276,1
266.66048891739433,76.16509776130155,12.011761118599894,7.0,0.2604337124645406,59.81596583612308,0
123.23540227508295,43.91532297247507,33.97015479931248,7.0,0.0,151.14350085268367,0
274.9318306460734,72.3913543441648,23.062986323798565,5.0,0.0,142.75972303838483,0
174.5291336288659,38.780825609707335,13.98483644163946,4.0,0.0,61.59183933298125,0
37.655926875045665,6.4402272690836355,12.065358525085166,5.0,0.0,115.20155946056902,0
275.80174056626345,80.28134450608002,21.285809420816555,4.0,0.0,125.54277424072376,0
389.23263876571974,106.97702488941998,21.723629723231788,6.0,0.0,153.2386441750295,0
379.89663895300293,133.01259235468876,19.09109428213371,3.0,0.0,125.22132326142987,0
103.44787784230328,7.756244724857204,7.177096087983745,10.0,0.2585930680041877,5.344487873708488,0
279.03669977106244,92.09927776324565,16.191915763632625,2.0,0.0,101.71906904875975,0
11.990184442583953,1.8675303778365375,17.055798829598952,4.0,0.0,164.53177141723313,0
267.94508871466826,78.73378986091534,13.286441965681473,5.0,0.0754861830622508,67.95226257331113,0
205.08165293144177,94.83649129237044,12.759434962131248,2.0,0.29323310544306425,70.61225885769903,0
13.634302678935349,27.186807985496834,13.732579901559445,6.0,0.0,28.859328370643933,0
7.22177842442953,2.1181634743950255,12.035717113876963,2.0,0.08014188470492284,116.79012195711253,0
24.546544964685147,15.777923760823526,21.835576255195722,7.0,0.0,139.05620282281714,0
102.31329423181248,7.388070093734477,13.193063091508613,6.0,0.0,126.11483483136846,0
90.52456493651768,17.400670070216705,20.640711886623208,5.0,0.0,134.4951376308015,0
416.8491460089288,117.25679067640463,17.830265734967753,8.0,0.0,89.29573915954809,0
218.3247813034128,50.72545515748428,6.764896447027892,5.0,0.08835883293065094,42.733576425595956,0
305.06227777144727,77.43422807786197,16.433581326141237,5.0,0.0,122.94127870076429,0
424.3273171893053,121.12178729419148,30.317699217378788,5.0,0.0,206.3631166796175,0
286.8008105905293,74.21499876831219,19.870957850773877,5.0,0.0,158.04629910283947,0
319.28537871689787,88.6136567055769,23.100187780695872,4.0,0.0,146.78822573895405,0
102.1010237345061,12.089304704423036,5.197450488945076,3.0,0.0,50.072094775468784,0
198.9460927567139,52.065824985506346,7.7067339277489175,6.0,0.34358108024813894,22.762929259929308,0
236.05921869426598,72.11262737161576,15.608942454299061,4.0,0.040870389397966556,78.75207227530302,0
36.40000785291297,44.97303346684142,22.400307765623683,0.0,0.0,212.3428845858769,0
223.42659753124676,47.94765024942754,17.849427826577468,6.0,0.0,83.6530018136521,0
209.0792372369894,44.267958869029144,15.442977056465637,5.0,0.0,88.03335323422002,0
401.8513798744007,123.25790420401009,25.967717506425814,6.0,0.0,142.82658126949502,0
49.68011721978783,13.347559647960175,18.382370128591337,8.0,0.0,97.63820605006659,0
290.3376970684824,79.60334544707408,15.432911977447281,6.0,0.006019220672489944,98.74603320755726,0
197.51695218825523,42.442610330718615,19.501424185533175,6.0,0.0,61.91805017497142,0
424.5146486542419,126.28889162444793,34.42956971264677,2.0,0.0,291.69943682007,0
54.19042508377501,30.240889491030423,16.11643862853424,10.0,0.0,12.197144294996942,0
108.95539647676836,17.459209884329383,6.951024129460906,8.0,0.0,3.2814350439491147,0
119.01804953555984,16.954649248439587,13.006078607651455,5.0,0.0,81.08431370599574,0
14.510294984846723,20.98296769552615,22.19916675075153,6.0,0.0,124.29056850271778,0
340.90367702686444,92.40161578886742,16.61753295652649,8.0,0.06922738094883318,104.91831059690723,0
18.16971690025332,8.645070898584642,22.720205532555052,6.0,0.0,153.76188463217832,0
240.869471894113,67.76546567215146,9.977831271955475,6.0,0.3171795330690891,29.933514411683664,0
309.07390374655347,88.09899359644433,17.363641060796635,6.0,0.0,117.43933873024855,0
136.44016093276235,15.972550734313096,5.2160282330093946,5.0,0.0,96.76406259198586,0
81.08523767509067,29.940025076112875,19.205265286019944,2.0,0.08187019723433014,38.89225258630714,0
40.3872836142066,75.55325967463266,18.915166179842082,6.0,0.877405325270823,104.81478104454413,1
27.38885638279274,41.80172246303033,14.02530357775768,5.0,0.0,42.99673118057125,0
345.92561367432205,109.1014857380031,22.320934900108078,2.0,0.0,175.71203402056082,0
67.85475266890457,17.868924255959662,16.395036544991484,8.0,0.0,21.557439948506463,0
238.29750756066136,46.975734096302,14.392288210708706,9.0,0.0,74.14298982484497,0
355.6689409112677,87.70464241262546,24.81810502345352,5.0,0.0,196.55943913374142,0
41.42324677277682,31.1732889154909,26.025540902346265,7.0,0.0,138.3443557831438,0
48.45728239778856,5.577002104839082,17.897116013755696,4.0,0.0,106.9900270063807,0
247.6612638783668,60.45243394073491,12.355747263717682,6.0,0.018623487286928697,79.55806068802397,0
26.864422836138488,10.152557621520081,19.224401694901374,3.0,0.0,177.77635888239413,0
300.5400564058896,92.03771865666947,16.76120826441131,7.0,0.23233638866006573,46.21967149123012,0
30.07763710482785,23.465973739352954,20.97012854138135,8.0,0.0,52.039659912082996,0
167.6271613062912,2.2999456759905073,0.96114562917397,7.0,0.0,105.26825571683884,1
291.7613751904181,64.59173548006547,15.668825816117229,8.0,0.0,84.40882607632933,0
66.2513464869377,28.382293309281707,7.528119645294831,8.0,0.0,7.709000651134854,0
20.029360291703668,16.235514529215642,14.13256000992997,3.0,0.09415346787576828,38.866016796377494,0
216.9278858665749,74.2762833355796,18.82646372036737,1.0,0.0,76.99538983735377,0
43.098647054846296,13.737556740909831,22.10986154391903,3.0,0.0,128.02432863029446,0
276.72668001507833,63.00732019183725,7.7031228420696145,8.0,0.08648905163890286,41.96686908535251,0
86.18130119406838,20.49109909918976,7.300332704031982,7.0,0.0,8.89177281773204,0
123.09446714720097,47.80799346080748,1.8644847208592648,11.0,0.0,120.04879707231089,1
223.8732623844424,57.12411216212145,13.296082365744303,4.0,0.0,92.48264416663204,0
289.129898826386,98.29492744653427,17.317728322184543,4.0,0.07467208300293304,85.87223892466375,0
127.64049311688399,108.26650316216266,20.202015632123683,9.0,0.5276226221171396,158.599733217097,1
389.6503808544272,106.00550583600796,26.303417557088338,7.0,0.0,189.01325103886165,0
22.594408357077874,48.17659258256542,13.723759154045911,10.0,0.0,25.757858465810806,0
172.4380773993904,116.94005548953439,8.829535473979341,10.0,0.6823839876183069,204.84252577196378,1
22.628271456172357,25.100462759550062,14.188044076586312,4.0,0.0,86.97422557707671,0
349.81617791725506,118.7915476324372,20.962957753570066,5.0,0.0,98.45514120438716,0
42.21523516324935,9.350194314879833,9.560665565196473,2.0,0.0,140.89616442502899,0
147.69835235974182,0.9324202558244536,9.85818096867916,8.0,0.0,48.06255929195471,0
267.01119440981813,77.32551938193211,18.279647690750572,5.0,0.0,97.29266595628164,0
364.19402377324076,101.83201847408154,22.019986450586448,7.0,0.0,138.73671800763577,0
279.1310840920779,97.87205635396302,15.990716186884924,2.0,0.12369431644743045,108.56794572647078,0
64.22702920503494,62.748464338714385,16.40153160012089,6.0,1.0,21.211170204724503,1
9.985459130871547,0.4759763118079192,14.04408827958072,1.0,0.0,108.18974515489455,0
109.9815599601762,2.0781941531719106,15.256541965201292,8.0,0.0,90.45225212837815,0
18.863313823005953,43.91057105351422,19.909761041778722,8.0,0.0,38.132839750555576,0
14.499952858988664,29.16422078162345,14.091703526909395,7.0,0.0,38.27754284736954,0
167.72954516668142,31.198453688749552,14.751499370542204,6.0,0.02063592621689525,91.74902409740753,0
25.32801701098861,0.03375705347140823,21.473476459097533,5.0,0.0,203.53045847419276,0
134.28698841389456,109.49101260106515,12.955806497937685,10.0,0.6584459645051717,178.4136185751693,1
221.54715863431585,47.774714868252914,16.927687774196574,6.0,0.0,75.20162813926888,0
65.2982530109146,25.401164463511652,15.924134517238413,3.0,0.0,239.68836827819644,0
67.71521093664313,13.317765811571519,11.590516095497957,7.0,0.0,106.81621895619216,0
84.16232884382714,47.39058201875399,19.71292632266124,6.0,0.11442637116504784,20.236635849620832,0
35.491668935683215,24.922760338607617,12.698864566702966,6.0,0.0,11.505220038367973,0
95.07315719029226,36.24656872323208,21.495949207464616,3.0,0.0,217.79374613085085,0
235.5498895480993,88.76750363948315,14.41521658586613,4.0,0.420135378822289,9.924725299581318,0
72.09688679423898,71.36036947755983,18.199627244649786,4.0,0.8915997777214962,178.5737991225109,1
46.58583254432176,29.200831689742834,11.798836958518287,3.0,0.185071551245457,9.563168915217553,0
152.35259404059622,29.40579920323188,14.309319675230517,5.0,0.0,56.304140491299826,0
344.43566579294725,90.13151899649988,22.058318474950404,6.0,0.0,124.83105210329,0
187.02129920425995,27.003078330069243,14.373941030116374,10.0,0.041467293137904704,35.176327231784896,0
108.29408571893588,95.28003540065454,21.579587286444234,1.0,1.0,68.89086248037012,1
176.16360499250834,53.642092149196095,3.2456132688186266,6.0,0.6604639191591637,31.2098492215909,0
173.37732501726896,10.052553206971282,14.40345837554052,9.0,0.0,90.37771037198206,0
76.35390468143481,79.84080845327581,17.933327842218734,9.0,0.35391174146527815,156.15656697527382,1
107.59975468704536,6.015481796508002,12.281461014999373,6.0,0.0,101.0305470109422,0
346.7310449003759,90.3220793071665,25.27191405214535,5.0,0.0,204.09689928522894,0
69.63235004525282,25.866746734806625,6.8123364002653215,3.0,1.0,144.55855831825863,1
300.2122241879483,86.02250959633263,16.638618648714044,3.0,0.0,147.50759145029627,0
76.75162363627015,13.301026579153028,4.68169584404104,1.0,0.09791050715792832,121.35281819257884,1
136.64908708063368,2.4511762694882577,8.690456592114579,7.0,0.0,70.72890454447813,0
103.1066495426702,2.438453497713752,14.43333776108149,8.0,0.0,140.18464755355498,0
322.07830717184174,94.2454925067288,23.738072929328066,2.0,0.0,198.70723915889923,0
317.12892455072586,67.78030400938302,23.61614631122248,8.0,0.0,105.46354339959069,0
385.00730636095943,95.57549139581518,33.297798242661,8.0,0.0,186.94726610851646,0
62.864962082991326,0.5787060983812182,19.498251329099674,6.0,0.0,71.98438871698568,0
308.8042136102921,79.99921078830893,20.763158763672564,5.0,0.0,102.85892777544112,0
216.28850395118113,41.32556843339451,7.76773856276637,9.0,0.1715254872476219,8.434472587568642,0
107.19398183182136,64.76526955657796,10.08301636263431,7.0,0.0,75.21891456205941,1
46.4561750109323,8.067350891220322,10.067856073774589,2.0,0.0,107.1938151202933,0
151.27336617205418,29.73505446947523,12.512345889272556,3.0,0.0,66.70232801989525,0
325.6514773236749,65.99720142588794,20.83072065927808,9.0,0.0,144.07261302880872,0
180.13146347630845,32.7357721133759,10.666543091467567,7.0,0.0,13.33166991357352,0
239.86960981159248,73.95459590092953,12.952560616675289,5.0,0.1617397195241752,27.487088773607773,0
117.75485968549671,91.30132793627097,9.524132798479632,5.0,1.0,98.57068833101243,1
212.7772668183807,74.19950243181697,8.471508227246119,4.0,0.4727124564662757,3.1426679146037273,0
4.688033125545729,28.208065364447336,20.441997224193617,7.0,0.0,108.30579818952162,0
177.97759547985123,45.75419902119885,5.177990318618308,6.0,0.5245437720659434,2.7973343547304275,0
9.634057262639644,38.4051026084648,18.324214052999334,8.0,0.0,38.586361136505374,0
252.89342611489553,51.32022726281059,19.43929206159208,4.0,0.0,154.02230865816918,0
25.192697394848835,55.84569840278276,16.96613517738202,9.0,0.0,8.337532963140397,0
3.8647621788941677,6.055383007270848,20.716642016981147,2.0,0.0,160.1867163800283,0
119.51012552942942,98.98668045013713,23.48450964314511,2.0,1.0,141.0021359970598,1
191.46633664575415,41.96571577384013,10.398515544248525,7.0,0.132255356481216,14.90545689210025,0
119.3767418210236,9.588698909051999,15.709032719115202,10.0,0.0,53.97522686220627,0
399.9489664564697,113.96094580192442,27.375405246740627,7.0,0.0,186.0783118407899,0
229.2581314488573,46.873994455930514,25.06027545919776,2.0,0.0,171.48436757707782,0
1.5382260056163233,19.415156427807467,21.654039105714226,6.0,0.0,146.26709822443138,0
300.3173221220502,72.78057537316204,15.681778401439303,9.0,0.07191943789153338,90.80747762088707,0
70.64578400974099,34.569960821518464,2.7285540911849626,4.0,0.0,2.2968193677268367,1
248.1243917261619,75.79795452440104,16.98180978988512,4.0,0.03571771589670292,91.83138855127125,0
12.418568000817217,41.72734974130093,24.855178959932832,10.0,0.0,75.59734132020674,0
6.758134201610304,5.934780755478549,22.116411164293933,4.0,0.0,144.43585551940487,0
53.51159068582703,53.39600954506898,13.230186571289503,1.0,1.0,107.70460143040088,1
381.69246773880906,108.45608032910002,27.034744652622543,5.0,0.0,163.8366503707512,0
41.08491219604747,1.7796237364865846,20.66770630845044,6.0,0.0,100.86795426256856,0
66.14414587255634,3.9037073181389985,7.999371092489811,4.0,0.0,5.029870029977115,0
56.44965333949452,49.51636484772035,10.01799409959471,5.0,0.6450539255318233,149.92463005377567,1
334.3448158520148,93.16055999106437,15.986162272384439,7.0,0.0,88.19566105368013,0
10.637801081733087,65.57960527326706,10.772822891979843,11.0,0.0,76.61979497791732,0
69.80104222392099,92.73822194239175,23.247921781714666,5.0,1.0,106.19281090722615,1
212.18561847957707,52.6298703289897,10.201665581462965,5.0,0.014972176553890104,35.77209375579418,0
30.10438937921738,0.8574718585769432,22.19504014488366,2.0,0.0,159.3660910988075,0
306.1068315005174,60.65687984889423,18.798091823189985,8.0,0.0,149.72018587868993,0
79.61288425239134,23.27475250770646,14.43768883658958,10.0,0.0,100.61311564343362,0
319.48937072550643,85.1727487863051,12.017164244689836,8.0,0.14940602059972347,56.617039658456065,0
356.25111235328603,109.52842157514583,23.233209973090457,2.0,0.0,163.34974314432728,0
230.4405966530843,80.32755915624173,9.717678840283089,4.0,0.3731125020246907,6.484587535116386,0
305.4454380139341,65.9273855390588,18.51463037995968,7.0,0.0,172.56422891593988,0
108.62840646323534,68.41689138603539,16.0219874626257,7.0,0.17005904097572278,15.002413965770529,0
8.19622221485767,31.215272437317324,18.50778735326184,7.0,0.0,121.12574449411565,0
254.6328760834955,61.59997200136733,17.032238934518013,5.0,0.0,97.02950228368927,0
239.1720188991222,56.45264013603893,10.105921145545565,8.0,0.2977681866592696,72.11075974164044,0
146.90719944682218,31.025373800680676,10.207880782288193,4.0,0.09357034591235192,61.365120994124155,0
88.97070553284658,13.684911024563423,13.68049336419958,5.0,0.0,125.5448120504584,0
7.073848206948767,17.552261770666,29.280151814424247,8.0,0.0,151.21455332455358,0
96.54081529269985,2.768312424100543,10.228794516845264,7.0,0.0,76.30357941458526,0
119.55238016528992,92.92888409899264,17.658731818401268,1.0,1.0,77.10363026001086,1
123.93616742365936,43.71604746028781,4.298095474066617,9.0,0.0,120.3494210437757,1
229.57852783164822,44.700089100102545,14.808594036569513,5.0,0.0,84.13735352944308,0
217.38754089771405,41.86924026180226,13.696540935391406,6.0,0.0,77.85688879816664,0
259.24761019091534,55.513298786121105,17.221180221780354,7.0,0.0,82.15623366756056,0
40.664219559679694,65.50815275964334,15.620940842956065,9.0,0.0,77.038484700073,0
124.85414845121667,57.415243328660154,13.527340056182103,3.0,0.2809231950320615,23.33171032186165,0
184.79127884113686,32.100029603759026,12.051349664455955,6.0,0.0,61.89413542352405,0
290.15646878940424,95.07670269690566,22.2718226471913,3.0,0.0,127.98268420316558,0
51.45081334762236,4.520048247045786,19.05129193672913,3.0,1.0,121.86563037831039,1
260.77319847788834,73.92943894890355,15.221221138166847,3.0,0.0,120.69267122268235,0
80.86201980398627,70.0799099107008,17.275743035944544,8.0,0.11299803910863099,55.09759602682884,0
393.82245658938587,113.11753005621689,21.707629037077588,6.0,0.0,194.4631536225124,0
385.7226227961051,107.32046027176396,21.515274536140417,7.0,0.0,139.55243864554228,0
247.59806516427753,55.10163854399146,19.15469796179136,6.0,0.0,130.62432724294808,0
36.72222604229894,30.777996463858983,17.901344535544048,9.0,0.0,33.44586962927286,0
204.31214915912147,36.614720537552834,12.342839149310997,8.0,0.06402455985795263,62.06914595453537,0
55.54001808885657,4.408480942280299,12.5481154667706,4.0,0.0,59.706012105322486,0
2.0572191566323,22.63605798525387,11.534196608973883,3.0,0.012551607118392372,43.02438761325465,0
261.34544743558433,67.35598185811341,20.049025736292574,5.0,0.0,133.54083894082436,0
52.5435367995715,43.327403605692524,13.869373233877525,10.0,0.0,73.32163580839584,0
73.18142050498378,25.962573399569706,20.323710931641926,3.0,0.04087806728296106,58.52169282878562,0
312.3590636392171,76.62854134111001,17.51513467450575,6.0,0.0,145.48389976647792,0
85.37137827990657,40.33381262790817,2.632386352272931,5.0,0.0,88.87906239324514,1
327.3140381510671,91.37352712112315,12.26663053226968,5.0,0.0,117.74652059249857,0
52.35663449486019,7.4141401543300525,15.808705397917286,4.0,0.0,106.4243767196972,0
128.22473677029006,24.405445564326183,10.214045494218105,4.0,0.0,75.72563004447701,0
34.04032239007746,15.233199350160916,11.763773223963074,4.0,0.0,42.36704212409631,0
95.26244250320941,1.3400420948855967,16.328392610214223,7.0,0.0,20.604388431339558,0
46.766136343062755,14.448947915363412,18.144681739387973,3.0,0.21679032818009553,41.59704987050788,0
324.3721287293682,98.73161242245575,15.060099879026968,8.0,0.2705061913068585,57.654455697233004,0
250.52264595668072,76.52036419298412,9.298064650489593,7.0,0.42950091908510046,14.983326052094803,0
9.68518941555601,21.00599135721709,16.705083812136667,5.0,0.0,71.33869635726387,0
66.50012158424899,16.128836071907614,21.31680426333457,6.0,0.0,213.9228290860666,0
247.84224213135957,72.30467702200467,14.765510942086411,5.0,0.0,48.51284238037106,0
20.197880549778375,11.076102590807167,29.206939097352496,6.0,0.0,210.9058606470255,0
306.1025326011943,64.50879796535256,22.92522776984822,6.0,0.0,185.758351015059,0
385.88824035771637,93.50139018725923,30.84435657410908,6.0,0.0,218.85682513781967,0
156.65903590665167,100.97412272972828,20.915055424834474,2.0,1.0,96.52084380431387,1
48.4134898181438,33.518791528255804,18.299558391338465,5.0,0.00799691453110285,50.508031656870514,0
42.217160368547894,41.34154221530581,23.94154209339842,8.0,0.0,67.7989533198933,0
367.9493986993943,99.99495807789798,17.692316869000578,7.0,0.0,92.28960868297031,0
253.93643038949872,80.26550466538357,9.910940162596049,3.0,0.12466428309478611,66.9846857962801,0
119.132423754509,3.4161196476454947,16.969272957910697,9.0,0.0,116.27683593309723,0
147.66935861838664,120.07897095991115,18.337249960671393,3.0,1.0,76.43612991493258,1
215.85642775348782,3.6923792852289594,4.7946532234606,6.0,0.0,131.40074603408024,1
1.3717441142487417,69.02306985836614,10.40341532377694,11.0,0.0,79.77484580055446,0
319.92891656623897,90.00919925617146,20.244374664431984,5.0,0.0,81.75747836709645,0
259.2246896649448,67.71501163597505,15.881518785175615,5.0,0.0,65.50406202393475,0
76.05344502887361,84.74968690066606,13.283723056034603,4.0,1.0,91.52925811137192,1
295.23890034898517,96.20053715507262,16.30617879687608,5.0,0.21360982946729112,107.1769292018103,0
104.71103988548892,17.658931086589696,10.022643669508438,3.0,0.0,101.25889077366459,0
158.17813628690482,10.333068632102787,0.2711524836216661,8.0,0.0,79.73680471327702,1
237.28483115149044,67.89632052088717,15.046762963610494,3.0,0.0,114.44954253984761,0
284.99408565795864,77.79555501614938,25.503605497392517,3.0,0.0,161.50452630317795,0
387.2196673005443,96.63946790670772,18.8390289672462,11.0,0.0,112.17225021165554,0
49.21857701050236,5.471414906779621,18.83792412841556,0.0,0.053009490396437986,84.77853619865373,0
57.37029265055244,19.309633912967538,12.873758680098152,1.0,0.0,109.59401075317285,1
278.85228959946687,79.25097499138107,24.241429669988594,4.0,0.0,138.6273680661807,0
285.0880836088373,97.72546778936574,19.51615955084455,3.0,0.0,65.83444186186897,0
317.25948555060705,74.55511826306079,12.17388143618761,8.0,0.0,91.16636264719597,0
88.69942153925027,63.23645762986631,14.861027478534913,7.0,0.10441151919300262,0.7229597532059451,0
223.84183756067137,58.46662537232011,6.616933722828897,8.0,0.5680533571844903,29.008618831265505,0
78.75841400158735,18.659827239819315,17.678489312869683,5.0,0.0,222.37381063128723,0
214.2750878467836,55.810321024259224,13.502174969196997,4.0,0.0,78.99529187978528,0
278.0349461802117,43.89787453793432,13.56402426227075,12.0,0.0,68.77144929574747,0
62.76891418324467,6.409899260271111,5.856122861592283,4.0,0.022682453690499482,39.737414328917794,0
239.9336515924188,67.54590568298525,14.295812486918912,2.0,0.0,124.9448231267664,0
11.815325648831376,43.54840463031559,17.09574111679188,10.0,0.0,59.25908503728019,0
30.703139917455076,41.73471312465452,17.57407562490358,7.0,0.001113445646656941,3.664039242925705,0
176.4323076709897,36.287056681675935,12.422817267854272,5.0,0.0,61.93421314063354,0
276.3609896636783,64.16118246935498,19.46920688145417,6.0,0.0,114.9376959449822,0
37.536836890623604,40.2289984744113,7.692084000644629,8.0,0.0,30.390966851067276,0
156.94363225088637,109.46294238326367,12.683409494422683,8.0,0.6959894086776426,166.73740121853913,1
7.138483217770741,22.17874454345568,18.944545415576403,7.0,0.0,9.9582393959341,0
186.04803059254965,31.173686438102646,15.884742207258562,6.0,0.0,85.50532407323935,0
36.415114241550384,16.464273462412848,24.259824656307877,9.0,0.0,156.00239657392768,0
59.327805296738674,16.89323534555154,8.116778117693174,5.0,0.0,56.16324210990069,0
39.79031706430376,8.320709958374902,19.467335153008456,4.0,0.0,127.88295627721763,0
192.39025880893405,34.307174835854894,15.648952063343875,9.0,0.0,27.625393846975015,0
53.579526461628284,3.2372004152935645,4.836372759023833,2.0,0.0,20.467081769198423,0
264.3572621031261,44.08978216912976,15.471522124951102,9.0,0.0,80.16117079365047,0
149.0487648329414,4.507439523032932,3.91616983686127,3.0,0.0,111.71630776152254,1
369.1255210309722,128.31575636746246,17.260348531780878,4.0,0.0777042363430917,94.40616057896557,0
202.02650794750411,55.4980090211513,17.18625105333622,3.0,0.0,111.76075366279834,0
25.838454347374793,21.14566881093122,23.019324741586203,6.0,0.0,97.40018993379088,0
289.21973832832293,93.51157206509498,13.769914441121191,3.0,0.09933475527483965,123.7204278536437,0
21.71309190245917,37.40915516260826,25.370840276662136,9.0,0.0,141.94563005331014,0
90.84135161892823,41.63066354527004,24.553152230866154,4.0,0.0,290.20883526184997,0
117.63283797438163,19.035696902402492,10.833262128561433,4.0,0.0,130.91602136302075,0
296.1202848211718,71.37678545070382,10.963764057749536,9.0,0.18271589621437012,65.13751795229929,0
93.99186253170896,22.060041108214673,15.559705309018295,4.0,0.0,131.2959676438552,0
325.53025505061635,90.96103982212469,22.733552230347847,4.0,0.0,156.9657648619784,0
217.36749631826103,62.001928439266855,14.032616003622334,6.0,0.1686935079931542,42.65121006317009,0
132.83063444552096,38.41378579472962,7.712609106875014,3.0,0.2683785485767663,10.5872274053303,0
225.32861935861334,54.982726913852346,10.452264525643887,7.0,0.19939296444957566,39.71810745830524,0
74.32229707422078,4.156973789660377,22.920393823397497,1.0,0.0,205.81480625608094,0
354.2698668317354,71.50052064498328,26.142767885893775,7.0,0.0,241.82826811919753,0
131.22039692750687,17.18204674117841,3.677970764688217,4.0,0.29455882810725764,148.97031130814008,1
56.72501912702029,13.150309640798021,23.36311282668082,3.0,0.0,168.8686406885177,0
327.7573082084308,78.73150525857163,24.300067496922964,8.0,0.0,113.53915196283927,0
343.07384536581236,87.01329058747291,20.86351977273465,5.0,0.0,190.9582675167403,0
109.0152188014853,16.27796603764772,4.1366761693184895,1.0,0.044852148104019385,105.91541453772608,1
60.355099022439134,40.45261179480781,24.365561263861274,7.0,0.0,80.71957918228415,0
74.47220624334167,17.963833230481008,15.166919969020903,0.0,0.0968076506064981,96.90835476132017,0
48.85776835744062,62.96108742034674,11.858083403818489,8.0,0.16127722311960768,97.83364905509139,0
322.3837378239318,79.6852244738404,17.43752252499265,6.0,0.0,146.1359155179426,0
308.76462919560106,111.94924723649703,18.25523425541731,0.0,0.0,169.7529508605129,0
301.2239636150101,70.8706928867614,22.60736707463814,5.0,0.0,176.2809308808616,0
85.47393816854881,41.03554949149087,1.976463226834131,9.0,0.0,81.69602987328149,1
72.02287751930052,35.496254867637845,18.1415719328944,2.0,0.0,205.0192178600112,0
373.9319162952723,110.60523823599385,19.309799778058647,6.0,0.0,110.61080253528836,0
89.6573089751569,23.42107500165174,12.139297885703957,3.0,0.0,113.76696246767999,0
305.0038630410196,62.80072312282432,13.50744067420738,11.0,0.03358768011171376,55.90021911739661,0
54.46236507080013,10.583235643428758,19.347941573934175,4.0,0.0,179.40081457062627,0
342.4254615268763,92.44137839278045,20.0941054100527,4.0,0.0,156.9389930938702,0
298.7580209785242,116.21330393328778,19.64332515644751,1.0,0.0,126.76012169260633,0
35.34852795706962,6.528407404955239,9.867096556707995,4.0,0.5448806887700688,132.25700418145237,1
20.833115062291554,29.62367851246963,23.949512406898194,8.0,0.0,119.62249083378666,0
208.61504831030408,63.087637650257086,12.302538826148549,2.0,0.0,53.8046933609281,0
24.72753872769995,12.443899620860336,22.011363271227975,4.0,0.0,102.12123450565586,0
213.0643349881572,44.68499026218668,19.364936184906377,4.0,0.0,114.90399318082922,0
203.18083190163853,64.59884627190672,13.719808738001639,3.0,0.1872168701767591,74.94352170060999,0
266.3756785140851,68.93528618430966,12.465789146502612,5.0,0.0,71.59106665023788,0
211.39821173664882,67.69781102308802,10.606693209688054,3.0,0.10122179617677463,36.026447950469716,0
283.9096720247429,64.92802611226003,19.425148664355323,7.0,0.0,119.26558379099893,0
69.99621150122437,28.991978112096092,26.486859012019195,5.0,0.0,154.42359284443074,0
88.70567886748036,0.8937883774628155,15.107207416598897,6.0,0.0,78.9049024128537,0
288.72310547585806,82.49911269917776,21.11103719425352,5.0,0.0,119.10841610852472,0
54.65012356314756,39.45916557397402,16.045534878682588,5.0,0.03881734641291734,22.003739706883962,0
213.64160508671796,45.31690820554246,14.478377174328301,4.0,0.0,93.00275481791377,0
282.9251304099422,99.05603623772039,20.48103279454307,0.0,0.0,125.3447379192361,0
150.19357947606605,21.07917582443811,8.422057978106015,7.0,0.1798532437873689,61.08375032885818,0
6.7475822296740375,21.293853158745435,16.757605759253053,6.0,0.0,106.84336017340107,0
220.25164524438958,51.16679604899477,19.0154516095373,6.0,0.0,70.76543442850394,0
240.33298880076867,40.8664694602832,8.646768509651714,9.0,0.015710841418086652,29.99487594726169,0
18.781293944736753,18.72208885419041,19.472400874179,7.0,0.0,111.00103549477878,0
322.76065746356534,52.89640472476774,18.8543911320257,11.0,0.0,104.79662206578121,0
250.30825599435966,70.66766076728433,10.852891535880579,6.0,0.18916589355722702,51.92649693879889,0
83.57485180753912,83.025608074893,17.090539073636037,2.0,1.0,107.66487109616193,1
7.074623611490864,10.725531280779386,12.84619529070978,3.0,0.03231864306139903,71.19217676928294,0
188.88550371202987,16.070327857781844,8.546120988736376,9.0,0.15817804430548477,132.07326987665826,1
88.79151080212895,8.952496451059389,16.019892821482554,8.0,0.0,30.7433368511743,0
323.01227257027904,89.46460569117916,23.715212250754178,6.0,0.0,91.7149012571923,0
65.913097077575,12.230164009346765,11.706255729032428,7.0,0.0,48.56187719864542,0
164.576547183541,23.832757776573217,3.515961379615799,10.0,0.6150697878337917,2.1065723656839097,0
82.59514981765092,14.71597863853794,4.154798915224772,6.0,0.0,18.664426514567083,0
28.752311689863433,7.337358171873575,17.40441632429234,0.0,0.0,157.2076897221839,0
311.0930560251707,101.9612608788077,12.818617917577289,3.0,0.06245066191238646,70.96463892051476,0
291.5139696367262,90.73657206144631,17.00458590572019,3.0,0.0,118.3625504946791,0
326.4474799979087,85.66029961804676,17.924817694777506,3.0,0.0,196.11886892916635,0
27.55838500812277,49.996898105545554,15.181377466356683,7.0,0.46241040700084923,126.05823980005457,1
93.39321128981143,71.07383646523756,11.182775225082215,5.0,0.8646970353391812,210.08575789492087,1
114.03055534794586,1.480561286804523,15.630398186272135,7.0,0.0,39.39930105406087,0
119.66333654682921,60.0362237265397,15.793129021368353,5.0,0.3218285865306562,42.61886807785538,0
74.78398949941023,8.211441593558611,18.110061458000462,9.0,0.0,118.64722610469556,0
245.02837420901756,61.925046652780324,15.005474830595674,5.0,0.0,81.56867188591211,0
182.3253112785373,55.925097822091814,11.472609445145894,4.0,0.22005051006801846,14.68876200699734,0
392.657936014407,104.82760416515359,26.760135865144363,6.0,0.0,200.87259192385687,0
310.8414769880212,102.7022036447737,27.652253231146737,1.0,0.0,180.9901811231056,0
133.93814189710952,9.460559204075139,4.000330106892039,5.0,0.16809931598762812,120.28932959031349,1
23.51052481757931,61.23972151040388,8.255120669109054,1.0,0.0,60.07069085048067,1
333.9484492678905,104.75206268644422,14.988929154406668,8.0,0.3342579119035163,29.847814099851846,0
67.19129977078396,5.144376811448925,17.872597201340653,5.0,0.0,110.33480224804944,0
392.705315265369,96.23693517093429,17.48750192344539,8.0,0.0,136.36915674885358,0
90.48465528873668,1.100234577896721,12.536354245954588,5.0,0.0,65.20606331897967,0
14.730669141215827,44.15050703432432,15.025385023687866,8.0,0.0,56.59038376024948,0
6.3403840155236395,2.861021219451473,14.34151976069575,1.0,0.0,154.87332702962064,0
10.752732340495925,14.282462355241705,18.852710919469953,5.0,0.0,95.20126912338782,0
38.234755407797024,2.916192176819621,18.045161060098167,5.0,0.0,123.191638020993,0
63.86162674553316,18.676233926075952,22.51393765849113,6.0,1.0,48.759286270463065,1
28.823394791258245,11.55727827125267,9.761911423725145,4.0,0.0,39.0138263241011,0
402.75072473511153,86.07796553032432,16.39366277566872,11.0,0.0,140.86580331483077,0
109.597793115637,17.287369290679653,16.480991785684893,5.0,0.0,90.16849691118526,0
305.80042415527805,98.75566993199863,22.128320087891872,3.0,0.0,93.16465472637931,0
79.31992489102193,26.826979104317683,17.30597453015498,3.0,0.0,162.3345556923547,0
257.2761777242126,77.41359939831916,13.058936220873095,4.0,0.059937200787918754,85.27656327637789,0
47.67897866994106,19.352648380359334,29.50750572614605,7.0,0.0,196.3143717468077,0
207.67772526351155,77.35442388305515,16.91062635618365,1.0,0.05561270628322007,68.22134107127133,0
145.27666727405617,45.409123037294336,8.764920243185149,3.0,0.3095681842205303,15.267332886397522,0
47.94588274808247,3.485272755262585,13.804488694763808,4.0,0.0,90.13579567377957,0
125.40744880172701,15.320469467091353,6.801359069925862,5.0,0.1974776894728662,63.29070894471374,0
142.32229325119033,24.070279943677242,8.470522673760886,6.0,0.20942780098729835,19.912975135020385,0
34.62253511854793,2.432121894511056,17.56976502554099,5.0,0.0,103.027881691596,0
4.786261471991182,33.16111264281175,20.17742013272506,8.0,0.0,60.65950568362324,0
103.29844661882474,10.017772043296226,11.753751433275433,5.0,0.0,60.112073882330975,0
344.41792036493456,87.27857130516611,20.327293629206096,9.0,0.0,121.53312052105866,0
19.939887565082415,44.25752219483677,17.466721411921313,8.0,0.0,26.9612464092541,0
38.81504857135414,25.480946812647545,19.20465120304035,4.0,0.09329990047508963,11.708345404275526,0
311.4180466809528,82.04453079087202,11.353466923903907,7.0,0.11632174769535225,81.53954021419337,0
78.71896413172286,56.75570922743748,22.959526344723717,9.0,0.0,82.94471167551633,0
106.34052012331784,22.421721562001323,21.69430031360529,5.0,0.0,98.67421650260158,0
354.049219899663,90.686852914496,25.461927387894235,5.0,0.0,208.61470520933472,0
265.34585125456744,65.81542535434457,19.87412922138833,7.0,0.0,115.68105429794662,0
94.97668678479087,9.234632840543384,15.371226832379186,8.0,0.0,57.60663175654807,0
64.01696780027748,34.40647285121412,15.03437149512512,10.0,0.0,1.0825373574444441,0
131.3843436880079,30.768523312233373,15.061699783503611,4.0,0.0,152.62801009896577,0
34.414591690736614,32.05117143768378,20.74305131063271,6.0,0.0,63.78603359886988,0
323.5953646895065,102.26955717651961,14.84940503374709,4.0,0.0,72.24203073968552,0
97.18234879197777,63.33410686541548,17.806572715891214,6.0,0.02081877912788077,22.399235752987376,0
275.7954440473369,41.462097654187566,18.1467304178,8.0,0.0,151.27870820528184,0
299.99938383691574,65.90605487058264,16.63472780881927,8.0,0.0,88.90536544815939,0
144.5849074449773,123.93987006677509,18.59418859993653,6.0,1.0,116.10514233145335,1
30.077020430517067,17.463792280516046,16.88449178321361,7.0,0.0,19.67684467719358,0
243.25598447011603,56.79340777777032,11.825353668262606,7.0,0.09602687258785891,66.9331748550442,0
295.29208811852703,91.09589505338866,20.982119943330325,5.0,0.0,107.77060376962937,0
67.33433065869741,59.989577537069536,10.753481129122447,3.0,1.0,159.87913399240946,1
278.83144001588227,81.1971988030957,22.179963833915338,0.0,0.0,177.75151513387954,0
270.53940144449945,77.90991004294227,15.896116806104823,5.0,0.002651292087489765,106.45439549132641,0
241.6569112146025,81.84512096131974,11.830592187101256,3.0,0.2626159539962876,52.75316520412889,0
328.5283571325362,94.42552194304054,25.23042746149863,5.0,0.0,150.4294766736354,0
14.279387204692995,13.997611666251501,23.357462888453902,5.0,0.0,112.51295454151202,0
200.6071838256594,74.35247087195387,13.309147372484173,2.0,0.0,88.91269748652033,0
49.294414262962775,43.24763546448219,11.341392308837655,5.0,0.18632057359999987,26.02660897838156,0
16.964654105296454,20.216913451542794,11.929012796657116,6.0,0.0,54.82445024207854,0
141.5723308999527,5.792350711690773,6.43443466762294,3.0,0.0,78.58504863286413,1
313.135044741638,87.08485749089562,25.830723931853804,3.0,0.0,179.83140715301886,0
21.564855388127214,32.90516039522081,14.67240294108808,8.0,0.0,31.077682650547693,0
367.0788462630456,102.02482112019355,20.3813541987856,9.0,0.0,86.97143808602071,0
365.7423883754563,112.54501447576945,21.391247284581702,4.0,0.0,155.29604786341775,0
1.3506988385120309,59.428882782304,18.242692237247905,11.0,0.0,44.58787921099667,0
66.49587377773108,19.050350560963118,15.298250003674106,3.0,0.0,126.04244789124672,0
115.82324208431216,22.0842557563967,17.624889616049494,6.0,0.0,145.6008649963317,0
252.8628672133181,58.324555254469395,15.361362074777603,5.0,0.0,85.88679422836086,0
52.415293982346384,53.565028885787484,20.624175491232982,8.0,0.0,44.447865753750705,0
28.11918785000094,17.927476325204942,16.895157361980683,3.0,0.0,31.94876571804202,0
85.37985493189647,9.677946623017665,20.657832625611192,7.0,0.0,154.40919262863804,0
25.753503930616695,2.6303989136755064,17.954957911750533,4.0,0.0,148.11363665322915,0
15.514412467172463,59.251466145769896,17.394944287368077,10.0,0.0,34.469197728065986,0
250.86632059074788,11.647299832128489,7.302142616856006,7.0,0.0,157.1178906382894,1
49.08315048877269,68.94419925681105,19.923174874377125,0.0,1.0,29.174369571899614,1
35.03999756542604,1.8577802742385998,10.974175910227128,3.0,0.0,68.60641858744037,0
147.96684624878907,50.90325330203413,10.826711594979892,3.0,0.7634055212352399,207.14248225795728,1
338.7745442395423,103.92230293809908,20.347881081470973,4.0,0.0,142.59280180857357,0
129.1620046969665,58.06937179031837,22.735299008578178,5.0,0.17643370906980482,13.56679597035221,0
119.31072638648335,41.8674902309982,11.594392522081158,2.0,0.0,87.00594257590828,1
16.849884571559343,19.87426626772448,18.207252965829312,5.0,0.0,131.3826323636738,0
2.3586249075167984,19.235099596811565,21.6978735906007,6.0,0.0,79.09220658105741,0
77.74669922554233,36.43712772720616,21.0213766546681,5.0,0.08429796720711036,59.37515711359693,0
123.2114672973977,19.653181557521478,8.310035100201727,10.0,0.0,26.34363967571595,0
320.497249295536,69.8852569157622,17.90096673184665,8.0,0.0,111.59393657700257,0
35.85390611733836,33.03496026334821,16.594560575805346,9.0,0.0,89.79006789081099,0
273.0469547573025,47.53074867797636,17.41249034943951,8.0,0.0,140.81600011086704,0
111.26630108769376,34.558245385056,19.199100117886644,2.0,0.28878006339712625,35.0600745690904,0
20.86802677697012,35.35546550740921,11.661371922569405,8.0,0.0,18.124040399993735,0
181.01541297695644,4.249731870655662,14.863778594241202,11.0,0.0,94.3207178077816,0
14.347954393831486,26.728236705880242,19.195554692951905,8.0,0.0,102.36783481397731,0
421.0255221070462,122.1143599865878,27.19151812588033,6.0,0.0,174.8360630128913,0
59.417377340226,14.425661109870788,21.399935999955286,10.0,0.0,162.35120693915545,0
72.90382024659,9.714488974629564,8.275900950214993,3.0,0.0,96.18768310492644,0
49.6569519700947,12.953633239759967,19.832986728171043,8.0,0.0,102.6445757109367,0
279.01900273628235,54.679143390267,19.547278208677845,8.0,0.0,128.28356578084967,0
308.82359668722324,90.71118658814676,20.690463335893796,5.0,0.0,132.93423563796568,0
50.26720151594226,5.573620789836493,22.413149790974007,6.0,0.0,122.1515721077088,0
369.66278145183276,79.37691283603931,26.41962039979006,10.0,0.0,159.1435992959838,0
307.82752179831067,61.811256805300445,18.7014016287046,8.0,0.0,105.83518144383086,0
81.99381126054278,11.757902062894388,15.087530035252378,5.0,0.0,122.05323627662958,0
374.9982370107511,112.01649435429843,14.968006400443297,9.0,0.28095658574646065,64.81565249908269,0
60.38297710601981,25.189315219409487,9.967852541628492,1.0,0.0,230.65245509940678,0
241.3723518695556,63.88312287768203,16.88630761697712,5.0,0.0,108.02337599346431,0
208.45859588154616,35.03265126839119,18.795347499323825,6.0,0.0,111.94341471081512,0
45.53383898407223,14.147462270680073,16.666005964218094,2.0,0.0,137.75883029583235,0
39.795086945884094,37.55953396160585,18.9976832363621,7.0,0.0,65.90156779729088,0
4.584805085229831,15.261401083192936,18.55568416543481,5.0,0.0,63.80467810851519,0
243.11373768589937,30.056788848457092,14.37637093530077,9.0,0.0,108.22808968806211,0
297.40224074943126,84.64666274627021,20.93955334129791,4.0,0.0,158.0317885193653,0
176.29353456542162,61.80149822458364,8.229888437656717,1.0,0.0,135.8292902098958,0
116.83023843581475,11.63740621437924,7.230616233385749,5.0,0.1489611771195628,67.75470125262677,0
36.56215984175165,13.263983751976795,16.363436586081782,6.0,0.0,41.72449983639371,0
394.44783171842374,89.66595544754622,29.880040810398878,7.0,0.0,259.61022335074733,0
370.2027008827312,74.98223601552695,21.893128047801316,11.0,0.0,166.98762214644324,0
3.9718658815190366,41.01019515969327,14.297685276331478,9.0,0.0,104.27264153042833,0
4.392480887792033,22.454945423961647,15.899060705620027,6.0,0.0,46.533110736441955,0
92.90288309739913,74.09402546274274,15.1762443531,4.0,0.7971159960600126,149.6709219055683,1
245.4507247219499,82.40873248614774,20.345672429714543,2.0,0.0,106.97780252298244,0
407.98858278082184,117.09971265496239,25.64363254362474,7.0,0.0,145.4238600166423,0
356.6220904878962,83.64901472496135,23.539656559722925,7.0,0.0,190.66337600407152,0
59.18774791371034,24.962117277336766,16.385568885908576,2.0,0.0,186.739151696281,0
330.50445658349395,75.63344862122534,20.293836139689304,8.0,0.0,138.92134590691035,0
332.6239313068941,93.28620918698994,19.698212379047774,6.0,0.0,109.83059397134228,0
346.34223131683797,91.57596538296248,22.12625610128147,4.0,0.0,198.53527774190042,0
382.5874434317482,122.63372063588426,27.638562925698455,3.0,0.0,183.49436385715376,0
21.183242223305953,10.3162386543856,22.697659484248287,7.0,0.0,140.3240906687688,0
65.07646747215493,2.372231908048434,10.961532814469388,5.0,0.0,51.23599026343838,0
318.6546477949997,84.15312069558212,16.656646659269814,6.0,0.0,107.06550882248823,0
142.58449547739104,11.594136102523095,12.451493932002464,11.0,0.0,13.414573436636388,0
43.765468577276806,52.97400816368294,16.15763654396472,7.0,0.0,5.161375927706455,0
162.86791685698896,29.876812887996298,7.514886115730521,7.0,0.26705755092090955,11.313870503358743,0
251.50622692489864,51.5014108204885,18.764179926452055,7.0,0.0,104.38731294670052,0
15.718017883773143,25.950499421388564,18.621733934727565,6.0,0.0,106.20870320572288,0
236.54902309723968,75.68807094858133,5.551642461110866,5.0,0.5690156942288783,24.788574733246218,0
206.00761557043336,49.47098435558074,9.121655649622632,6.0,0.2781398134483906,51.29151448602293,1
353.4047228074019,98.54203303612205,11.677311830850076,9.0,0.17677013778669437,38.03146533883478,0
5.549483058291258,6.332718343602963,16.780671069129475,3.0,0.028267213967187454,43.56764454166914,0
438.65385496655585,111.21572831168731,29.152745860098733,7.0,0.0,223.75323759012196,0
77.51491729119664,8.097118768277703,6.450838703929289,7.0,0.4625625210454275,76.49488524769147,0
31.602334518326096,0.5155507263378283,13.83213080279554,3.0,0.0,102.2799571064738,0
213.5964422870906,69.66008714859373,13.034613883460732,0.0,0.0,94.12387721404127,0
198.39947089761185,55.75081058766695,16.33306248888794,1.0,0.0,166.08941798438025,0
120.44551877101722,33.715737170759574,11.06077268153848,2.0,0.0,116.47108859636354,0
256.38792891665753,108.5065351088926,19.580120770617956,3.0,0.0,102.35943192449378,0
37.04298450574563,19.3556239601848,21.040822969711108,2.0,0.0,222.46794434130737,0
259.046953134673,59.218444738566035,19.049936767661208,5.0,0.0,97.90856065764228,0
12.63683851916872,36.630368970997736,13.535972145685916,5.0,0.0,39.465563241267375,0
2.745484245152511,22.536170577716803,7.606687977775323,2.0,0.0,57.34298642957168,0
313.97469553766746,112.50976062177023,14.707973040921614,3.0,0.15894851363666307,86.13725625738684,0
10.93630780158739,44.10022501790587,20.519656940146575,1.0,1.0,29.74323486717409,1
41.02969718217005,4.195286128091624,16.68361470018621,4.0,0.0,74.26238042938937,0
105.73063702925563,87.70283380946785,12.463132204774327,6.0,0.8517400989043316,145.46720544771097,1
281.1305512593982,78.43086856269306,13.758136282203312,5.0,0.0,68.50456691219131,0
10.94818831700654,34.014145773759495,18.567371747714468,8.0,0.0,57.506589071362114,0
53.55260025082971,6.579167148022389,17.233913515357166,4.0,0.0,120.8540145880086,0
143.89821931893692,25.56368447506845,3.162696431320885,8.0,0.4736948097047844,50.742281793007024,0
81.59159064519164,27.06894039739126,10.916066481271354,2.0,0.0,134.84654475352104,0
72.18291716980059,9.603494746437839,20.44945054969356,8.0,0.0,104.81316687759255,0
16.751703526976172,38.416651167614134,17.955580558520175,7.0,0.0,16.1844924531217,0
211.1867008963012,49.492979332810236,10.777466690146284,5.0,0.03736065174292147,85.23029488095267,0
292.56961936783875,89.82337004375594,13.213775714812481,5.0,0.07673075035257065,78.47140677998924,0
84.67506762019178,14.994701676880695,17.595506753144477,0.0,0.10303370180724736,104.02330317247284,0
8.997988772559879,4.32661613106837,13.69963307027761,3.0,0.0,144.61626277241945,0
376.5738136269036,96.51490791026578,26.689694097304102,5.0,0.0,183.39051403148994,0
277.6137998631527,67.48371720957591,15.410893202503438,6.0,0.0,101.36793669006623,0
2.491350831496945,15.255579832978384,25.21838750737456,7.0,0.0,162.77212464053383,0
76.68172253515596,1.122717273437548,21.362390463631005,7.0,0.0,133.08945655039918,0
312.6348218105784,71.71647539349937,21.2795477532072,7.0,0.0,148.21400114675026,0
6.72218668509295,52.44913755392213,15.140541957966136,8.0,0.0,37.319955077520675,0
18.924066974712247,8.357228471340562,26.054625202047646,5.0,0.0,192.3561683583083,0
300.3849337323504,87.09084459668603,15.154369360455606,7.0,0.11968322135978654,44.236268232703736,0
342.3199379109584,93.57581082510279,19.94959471313377,8.0,0.0,115.52629187586956,0
28.100347832002328,14.410176962179094,11.744335531831071,2.0,0.07561998826757466,66.87418147571174,0
52.02632458995396,39.49429983561194,19.464287396384947,6.0,0.0,66.2636770317031,0
45.79070379941345,8.659205005592149,13.352662794567287,3.0,0.0,158.44579612105602,0
123.38603253636552,43.460077201996114,21.282859640750125,4.0,0.11913523166804357,97.032328227778,0
70.47322638910701,5.9615723163046255,19.59775121062764,6.0,0.0,153.28171953516843,0
307.9343296912343,75.1917876243474,20.98461590241336,7.0,0.0,160.24980739341092,0
378.7761293256542,102.43497465360487,25.925819846949505,6.0,0.0,179.00799189464772,0
366.6265799970825,105.76203088702911,16.837239317092074,6.0,0.0,143.82852565325265,0
88.76638282950324,5.011816029311728,9.226975165673878,4.0,0.0,62.68163220494735,0
11.70299397681125,29.259047802879863,15.911021064245187,7.0,0.0,32.468408682559904,0
35.53939937795335,15.455786154602013,18.421612137982102,2.0,0.0,124.27985570442098,0
266.1108920897881,80.24563210814173,15.60622819482676,8.0,0.33102546560789703,29.602419670496964,0
285.27061815041947,45.5829877574195,12.405786637903576,14.0,0.013298511641666066,20.184182577714633,0
257.239721010917,80.10904411368091,8.449540840847629,5.0,0.3309383844516288,54.498822852370594,0
94.4356806362361,40.595048719225744,22.58266716385247,4.0,0.0,85.1595834216038,0
336.6613912657882,94.19470215270663,17.84570290278771,3.0,0.0,173.97083065839473,0
33.22778648414208,17.341404267098007,18.671380155652763,7.0,0.0,98.07665342598168,0
190.0046169424299,51.68171648964607,11.785414340793409,5.0,0.25746058894540014,59.435902483858165,0
270.6663306141443,71.9381914597827,18.029935777543827,6.0,0.0,77.40696595241432,0
168.90916478652156,7.279199994907813,2.8233222831617857,7.0,0.0,140.079996554404,1
33.767668235833334,22.387684250179767,7.5021158666058945,4.0,0.0,39.14801810257805,0
173.0428311606264,10.001491342792747,7.422856616682594,11.0,0.013324556887796435,161.63242587925924,1
305.0923124602338,80.97683082963556,12.189367404399032,7.0,0.0894629115930291,83.66416934529641,0
17.7784524736567,25.866004445381627,16.73935945487296,6.0,0.0,105.95095051178316,0
101.13815787422132,21.86701925042327,19.613457805583487,6.0,0.0,184.5545638157019,0
88.81393746095686,15.438902655078959,12.334435278969627,3.0,0.0,77.25355329338613,0
68.55764395423967,27.616919153688315,23.51117590418466,4.0,0.0,95.08148094351046,0
106.75674634310928,6.0150974593132815,17.037105350661975,10.0,0.0,99.68114085564346,0
356.31803223860203,101.46723523221485,23.993709448791353,7.0,0.0,129.67969500035608,0
351.6552714655656,68.14324792914388,19.541871332546613,11.0,0.0,133.53739089529284,0
104.9117331367496,30.172016014001166,14.901738200165155,12.0,0.0,37.122128698146064,0
395.10876271643997,118.03259640288375,20.82287352528101,5.0,0.0,165.712485247949,0
288.6514899007286,61.27122493271658,18.260937320920068,7.0,0.0,127.24586571695212,0
81.60391824260644,22.984953999380696,21.530902064403996,5.0,0.0,218.48063065956126,0
343.9230285568046,78.84208907805073,20.020187969517902,8.0,0.0,132.83925665135658,0
154.28793719238257,36.695109169216906,14.54914177275774,5.0,0.0,146.28597362256937,0
353.8711081657497,106.11910206893097,21.449454769865532,4.0,0.0,142.81468232390756,0
277.00618530522763,72.51619463731866,20.866484150253097,4.0,0.0,164.95560763898607,0
38.574663863595475,11.451004793648153,12.193092657005831,2.0,0.27696068819859937,46.97482595342353,0
35.769634574137676,11.556942855574036,12.24768356672967,2.0,0.5740673697415951,132.72834184289383,1
176.91432383449109,26.523902748723593,6.197796883181741,9.0,0.3608072397601577,7.162875180791648,0
6.541906031403997,22.150213662265188,20.16123059543925,6.0,0.0,78.34603689703629,0
101.07260478122215,6.433559606800344,12.52032390712879,8.0,0.0,73.38896937376077,0
6.211096723208016,1.2612276658112194,15.83588588485248,2.0,0.0,95.66364995119665,0
363.9009590262131,122.5503734801066,14.214889857353853,5.0,0.16168276195454667,70.63859484176838,0
379.1635663811033,120.9122290539738,25.58370724515975,5.0,0.0,145.27415559212812,0
260.72221088937397,58.973855557520444,12.850635276073415,8.0,0.0,28.25782028857354,0
25.348741959546857,63.89250061240449,22.790710894967688,10.0,0.7213189906953584,119.31644301822054,1
60.414829543132356,53.44332714767029,12.328214978930784,2.0,1.0,161.14300428995384,1
18.756955491659255,6.935387854248532,18.22118708896638,4.0,0.0,197.18309693359993,0
85.15414212817467,4.669618570266678,16.293860296440503,8.0,0.0,72.1756122149061,0
281.2550794638737,41.45956126261602,16.792065074962444,11.0,0.0,113.57106661040558,0
260.33159670266286,83.65250948047955,16.166734829668314,3.0,0.0,107.40198247466822,0
124.68893561561337,7.331417223230481,3.919852290876296,7.0,0.0,20.16989589652873,0
52.03009720238582,24.802734397806802,20.006580545544015,10.0,0.0,81.12335244821685,0
22.47052750371349,35.76728778950297,22.765238305722203,10.0,0.0,49.31550671069884,0
51.76534957521524,14.153165353964752,15.194765292555171,7.0,0.0,95.30328184980014,0
1.1375230698634624,19.991966268382257,8.871786619007096,4.0,0.06868751034647713,34.74323192011285,0
340.54533422061996,93.31819267345605,22.21743427253393,5.0,0.0,150.23057778717123,0
294.3165659029369,67.35126549816013,21.601267163133926,6.0,0.0,107.70235156429051,0
123.72556250641347,34.40670300924606,26.48782335434661,4.0,0.004023715745253287,197.24005430977945,0
55.0739904669513,7.85058311836659,15.811359545345429,4.0,0.0,93.48774408360589,0
112.16387169520766,23.444528241171664,18.395715378683306,5.0,0.0,182.88752393383902,0
154.46805335190427,60.418442149433076,21.238562549177672,4.0,0.22463324206954993,25.625668700291264,0
20.212106261025866,48.18457908242584,17.536147127438742,8.0,0.0,13.432512609331564,0
71.36695004716984,16.287115012603724,18.122727240454857,5.0,0.0,195.03422081745128,0
113.88072794271002,15.454167400184303,13.141877532374169,7.0,0.5324447795278018,138.13507223097207,1
39.10650322690539,42.52220928081633,18.71890252980725,7.0,0.0,46.175266306113166,0
93.66996737534947,2.2082943649526072,11.922387380048434,6.0,0.0,60.58484397939014,0
7.268177334638324,32.404305346479504,14.04834887071816,7.0,0.0,31.211201876840576,0
302.7625350620675,95.93677269376906,15.222861982118683,5.0,0.0742769819117759,76.0421292641295,0
363.25588155552936,123.44903746831889,26.404253641346223,2.0,0.0,151.531433514979,0
402.59370192285235,99.64208712120956,25.866563922560882,7.0,0.0,227.21775131849023,0
350.651027552855,98.31905469568183,23.16934131964533,4.0,0.0,168.29681551125856,0
205.87012775703596,39.829316957480934,11.502959167247706,7.0,0.0,51.62618242270922,0
92.85774066788613,1.2226286248096372,11.492574643255605,6.0,0.0,72.08118227743762,0
92.81796078099796,3.1814923329510663,11.536272163175244,6.0,0.0,137.68453344064838,0
60.621173915849795,2.3977597846920062,12.41626501724324,4.0,0.0,52.41135232223922,0
56.528506896959755,55.59449957340561,15.946548879155998,7.0,0.06062094560078235,39.250914486057695,0
72.31271415439231,72.89625858074037,11.904734637848994,11.0,0.36542530121641703,199.5296414815038,1
326.5240518574791,82.7103995501426,13.432668388263243,7.0,0.0,124.02917922423498,0
65.30228997911641,25.089814176598026,13.28383229117027,8.0,0.0,28.563743915231406,0
51.160452560876266,16.126742525240097,24.83862932726278,4.0,0.0,161.0582646099832,0
153.6832399154832,44.58041032130036,14.611072745099136,3.0,0.0,142.71322105385198,0
243.1454934030221,57.12767654369709,14.56438906300426,7.0,0.0,39.46694010170716,0
62.321669004497096,26.275538631487464,24.457724141829427,5.0,0.0,152.2186442123599,0
0.44490364255131,11.71357012834467,21.413230828115505,2.0,0.0,220.34428835785857,0
340.571143444637,107.1624975279836,22.47753367483698,5.0,0.0,105.82562119030175,0
77.5329925989065,24.402572279701744,13.554513315276592,2.0,0.0,83.8774536592551,0
146.3260453337295,10.025758882263148,12.745765309176075,11.0,0.0,9.049374737352458,0
23.260108020135128,61.14859071734084,20.40399684860492,3.0,0.8908350721885421,58.56326726382044,1
55.84892018187945,18.083625510421328,18.686424809349667,3.0,0.0,124.06288894259947,0
22.14595663130425,8.987139232401525,22.79482762123131,3.0,0.0,177.55447689908584,0
236.61176722112276,67.29739694448497,19.070806469312856,4.0,0.0,120.74846590289715,0
225.51877958918445,53.51326146269437,9.977767190963238,5.0,0.0018557937640656386,69.21529280808691,0
423.34924153090924,115.19425706329909,26.03237139046209,7.0,0.0,177.16216693790898,0
17.523805516018484,39.531782419434776,14.057791439854984,8.0,0.0,17.957470494864207,0
56.80547245301722,67.61113318994322,21.84727764994084,5.0,0.5829189783655042,128.90706999269594,1
250.87849949597566,73.89418538428329,17.05018687595877,4.0,0.0,69.65077123712454,0
81.57099345418501,5.164621314284538,17.814577151698963,7.0,0.0,74.38039898849853,0
150.0583719113777,10.439625650625825,0.4146312257043494,6.0,0.07002637865372185,53.38781056244446,1
194.84362329187394,28.271697250804387,10.035822577117273,8.0,0.037205396862222684,56.67009495766096,0
278.4269292144027,65.89645520888304,5.889220492259366,7.0,0.13241838680181783,52.77770357300841,0
278.0048137176793,50.478074561437126,24.39438530554554,6.0,0.0,182.55994261964122,0
99.43071059231931,18.464268220145396,10.532919265587289,4.0,0.0,129.88241339928987,0
82.18521900614334,28.605108568824285,21.837347364420225,4.0,0.0,178.7598981139068,0
27.230263040703193,35.24236866802596,7.079959500569592,3.0,0.057510902564179345,6.7352657408750005,0
57.199608440473554,26.481251605978564,26.102116415475244,5.0,0.0,105.28601234038781,0
104.36510406914348,29.118579168183764,19.412430511753477,5.0,0.0,237.03957816058028,0
16.890808748963025,6.526612486913223,6.588377509894557,0.0,0.21871110912371022,107.9085163643013,1
67.35685095720956,21.100327376007918,15.66311574482982,2.0,0.0,115.90812745520009,0
53.45035084904535,1.831561568114985,12.246528314311014,3.0,0.0,37.777168144905744,1
60.71658772564034,8.615870901095931,25.025933716827442,7.0,0.0,184.65117232691722,0
321.6653768328887,84.48942959882724,17.768384998711237,7.0,0.0,88.42217558779282,0
38.20008046390171,26.39153633709988,17.908968401477082,5.0,0.04287668095237973,50.940987186097146,0
11.328506335623146,0.7334696049184402,17.951145661554108,4.0,0.02400816099723646,88.39443004445941,0
266.4671754129509,59.98836373094186,10.167131163557944,7.0,0.0,45.06741283792543,0
12.586705969484747,25.21367048425877,19.613143281739546,7.0,0.0,11.923712635110377,0
176.14859018857882,15.39022587337131,2.000232313267116,6.0,0.12128660635816285,111.06810590069875,1
241.11326119076818,43.992789622599716,12.873428256468419,11.0,0.2154077310492848,36.31095397586539,0
108.53249375818685,4.631092589062437,21.531301523071956,9.0,0.0,116.85491193742877,0
139.64196013097026,113.07252493760495,16.091747308027657,9.0,0.7657727122030836,183.65564911188696,1
355.45131587202883,130.97406099074186,25.270810316946054,2.0,0.0,141.6279359637765,0
348.25036171967406,105.3654854974841,19.35172249720111,8.0,0.026195269296372836,63.554617973839584,0
16.159998625785903,13.901914499246715,18.47294000388088,3.0,0.0,112.9555141882447,0
27.3374196059493,44.21358934814566,19.436491840140995,11.0,0.0,2.6421046519328684,0
165.25902590550186,25.656656247487575,8.425111328461865,7.0,0.10818442957367597,48.726710812822674,0
34.31474156021583,21.02720488820625,18.273036425302855,1.0,0.0,91.03727479937763,0
348.72237666836503,83.28378080529892,22.23278409359495,8.0,0.0,162.80264030726943,0
493.82858280308506,128.66079421145565,23.1446768006534,10.0,0.0,206.77426687788318,0
19.90433255718959,25.246791110073787,11.52051380517684,3.0,0.1008642685435373,7.863886058226939,0
102.63577253752095,45.99965350871989,17.72305363411261,4.0,0.16638886328503322,35.360839439969794,0
173.67657242324458,31.006779219720933,5.256272992866288,7.0,0.3614262699447435,40.85269274180607,0
55.231484404253706,9.22731167802256,19.908825340968836,2.0,0.1318789167539242,83.59160707295702,0
125.93058275424616,96.21997225241628,11.510116254150647,1.0,1.0,78.1384237411916,1
287.9153306828165,74.83814184195383,17.477702743460874,7.0,0.0,62.173873301502795,0
371.1833102532553,106.3525030025937,22.859818643880647,7.0,0.0,121.92089741045993,0
433.154465960613,140.4120312808783,20.523903247175685,9.0,0.23683782322762037,60.436167086017896,0
80.72780794919001,0.6755238236713694,17.58818274940886,7.0,0.0,122.0447450713346,0
1.3834072655883602,6.550050059548084,19.40542221484513,5.0,0.0,152.53964109502803,0
115.22401157298424,10.064874047023181,13.37943302809417,9.0,0.0,75.95272705232752,0
45.986161523948724,42.4509072858516,15.050354454816539,5.0,0.0,10.375541671261573,0
283.96614140332935,94.0224465557626,14.332390892894244,4.0,0.1608127699076105,70.4730944130204,0
45.92336233974834,34.30498021604474,22.42324217663645,6.0,0.0,76.98335615646167,0
199.6615639631422,33.07816652536268,18.612171664629642,8.0,0.0,75.8107925495084,0
336.04687773883416,91.97118264512832,25.757564369091295,3.0,0.0,189.6055910024058,0
259.9476384965813,82.3468809417675,24.976355298502753,2.0,0.0,149.1062417285131,0
91.63740500379927,13.315042666843027,23.27014491876877,2.0,0.7660235708819964,26.503832472455528,1
44.685361835258824,2.385279965329538,15.872314592657514,4.0,0.0,122.36947766201337,0
153.03660671238168,22.915582256670348,12.047151574599388,8.0,0.1575539422654152,2.4688256842520495,0
180.1792438510182,57.3776156296705,9.261787056969856,5.0,0.4377331119835979,0.8327801434027293,0
15.235726475640213,7.906421565015812,21.681887362893928,6.0,0.0,168.43057725719578,0
112.40631132449931,17.02267261780221,5.292071185177942,3.0,0.0,46.476899569683795,0
13.491349458430648,27.865116934218328,18.47346648029273,7.0,0.0,10.514620770880967,0
48.63422309178472,16.59458122078121,17.384206473409773,3.0,0.0,143.67975049104268,0
202.76913185634606,45.07619858572646,4.971600214464106,7.0,0.37229665248537425,8.692618007229509,0
456.1795896276544,140.5110136875458,21.55660742816346,6.0,0.0,167.33540029604092,0
45.731206563400804,18.948394407535247,11.44787547846202,6.0,0.0,7.4917126911431,0
53.75804237439968,27.436020217333123,17.19463486623762,1.0,0.0,145.40214918353962,0
193.70954104585923,32.660089080992456,14.5409192706751,9.0,0.03902502306270417,59.484911939049866,0
237.6701602661645,68.31041587736706,7.719217897724706,6.0,0.3385125786130504,13.900416202327719,0
53.78274284820006,21.652787502143205,12.728028557775147,7.0,0.0,32.15965635521218,0
285.4831428094812,75.66985217122894,13.584911394256027,6.0,0.0,65.83186905888881,0
295.8155342482556,57.62731628180012,19.74765999815969,7.0,0.0,144.0412876536216,0
67.28728124124446,3.7279845031448247,20.465213908829625,6.0,0.0,134.83731264484618,0
244.15976895900485,72.6604221267041,9.645833445718647,5.0,0.16358572646475766,12.281951372334827,0
306.3973312877727,83.26131507452375,8.4015272221257,7.0,0.21790891145609842,44.24016190217691,0
241.46196985547684,60.57264279794812,22.977196494193304,4.0,0.0,113.77040458340802,0
99.82203512235915,2.541294308730386,0.9611779330213857,3.0,0.11043484274335924,89.07785035554488,1
122.69634169987575,30.01176658242916,9.950686416423448,2.0,0.0,86.95136986545117,0
327.96449809718035,97.69338156130983,23.420884670952987,4.0,0.0,131.21849239363033,0
51.71223438683654,26.548526011334204,27.030559199176963,6.0,0.0,137.96958082832657,0
308.8495219774237,83.0130239211559,16.94085183239416,6.0,0.0,103.20286611470115,0
17.280065436651235,1.827306168474717,23.811029261573182,6.0,0.0,216.69281902469268,0
13.837934878764223,16.430727983256133,16.507024906956847,0.0,0.13697512187409827,47.04706872821147,0
361.48525013831915,86.38662788728661,20.883848220388323,8.0,0.0,154.71395976312098,0
325.7672957293072,80.11441837586844,15.84833409407226,7.0,0.0,124.76749452004529,0
15.538290435647923,30.356075444508157,10.20170029614747,3.0,0.045856523728308285,80.04640829793598,1
26.886297410605167,3.2370064083099876,16.622280106661847,4.0,0.0,97.92081490662187,0
11.768739093670199,10.628263433528833,22.671598669382334,3.0,0.0,123.90213938289168,0
227.30997913273214,55.554586762584584,10.285090694842076,8.0,0.312632676625109,8.664250830484654,0
105.5271350325086,9.792552602111272,14.078177262905905,6.0,0.0,109.1924974735246,0
48.17550437778597,30.50041370677178,24.709155416673067,6.0,0.0,110.0104903562363,0
282.9381355365064,64.48012555139334,14.85430344304668,10.0,0.06435754111934966,38.45432877037452,0
339.61462630047794,108.80513349984045,12.969357475998262,7.0,0.3280481272440492,47.53499810547167,0
299.62289461062755,79.85147813300243,20.621713567131007,4.0,0.0,126.47428483126696,0
164.73365030262963,88.1871226735013,20.42768730136804,6.0,0.0,15.430497921483095,0
310.00264560398,60.439548248413544,13.642331337154669,11.0,0.0,54.7292520507271,0
186.69047032300716,16.33861879469182,9.224198461641304,8.0,0.0,95.46699777319967,0
71.84834370535802,8.656637776480544,21.56519643217934,6.0,0.0,86.86679515898092,0
36.17794809707344,31.305700174298238,21.970383701730345,7.0,0.0,125.08704618857166,0
57.53767269402596,14.078856605975368,21.392147467118576,2.0,0.059740090098739984,78.15641515909772,0
228.784062708481,58.931589982829834,13.25467989694417,6.0,0.06671366217672853,47.12063470943523,0
107.90152446562627,40.588023841503585,13.97369774352039,1.0,0.0,139.88271192432563,0
12.780062795019916,38.53921435334941,15.405151307345552,7.0,0.0,30.078408384012903,0
185.5821453666955,27.650987291291102,12.460035193812669,8.0,0.03466430942643456,57.57483271081833,0
36.67204145860547,16.5040105411995,12.43756602412575,6.0,0.0,12.891813339578793,0
273.20151179425534,76.7779865733794,13.982405932368309,6.0,0.18351274895776643,104.8799781397154,0
342.74549230498025,91.1693957198789,21.815319948924298,6.0,0.0,150.96033945658164,0
332.916540112059,64.59781019830422,19.979694422598914,9.0,0.0,114.72153011023558,0
352.01840267092655,88.5879522733892,24.016466052062615,5.0,0.0,183.38137148987846,0
213.28360721692175,52.5969871486532,11.958579263258834,4.0,0.0,91.98454796744498,0
185.16715772408833,35.3154459351806,19.63768258603435,3.0,0.0,137.88997506974022,0
293.52544782335923,72.96112940937734,19.733917120861328,5.0,0.0,128.52166108501052,0
9.483368948106346,31.095532257696668,16.268077278641044,6.0,0.0,74.77775810290196,0
35.052391867651494,53.44708719551342,33.97431677888294,0.0,1.0,20.825489451149082,1
362.9457332937425,96.01526359410619,28.23910265887067,6.0,0.0,175.7453891782076,0
67.91240853947349,4.4723922439541255,21.32978750325545,6.0,0.0,169.45088808955,0
20.64888686181517,12.759369234646599,15.844310015598921,5.0,0.0,40.42564521897971,0
58.50026183251622,10.55808842902831,9.541013466997915,5.0,0.0,10.748274824728952,0
406.2661252415632,102.51864710530091,20.5694099476879,9.0,0.0,155.61165217553554,0
282.66191656204705,69.76077280292881,20.920153797990203,4.0,0.0,135.81539772961096,0
112.13657861587879,70.15215714671201,12.751106739172958,6.0,0.1544841926140863,11.021676395158853,0
63.86828068133008,30.460479242380636,21.484507037397716,4.0,0.042212036014673826,43.76411923028588,0
282.88616672587335,83.88764811445225,26.3391042611566,1.0,0.0,161.7492096721155,0
180.49404013861346,33.90815685282243,11.564667482888199,7.0,0.03415596473964344,36.39936928974025,0
224.0148566353376,45.89942290013518,12.816669175136468,6.0,0.0,62.20277922471058,0
28.58939703510027,13.353636518123132,20.642932504068895,2.0,0.0,168.06481456800313,0
86.03688091130925,34.03503797812897,21.26497366547865,4.0,0.12209558792910258,54.35027787748763,0
153.30354240067925,31.727060528788364,7.797359845974608,4.0,0.0,109.74514054770322,0
279.4071503221273,47.59337589369234,13.293660461202519,10.0,0.0,108.78216087569974,0
172.74734324290682,32.97592458822499,3.777870228387151,8.0,0.5279701877007196,5.871713337831288,0
310.3520370097325,60.93663483915913,22.613265870645325,10.0,0.0,141.97825881131965,0
228.3041772228329,38.26541870664485,17.420011949016363,8.0,0.0,99.10870503635604,0
109.72844882844203,17.149963847753405,9.599567230926965,5.0,0.21740432663703457,44.45182826095384,0
73.27588949889123,11.179923548037948,14.432877285674829,6.0,0.0,31.027336868080013,0
113.05784627911858,0.7761082819371268,11.233081515879348,7.0,0.0,89.94525144237218,0
220.84870428593302,66.40351092084055,15.693717927338135,3.0,0.0,104.89594371293407,0
4.699954148730512,12.93189708260438,10.084661179123774,2.0,0.09193350266929723,33.80765613227212,0
179.02631937388355,53.113435821744005,3.6273515810963275,5.0,0.6223753391085637,8.61936881836538,0
145.59054637666128,134.94690249175676,17.75452124226876,10.0,1.0,131.63963807260905,1
318.05116268030247,80.77209093815266,15.035265062649538,9.0,0.04689317590643233,76.34775656709385,0
273.46898047258117,56.522641040396906,18.466366221657626,8.0,0.0,120.11047945384598,0
120.52902575935303,1.5077446766165359,9.839584095777484,6.0,0.0,42.28235968871314,0
69.50054690244443,21.087035410531826,20.9781423382872,3.0,0.0,150.10599260293282,0
57.59856308583332,4.706770055136701,16.560015306218396,6.0,0.0,126.83918034349722,0
89.88313477466394,19.457145049238022,7.027260215402425,9.0,0.18691922886000317,104.92115557745491,1
195.88373952793302,77.3761991879298,26.729197767563967,6.0,0.21006882609714517,78.3304163983193,0
110.80181323623952,5.004091462626192,11.20556240970824,7.0,0.0,86.4186521509567,0
418.0973257353828,108.41191947372876,24.057375870047295,7.0,0.0,182.98510621986753,0
338.5229776789935,81.38862592706269,23.555128765907384,8.0,0.0,137.81594211277783,0
53.05048546927355,39.053574052053136,23.253307877338493,7.0,0.0,82.37317570249927,0
206.54658851620877,61.33026707404402,9.877770688897368,7.0,0.4794890606798594,2.130634497315711,0
27.550745324857488,13.14547285549348,13.561789007980682,6.0,0.018853641201335813,49.51682807809236,0
65.84025545484836,2.2287627763485744,13.361017219739091,5.0,0.0,96.41739264335057,0
223.61603863638564,68.36324907419268,15.735494862735543,3.0,0.0,94.75176350684958,0
309.11402764343177,104.31043012825543,20.945556931713334,3.0,0.0,97.5321619187225,0
244.5477706593708,61.21550385936953,16.159707458511246,6.0,0.0,95.34389903699127,0
24.865760502115307,15.458010321581526,14.97874187712896,4.0,0.0681563135046227,102.87537908822421,0
102.74071811985597,8.958671122391799,4.445530229037452,1.0,0.0,154.31011260987052,1
117.77185173249808,15.049073535681714,9.096390248184168,10.0,0.09657850125108897,130.3188681461923,1
10.44773871543427,36.344749945646925,18.478105921421964,8.0,0.0,67.4517910668198,0
239.52086260261194,46.86065564239007,15.191889145262968,7.0,0.0,93.52541237739196,0
70.59354719967735,69.17271734214484,21.063608335558282,8.0,0.0,78.59708964433113,0
265.20627376658786,81.37316677869828,13.772509054118082,6.0,0.24444747287266483,68.91601788290194,0
78.26146655827536,15.972867436130525,7.4424078634174755,2.0,0.0,96.62230269668188,1
314.684748394862,59.03725440551566,24.62797037335401,9.0,0.0,160.60576643777904,0
312.7383519429146,98.608966734082,20.15079213044024,3.0,0.0,118.94708604309099,0
40.08369877288822,31.44422334474021,17.807815077305243,9.0,0.0,60.85161403601896,0
137.41042057174894,34.13254755000155,11.387012911416168,4.0,0.0,185.92371395534877,0
98.94363254099025,95.02929676252138,18.618198895907256,3.0,1.0,83.52479709033152,1
95.93390357727027,3.6692432548693965,12.175416999164472,7.0,0.0,107.98793297885499,0
58.90011705667164,76.7815101305391,22.9985977800037,8.0,0.3766188630710535,121.3505033205426,1
286.36663881279594,79.42859136031304,14.975481797593842,6.0,0.02022060299996109,94.15364077384935,0
356.5313426160922,103.13767984482487,19.431408158768996,6.0,0.0,137.71989657743188,0
40.15868636080215,5.8161759676801665,14.52673297972773,5.0,0.0,112.56829326393432,0
37.753421454554356,53.22872104910283,19.50039739037803,8.0,0.0,41.018321529685906,0
79.80176468236948,2.4813027081400847,17.456516107652405,7.0,0.0,135.7717538893784,0
29.06412378975199,15.692889639378663,21.303613364373945,5.0,0.0,196.0807004902511,0
315.2190003645417,78.48979868137701,15.601203305098027,7.0,0.0,81.31686968901113,0
70.8046241802104,29.65155703912,22.675549191524794,5.0,0.08370555748361952,69.95442494211852,0
112.9506525950995,14.637616969367517,19.075495787974926,7.0,0.0,197.5133816508673,0
26.098643630278502,44.915597659537696,19.36059492391263,9.0,0.0,43.46750830091621,0
71.8569190914551,76.67691069268125,14.782508733620025,3.0,1.0,84.34900237123298,1
311.29067715619396,91.93533178338221,16.226457404909322,4.0,0.0,129.79898418188247,0
106.93917121516176,37.30026828565612,20.004423874454307,4.0,0.0,257.71939078840444,0
57.976996043930086,10.984744998589704,19.80903753027703,5.0,0.0,191.72805893420752,0
174.9192669948309,39.80428150624196,4.989321252475248,3.0,0.2974446626474412,147.3711909952834,1
44.84947812474155,23.394416469787124,15.909483980731528,1.0,0.0,140.2211245346874,0
144.7097291705599,3.261538633145385,13.681513907353809,9.0,0.0,99.31134271794122,0
7.3152442936700055,52.268126545542785,13.53632877152612,10.0,0.0,2.3931092047901714,0
212.53822599372901,63.56142685357689,15.653871502926743,4.0,0.048348508663371814,48.32321426185658,0
42.36172308396402,67.82160266927303,19.68554377839442,9.0,0.29708240881303083,150.64530926729543,1
16.73258394125139,53.59553624032455,25.728532716038295,4.0,0.6020243993187262,91.3236401366515,1
333.543090733727,82.78284599594893,18.703656240410307,5.0,0.0,132.6470415079136,0
31.066385101162503,32.414906916936644,19.369494592639352,10.0,0.0,132.41196015867183,0
49.080827998779625,43.85607002907693,2.8799403455135204,8.0,0.0,87.7697821584659,1
34.652072473679965,30.551819008858516,14.669003214121204,5.0,0.17482790676818644,8.202837842386206,0
241.45366976790248,69.9731560770428,22.766081645778044,3.0,0.0,118.10341007662109,0
48.675767746881405,38.67423782104896,18.312630927391083,5.0,0.0,46.50713202763516,0
19.99165820171423,27.820399962203894,17.639973976543196,5.0,0.0,37.10443375764144,0
31.36823245337652,16.73532994695053,22.197521821068577,4.0,0.015149023687244467,16.002033032613987,0
4.691509186439092,41.9155489707141,21.653444562565852,9.0,0.0,44.01692763318968,0
77.8229436546819,21.37430420438254,10.399416138389043,2.0,0.0,91.01365703917493,0
76.99819364090565,95.65131993456191,13.316662175586137,4.0,1.0,47.029380591850284,1
42.72298803977473,65.19528901308608,23.044690154775044,5.0,0.6403398525980062,128.7746573646359,1
83.61304365482383,15.18928703345135,11.17830751174164,8.0,0.0,12.983348942545014,0
259.54933127677157,88.61441896489973,9.092644244953325,4.0,0.4734347979248331,46.24667727357006,0
231.3520543037641,73.94838855184688,21.10127192697667,1.0,0.0,133.92109376279595,0
93.22526996146463,16.083607589968224,17.17262427908457,9.0,0.0,57.140456768893614,0
251.4093208065165,73.7486540167829,24.411628145129345,2.0,0.0,128.7791900349511,0
62.53053522165226,18.02625291614507,23.83510972283887,5.0,0.0,212.69612346517187,0
53.73737559931548,11.40572459843061,4.1159553557375155,4.0,0.0,22.141231081065953,0
27.66119485679318,9.13229691200425,15.262215834203587,5.0,0.0,75.02563127458119,0
210.8290641853707,43.88094272728294,11.565070733762866,7.0,0.0,44.511836901322255,0
299.7574981567855,87.09621514410085,20.861446261443422,2.0,0.0,153.61899516876431,0
126.92727163617997,43.776161358283034,20.179715006420665,3.0,0.27209403533352755,26.628957799681288,0
436.7917820500205,150.0952241080001,28.200952502880835,5.0,0.0,138.18615632491964,0
227.60142066307986,42.0382841146035,12.308705881395296,9.0,0.0648234656732235,40.345886532601526,0
60.7729057455966,12.59364697544327,18.40521637582229,7.0,0.0,24.647037910622196,0
10.034009115209841,49.25809543626571,17.30673281617456,11.0,0.165011697521795,131.29995184534008,1
299.33842444054085,90.32099731776744,14.342180221726004,6.0,0.05267499770958617,42.14339306987243,0
7.807529279343413,5.8662041886930325,17.34449419652033,1.0,0.0,152.42833128078698,0
371.08229904403885,91.1613247610414,19.18346663388095,9.0,0.0,109.2610635842432,0
181.88648225681652,42.810113941281216,8.491438153126047,7.0,0.4325669800286649,21.873943010339758,0
314.7817222596114,77.16858454549978,15.716756071134485,7.0,0.0,121.89686947851278,0
31.780233935023986,3.368469742499933,22.688453353370775,3.0,0.0,172.95265133833868,0
45.10214552085745,9.963547949940299,6.576105689950596,4.0,0.0,68.53250971811583,0
52.25593689292569,45.394382583392684,10.91752842399589,4.0,0.019139842468102353,3.8188445867025855,0
57.514397246075276,53.88725620279395,14.734456444761209,6.0,0.05565816802217488,50.492671366926594,0
231.94649909360868,52.056428527860035,19.682262997310374,5.0,0.0,95.88990932355094,0
240.22821728448304,67.77962426671944,15.680129434850873,3.0,0.0,95.63309051875098,0
256.8418777445697,38.453186390143216,18.705550573612683,6.0,0.0,140.61837107398648,0
33.06891018179894,37.33845055749948,16.07520138544684,1.0,1.0,19.0575912714546,1
10.442424678059098,73.24571764969068,9.902720614373724,10.0,0.0,142.43813244565686,0
15.290762886133514,38.561680582075354,13.963965533357023,7.0,0.0,32.59524705438197,0
97.33906662384442,80.30413458613933,14.820792252070456,2.0,1.0,80.07522419250293,1
246.29982775965033,74.4684149248661,16.255742910954655,4.0,0.0,79.83883614866967,0
29.818904981837854,24.496775254714805,17.288433770796615,8.0,0.0,31.857086382207036,0
8.340067291535618,25.266207203145044,23.86179369020077,7.0,0.0,52.17669115517279,0
230.289875781854,56.772465327884,11.037799876452839,6.0,0.04411447947622871,59.51295842957073,0
68.52922491930457,8.134345106049391,12.236989394863748,4.0,0.0,160.54110915331086,0
295.59459329874073,80.43357334462411,18.926309622137843,8.0,0.0,61.884931892213004,0
95.21967570820726,37.816687356121584,18.98424351847919,3.0,0.0,245.22865345390227,0
392.8561531325608,107.7255527550261,18.61905897534777,8.0,0.0,151.6548214039047,0
401.92264917643837,95.10566456881854,19.789827265274674,8.0,0.0,157.9025501340137,0
35.40241989035688,11.303277112501924,27.67238038629016,5.0,0.0,179.09615088878616,0
10.347946061894262,16.192972753074528,14.558881325919106,4.0,0.0,134.53695110696384,0
329.04306596890683,92.18322824361027,19.963839477997176,4.0,0.0,165.5545122801121,0
246.88091734648168,66.60891583105507,15.066558017047113,5.0,0.0,95.80792305901761,0
309.18740888579725,75.01915247223481,18.15228313359831,8.0,0.0,107.94713953311242,0
26.30924865894815,38.0123215070107,7.241606899637427,5.0,0.09416983551322078,16.606134372179806,0
10.740527984531212,19.419588617571463,19.968402029482668,1.0,0.0,152.00713840888824,0
278.15034911394457,100.08187359322574,20.223155315352408,1.0,0.0,120.36393435447295,0
144.11435985048166,121.01219939506116,18.60658023952683,6.0,1.0,122.44207405224594,1
222.7143415292535,45.81458645472526,12.119608253227401,6.0,0.0,101.04241520208586,0
12.639367825674697,37.22968239674955,11.522352712821455,7.0,0.0,4.281201635404788,0
323.2060945244555,73.99853124870185,24.406107931829364,5.0,0.0,175.02909126750092,0
273.7584638152838,40.29741185561039,17.250498932246927,12.0,0.0,89.29404422378849,0
80.14605841475374,16.685628938065136,12.379128875232944,8.0,0.0,28.70103631239146,0
155.79856254123644,5.9271375651874365,0.48505098637520483,5.0,0.0,117.9822884830622,1
308.863232271109,84.51269316186662,24.209838488396386,2.0,0.0,203.0570771044271,0
352.6133539317163,88.51130139000486,21.8608427724733,6.0,0.0,141.83320484396785,0
26.227749433618868,13.44657019433317,19.94231300516803,3.0,0.0,54.36168150498396,0
392.19617378667067,104.52674891880717,24.73931244856949,7.0,0.0,168.66474336785396,0
229.09112701891635,30.154292167384558,13.687630761449102,8.0,0.0,115.68498386801933,0
96.24953475751575,34.83493992252731,18.236068823240906,4.0,0.0,264.9494251495305,0
346.4756681015182,72.73105475083977,22.42940010048776,9.0,0.0,158.93266186007332,0
3.6271599563670804,17.40894869765779,17.322786057848624,6.0,0.0,139.68110686268093,0
316.2568566136739,79.00962236612807,25.63463406194058,8.0,0.0,119.1134171069484,0
311.65695093978263,79.39850437622262,17.036046370427442,6.0,0.0,126.53614742816629,0
319.4340000592685,90.0696464345761,17.54015092420645,5.0,0.0,124.8299464634721,0
16.049727726487845,2.5972989266662125,13.033655924128333,1.0,0.0,105.78080423240056,0
7.992787236347425,21.840390365979765,8.738413106043353,3.0,0.09392049429676524,16.916547094275796,0
342.89595663623373,81.70471364647426,23.624368608097654,7.0,0.0,144.9595115549948,0
36.15958621105519,57.2099305432085,5.631131279811495,1.0,1.0,12.266537489775597,1
84.84619448813923,0.7201482007480777,19.851763180538587,8.0,0.0,126.25579121654528,0
22.372229721702155,21.697514742070673,20.089446176474645,5.0,0.0,113.64067654343359,0
38.1655045627822,1.7337509783316953,17.18500209988921,5.0,0.0,70.91775251446748,0
10.412027108899736,11.614868102307021,18.357528672247625,2.0,0.0,89.8976729793628,0
51.707259894556515,5.443338722962295,17.47702010525056,5.0,0.0,171.33948293256913,0
257.53033638785024,63.43814693399792,16.9891267166894,7.0,0.0,81.45721256217833,0
381.5657125652725,102.67314994125928,25.25730297408183,4.0,0.0,217.07985156044145,0
1.4169800697195711,12.606182404354207,22.767550261369454,2.0,0.0,199.25395331713247,0
39.34234236804386,47.64289122298638,1.0470193100291993,1.0,0.0,63.34777105259395,1
26.789530543176028,2.257874209561173,18.148731071676906,1.0,0.0,137.26861018515916,0
260.53984307898486,81.08141118837382,20.448280035995026,3.0,0.0,108.73062662873241,0
44.69658156244912,64.96387703515302,21.1921590136577,0.0,1.0,29.1556986507172,1
272.99404536037355,48.44985201122718,18.381501963069116,12.0,0.0,24.979441491942964,0
119.85239141578285,66.03360377993154,17.536827508977062,6.0,0.1463345834419491,3.793012088819241,0
65.10129144140893,30.324235870558795,22.737653340586196,5.0,0.0,104.23116137686547,0
273.2168960246048,100.3799479921114,19.354618649283402,1.0,0.0,124.14712255908847,0
405.273972234347,119.99968652072455,19.726257946465616,7.0,0.0,154.01448740041292,0
11.136211955124807,27.74680719454888,14.408599553820881,6.0,0.3243507416244368,178.59125045249021,1
341.5250241025453,102.84838790513972,19.226396399476393,5.0,0.0,121.90364531687008,0
9.626083441219293,7.123525621777901,15.267069705954889,1.0,0.0,156.92926612149034,0
84.29283119847022,5.8501094432917355,18.040279000345805,7.0,0.0,76.21827299712122,0
20.264714923799602,35.07183185880072,24.5744831709808,8.0,0.0,101.73413142589739,0
134.7464203544247,54.206851438389634,26.41980243646413,5.0,0.05102309110758385,59.92704066297213,0
13.578128815901671,31.23490690957489,23.62333746577878,10.0,0.0,161.62663031916378,0
24.066618744893773,17.22289641599491,15.2793086954211,6.0,0.013309206518367422,11.2542616871566,0
49.765841740740484,27.28022524182851,20.05521239848717,5.0,0.0,89.45901548750372,0
6.6142523401764635,24.076070530618026,16.733550851231456,5.0,0.0,71.25637201570284,0
66.83934219728708,92.25700311191518,20.106589141357205,8.0,0.7447196369762635,81.78091792323778,1
258.7477265764594,79.44592700812956,8.255471695449113,6.0,0.449846597611141,37.10659532976389,0
221.03833767141816,73.44748216812425,10.252173417341112,6.0,0.6264643656593796,18.623600210385405,0
81.02572378192333,7.720550585269244,13.26563863481052,4.0,0.0,123.10419894645128,0
215.0434265043034,51.90451984133453,14.850850554691775,6.0,0.0,42.70450095729362,0
66.53760540897778,14.78997963694658,20.23963994825543,4.0,0.0,182.11985414146562,0
18.081762410207205,14.18133338186054,15.15984240224343,5.0,0.0,23.724415618076904,0
340.68149014247905,64.56591324802011,25.83727011639123,8.0,0.0,172.22036455834896,0
255.1137152869505,70.36075384113249,14.447556423728493,6.0,0.05126145156863404,60.083166436050945,0
32.86800887125594,12.905222792906997,12.91093171467178,5.0,0.0,55.87554300394035,0
218.59846953303565,42.60221144744197,11.343528042510206,4.0,0.0,131.49787758909008,0
60.55850382130239,2.4202956118022136,11.007362742952054,5.0,0.008423968795897907,57.57228738429748,0
428.24825132688665,109.64626761915791,24.1228845382916,9.0,0.0,152.49455388440856,0
6.293766026612801,28.87378113359116,10.904686877404902,6.0,0.11409735599672621,11.141462416020282,0
194.51830506528444,37.650790479808975,17.621241473631486,3.0,0.0,139.33872240517962,0
167.90983013777435,43.60820177043682,14.705736500616755,3.0,0.0,58.47255489232281,0
18.542421113057145,5.4826506252054585,15.799447245358149,2.0,0.0,115.70800777307419,0
297.5001622244679,87.56907997395511,22.844304032129035,1.0,0.0,195.47023079313652,0
264.39620405079137,73.93436230211836,17.195955221342103,4.0,0.0,113.8773795348911,0
8.615888937074999,29.188268409260886,18.294989022479555,6.0,0.0,65.97512501431184,0
22.444903417264726,46.847619684455054,8.4900214497194,0.0,0.0,89.6396176738237,1
332.7766814471305,65.32948742853462,26.80175790792193,6.0,0.0,175.08508800277778,0
297.65327243105065,76.22958624933281,20.666991146775153,7.0,0.0,110.61237304875152,0
57.04346610228811,21.7990232362391,13.797160496198359,8.0,0.0,83.54413594533406,0
121.31073465618226,50.48785860973034,21.898253935119875,5.0,0.09109487913144554,77.57064350426056,0
68.57631304676514,33.362700169341025,17.80139441873792,4.0,0.068437180691097,45.757158160713004,0
92.61700769040924,5.675900491635886,11.972470251298075,7.0,0.0,50.355427618687365,0
61.04872338947966,13.70031042483118,14.674426345843125,3.0,0.0,79.97167515383325,0
375.84312538428867,102.69630500655408,17.548599817056036,7.0,0.0,125.9293792706566,0
25.521758388283907,27.71770593923422,23.838616496626035,9.0,0.0,21.155899703435228,0
14.47241120409069,28.576211765033648,18.091979902425834,6.0,0.03599494734108222,3.5675619996939734,0
201.97337224717788,27.62727701442627,1.3863439360454342,12.0,0.0,165.5382324144654,1
341.95011522632717,76.76511684132177,25.848691760379296,9.0,0.0,118.01266915002958,0
205.6000626398905,47.89689736245148,9.953643588515664,4.0,0.0,92.25729797169565,0
373.1349042942793,121.44051120359836,22.44810148868839,2.0,0.0,160.1206114536208,0
54.98927317303115,0.6515469948516213,18.696756218821683,6.0,0.0,162.22874532209846,0
0.38517072062749946,40.54202865921832,18.175459613688243,9.0,0.0,39.13835062804925,0
46.073749656403876,48.64983103701236,22.09787168579555,9.0,0.0,24.135370932866344,0
343.15144994402976,92.60604999879796,25.214120495494143,7.0,0.0,117.31443793425706,0
157.98469585298824,17.020633459873636,4.440188194563888,5.0,0.0,20.300812495726824,0
18.806651600324408,16.561886170189965,14.942602118881682,0.0,0.0,134.6844939975088,0
286.0497723529959,94.62342263326221,21.931515386261108,3.0,0.0,91.7725083948902,0
227.40512377192746,41.05021787283943,9.517843853479762,7.0,0.0,50.93407986739937,0
54.50118512730381,32.84470863000874,23.319354641211984,6.0,0.04342645582888005,38.472043316206246,0
112.6800209922586,45.59835865754462,4.834357480255692,7.0,0.0,55.92817980678759,1
297.42562311125926,79.15643417897104,19.70673219505172,4.0,0.0,135.04190776036927,0
54.59802525821195,24.298491906134537,19.438955591778427,3.0,0.0,76.61565086293983,0
157.54725925113104,46.96617403468386,12.57773929377974,3.0,0.1370203909587811,33.349082630941176,0
353.3936315588986,80.71568597502775,24.960572698987672,9.0,0.0,131.58566816658515,0
36.10328531996892,47.540850233148745,15.292695003733067,7.0,0.0,8.263601001640389,0
21.68422219764315,44.73426325918959,26.397067682976886,11.0,0.0,91.36590958075195,0
257.3646248028833,82.96998119055695,16.883092998365022,1.0,0.0,125.63344124018838,0
60.207453837675416,28.76452075452103,12.810491248383748,2.0,0.18854011343310262,17.05779181817581,0
217.25623623024944,57.235342158884414,17.200573855602848,6.0,0.0,36.74345489518344,0
87.3385004245279,1.7098454779977459,12.614385276123413,7.0,0.0,74.5056703719027,0
63.13468045504178,25.80939221555159,12.410019141994415,8.0,0.0,4.717548794693744,0
264.5340269391138,112.00011510928084,14.563034564107555,0.0,0.37451273575431854,116.65054721764831,0
84.84007382773106,60.1527867381395,10.736664177966741,6.0,0.3734384052241497,79.94206861523796,0
18.58872019246961,13.352976745088746,19.527551944239008,0.0,0.0,225.7470374363966,0
122.07320476598304,33.642058309492725,17.636740397217338,4.0,0.0,192.28927376173687,0
260.9913382330661,63.63224322880815,18.171776468703683,7.0,0.0,104.64895297241954,0
151.47369072078374,99.43882184206984,9.182233145964293,4.0,1.0,168.20277997317245,1
155.0703737515738,15.336565771040572,5.257341438636004,2.0,0.07021657763994604,124.06491480016093,1
307.1880575574295,80.38237542699837,22.873274750860688,4.0,0.0,176.66074388184256,0
332.864013933533,90.00480531790004,20.561325720639054,7.0,0.0,124.65535183646685,0
91.18808020109378,51.248716322499774,20.237665337526664,5.0,0.08743686276559831,2.084595324152474,0
128.29351796156115,43.34858234126788,7.665404019462256,0.0,0.0,118.43591994526773,0
10.005703371759125,40.63321900798506,8.323677428378286,6.0,0.04849488973880245,10.780451564550226,0
5.916155045544059,13.370429845744397,18.54894306627095,6.0,0.0,132.33343422604437,0
378.16465171845726,93.20186493530164,22.809431132228575,6.0,0.0,192.04598730488044,0
163.99284596857595,15.86542926424881,10.19810082325823,6.0,0.0,5.801263990978871,0
260.4486203706974,62.36046100370441,11.573741635157916,8.0,0.18660502712500654,77.60325584761766,0
39.13749474929676,28.902414659400748,29.96713937707877,3.0,0.0,206.8154069388479,0
348.8831978542285,92.78964970505953,19.456484554347956,7.0,0.0,122.00167529173686,0
31.267885326934916,31.333982907870244,15.261681039698143,4.0,0.01045042977248134,7.414924470938704,0
178.6599623611549,7.905313080591636,5.414556394169216,3.0,0.0,146.61529318742572,1
46.232760072221524,20.204627556746928,15.297320434875495,2.0,0.0008019932355273207,55.717044338156626,0
88.944330221082,7.796330901650521,8.798148935844052,6.0,0.0,5.214844261076266,0
439.2712285624072,159.04806400796727,16.95032989899775,3.0,0.0828480107688429,121.03517362083161,0
266.627858516557,90.9409845486079,7.313953942404142,5.0,0.5240383967497194,34.744730600425115,0
254.92808033238163,77.80945571870356,17.641011852065958,4.0,0.0,78.52884500740748,0
142.24984059881476,68.29293695298661,11.766119676498136,4.0,0.2095485152625272,36.99628721117956,0
372.3547966949516,114.78615292313215,19.71193497131356,5.0,0.0,133.30251842453194,0
13.976162697293823,25.292113633977834,21.294895021111103,8.0,0.0,81.52800707553426,0
315.6121874324461,71.0255557090411,13.904789471764794,9.0,0.0,123.21913458403392,0
100.0205733704532,23.544650730034103,11.428770717502882,3.0,0.0,183.17540333401604,0
244.82476081256496,59.68049650080286,14.172749710428304,3.0,0.0,113.52187637290656,0
43.150454924579094,12.873419273212725,18.15370600482008,7.0,0.0,82.72189809275503,0
63.502929783196464,71.99024410064166,8.919379799015717,7.0,0.9228457991158174,149.92213878002423,1
240.53565868021465,62.835110521685046,17.326823231373865,4.0,0.0,105.19777275032763,0
341.3637610971215,93.02466370151889,26.232013841492844,5.0,0.0,163.8891928897707,0
11.051758290457634,8.23862254275496,12.57785930670094,3.0,0.14493171580250358,2.11519500373738,0
330.6674550767692,111.62953352391887,19.40740697685444,3.0,0.0,113.63174233216598,0
59.005344567837824,16.45584898380011,19.612406746659687,3.0,0.14510774370195512,80.2135267798443,0
86.81743276327461,47.980482286752476,18.042801771381335,1.0,0.0,281.4006293904736,0
37.05894244568407,9.828482278556795,12.333401106803802,2.0,0.09875629868172658,139.7076679847908,0
364.2571022314167,118.21030228023965,20.46733479104486,4.0,0.0,161.42988144081028,0
332.4272255962341,87.05583293224875,23.074953688896706,6.0,0.0,157.1868908281969,0
288.7706361989452,94.33439350778752,14.531386990804503,3.0,0.0,77.47485084295437,0
25.176887885047265,18.575700615610003,30.49696702992547,10.0,0.0,203.47287353427035,0
247.72581525075037,86.16041643544166,12.707871863560545,1.0,0.047320046952627426,76.48615665217945,0
197.89601157050748,60.48612376088509,11.191660670993619,4.0,0.2288151258296508,53.47310143124147,0
236.0984263282803,46.66129010835033,8.19566389020754,9.0,0.18592931327520412,21.828051980552683,0
395.37161138950097,125.52675133575534,20.69128626111781,3.0,0.0,143.5933191900786,0
274.85104088287005,71.35827600768457,18.48089391829208,7.0,0.0,74.71204259361446,0
187.00839662252582,49.66541668395421,3.3066683266182206,8.0,0.7311624933587964,47.5856694707938,0
97.28439184955349,26.96808385954874,12.693385648867155,2.0,0.0,101.41421865540663,0
173.66695266806968,44.688788575700464,12.166484144514289,3.0,0.0,103.01389589372835,0
281.59545891213304,69.98330231973148,22.76697455290741,5.0,0.0,168.00111809507078,0
153.4476958902174,32.693775768852504,13.53239342370994,2.0,0.0,69.51010408543516,0
8.167196288492889,46.01157031244108,10.650297374196011,7.0,0.0,78.12206425378228,0
26.250573454765515,23.945543850859863,18.3104394539736,4.0,0.0,29.3446626518287,0
24.401077833520446,39.02235155641387,13.005188577516254,9.0,0.0,71.83703051328926,0
52.12398675786434,4.384541825665934,18.526626002079972,5.0,0.0,83.87838714055155,0
45.900701417233975,31.45142507194837,21.038123414103683,6.0,0.0,107.10411475424836,0
29.53805276705377,25.024297500754457,15.898483288103103,5.0,0.09792744928882902,80.45342416344704,0
215.65935920833172,51.46284021949734,11.738533662168336,5.0,0.0,42.4307071568256,0
97.63388670527578,14.313258608758261,27.272743670422763,2.0,0.0,167.34906435717085,0
169.80882804151935,29.302294873872494,7.749389162214049,8.0,0.23187276974587762,11.516600896523386,0
170.2205307435479,26.01350926865684,10.890668674765863,7.0,0.041947335371086636,35.49300131801359,0
32.175651117304895,32.22002868757697,17.916863927148533,6.0,0.0,76.31025621356477,0
332.81484879481485,92.9575132004836,16.50473065831166,8.0,0.0599753136624529,83.51331675746823,0
313.3775977903658,75.49818770195951,15.019944911754923,6.0,0.0,128.41960886346072,0
20.019261295142435,43.65036189496671,16.505450830255725,9.0,0.0,26.45854298421275,0
32.32623458095094,33.921835213746476,18.28470664473611,5.0,0.0,47.09965025868682,0
88.61458142764285,22.74980781908929,14.67362236584619,10.0,0.0,66.11739800414188,0
206.01529531449341,64.60986663776875,18.681669212893798,1.0,0.0,129.0617672943668,0
44.55185860353022,59.63361281715329,12.183887341258744,10.0,0.2310835989961293,140.14863771189223,1
325.0122702477905,78.3865362665388,18.52854174970019,8.0,0.0,137.5110412905804,0
50.21430332837494,10.028709147878843,16.82030977461455,2.0,0.0,170.7440005785169,0
128.4792713162908,28.22882598441514,4.771447557220686,6.0,0.0,80.69705911963075,1
297.10760025244076,81.24248951698732,18.03094364297956,4.0,0.0,135.69774890826267,0
317.7260194032533,107.05644404084923,19.26891370965179,3.0,0.0,118.32665696348346,0
371.95129349683793,88.05026882737943,24.131779937494585,10.0,0.0,120.64858194266063,0
204.38629964952395,43.50395230762879,17.94985159425481,5.0,0.0,124.9147250357047,0
234.61904140189935,71.84743882143837,14.803718222380702,5.0,0.1284033393525249,65.31517187567954,0
34.01599242313698,48.21874151347603,13.94851807753774,6.0,0.0,5.002533353632339,0
396.9376825957304,118.9190236219271,15.405521171747067,8.0,0.08766592891905572,55.663525771421895,0
107.59116874737272,89.67737795661301,18.045317714325925,1.0,1.0,40.19593325849364,1
416.16031842629775,133.68336152929817,28.294401253027257,5.0,0.0,174.3695855517771,0
15.843857551254978,52.14986829867985,2.109244736968453,3.0,0.0,29.01359201770262,1
25.11417601183775,57.28805634371979,15.292991935201455,6.0,0.6956489797517967,68.76048020434945,1
172.73536005246658,29.745110282463383,11.720618357060093,7.0,0.10529023232700252,66.90414703796259,0
368.9793390611163,101.03392923405306,23.345349650345867,7.0,0.0,149.189305852386,0
281.8883066173894,60.39534004135249,23.85657514126695,6.0,0.0,157.15559137172994,0
365.2658902938569,119.593462411541,31.15724833495186,1.0,0.0,212.36144167515062,0
82.75136543838948,42.67547074848327,16.289457672662046,0.0,0.0,167.62568379988215,0
272.6633026255254,67.14653200910894,14.916522853406608,4.0,0.0,132.65797347369877,0
13.739237695209383,46.18014462293375,10.998292533029993,8.0,0.0,61.62727078390773,0
369.8320635581369,126.19148581610013,26.740183876733425,1.0,0.0,191.88274634624534,0
258.75729283394764,44.88398793491051,12.440319111112794,11.0,0.038167705002014884,57.17302710709939,0
49.16227509262157,2.0989345434835585,24.08359834338016,2.0,0.0,177.9584519902411,0
379.4504526219417,122.18044134969787,21.401951979000298,5.0,0.0,109.69803369072773,0
92.37440890101227,67.8226141612403,11.73770456325426,2.0,1.0,150.748782848798,1
331.37656975881254,93.60018080462933,19.250670842286993,5.0,0.0,131.71900376914132,0
42.836614278215634,44.0409797023522,20.98538538723762,7.0,0.0,15.752996944652171,0
97.54034152812395,58.32406859718472,14.20088166567129,4.0,0.0,81.63354686678126,1
27.70837784176031,32.399919569600904,5.535938417717426,6.0,0.022382938592948598,48.041892323998816,1
116.5425436710654,29.20065922873227,17.1009620658549,0.0,0.16810954064490397,94.26707419561076,0
19.66237541265835,42.407683166607924,16.256760269776464,8.0,0.0,55.464514561729246,0
40.27061122152513,46.931470853447266,14.51677627129898,6.0,0.0,49.2067029963657,0
18.175474057850884,4.194004577395958,32.67613341675984,8.0,0.0,183.80868927201615,0
262.3645273680485,102.0269576057541,13.60136601865165,2.0,0.41932552457751904,95.79223389814214,0
240.78938213944636,65.25811202565704,14.979546650765126,3.0,0.0,101.77143498599318,0
33.745255979075736,23.715665921121847,13.566517990255532,3.0,0.04376052808498898,14.572075949357163,0
49.737106423398814,7.906189279221092,23.286690676159292,6.0,0.0,159.3770128998458,0
277.23787886329546,45.477193004727454,19.5796218404666,7.0,0.0,180.94809059437185,0
331.6376609431058,73.3956855340026,20.562815971776175,7.0,0.0,130.95790998429382,0
267.96191654825026,55.046793400903674,15.575707337861068,8.0,0.0,119.59340218186895,0
329.5601656794795,107.66360311654108,25.109677327570207,2.0,0.0,158.6749392508346,0
116.82419956542759,23.402207463271903,20.173303385656943,6.0,0.0,156.59595010196983,0
375.6261118812693,117.6955288836619,18.999436154214553,5.0,0.0,90.36145424542597,0
331.11772145268213,84.8999604519754,19.416633447793757,6.0,0.0,133.58204596434226,0
392.75872789236195,128.42533585833647,23.889273692956277,4.0,0.0,140.8225414692844,0
139.96676223277115,11.285500087063667,11.384526692307428,7.0,0.0,4.681944959339912,0
44.53792575316939,20.43253053268125,15.755423092076576,8.0,0.0,81.13511045737874,0
66.45572357727573,9.393569233693583,19.14338778240334,5.0,0.0,149.5317026971332,0
85.30744626603422,4.212480709495839,21.500109665412992,8.0,0.0,206.3552501774148,0
223.61598325898245,38.70884714968522,8.04647275800568,11.0,0.4185737852755458,18.901447541653535,0
305.46634749739064,106.36568426316938,13.585958178663049,4.0,0.28860246375781484,48.4701892486321,0
239.72972436553857,62.388379012509475,15.803281818558105,6.0,0.0,66.3035173391687,0
273.92683805829745,87.06330624205569,14.29259008840084,4.0,0.10459130524062482,65.16708887351611,0
186.2875418921063,28.241502268645753,9.959072464212293,8.0,0.0016387859021819717,12.135911694793453,0
64.25231792005118,26.266537333361377,17.952526921925944,3.0,0.1521828263960267,46.540570803319696,0
25.756009986869728,46.17028490750606,20.142363753541176,2.0,1.0,54.190282668471816,1
28.794065597294583,27.70761306258145,18.365544982902485,8.0,0.0,83.28525397548466,0
83.2478950840732,29.005145616148283,17.329348010240423,2.0,0.13786277371884353,75.91518719050714,0
67.55607333315282,36.73276778656445,16.261818426851416,5.0,0.19056141148189254,43.42925265006245,0
278.2715058314294,45.2886699223504,11.854377827425502,10.0,0.0,60.49388246146706,0
332.46062609341027,73.20038111674765,20.72142888946512,7.0,0.0,166.46308244962307,0
68.97433678679707,70.58325315281733,2.2184487281782506,2.0,0.0,64.6605801805546,1
224.2205346411428,13.03602929628834,3.7426391346337553,10.0,0.0,116.72302313492793,1
312.95509538690396,81.48992299308645,17.967314032727597,6.0,0.0,127.7065809888305,0
15.373815411804344,37.58732475453783,20.907978989004505,8.0,0.0,60.10657342994051,0
130.82210631195326,44.617313139437286,0.21993977267218945,10.0,0.0,150.016288577167,1
70.42644587545169,21.46139191946677,14.898911832389919,9.0,0.0,10.467492816730317,0
79.96969127787727,67.21754052379488,17.897856334323365,8.0,0.0,10.782987230937344,0
12.686869099904719,46.323218604012595,22.396234048954796,12.0,0.0,20.61489726016419,0
75.42398637603267,39.39853871341191,7.273116933123569,10.0,0.0,7.448125012969946,0
37.5069772986314,31.0014650792978,14.022140018009281,4.0,0.101217904629824,9.004059503436991,0
44.195891451552626,60.99736005340348,17.84691759634724,9.0,0.0,7.992170275837829,0
303.246849818059,70.61811076416387,10.951427369559656,8.0,0.0,86.73458395487573,0
24.75933325447835,23.40729083668002,22.789152433405356,6.0,0.0,101.64470361362753,0
71.06335937627733,7.023837621494387,3.3500584142553897,4.0,0.16987329170041132,102.18092249820573,1
308.3561394444645,98.93062969007187,16.691125622828928,4.0,0.0,77.59524188031254,0
109.59013689787679,2.2424631991881903,8.84425967902351,6.0,0.0,34.5381047499145,0
62.70324540639768,5.679543908876738,25.996908413640167,9.0,0.0,173.78264752697686,0
2.9131154214074257,17.043568005876807,25.66571339932735,7.0,0.0,100.1016522693552,0
299.74406330886353,82.7213646098825,21.005803261539313,6.0,0.0,119.1761117242167,0
117.2437072634951,21.34901876729876,13.26192207208998,11.0,0.0,4.680060641219432,0
29.721820119406516,20.621676292399556,15.963881009122623,3.0,0.0,20.030901595411954,0
279.7363612572814,73.60732712983162,22.65161750740222,5.0,0.0,132.86623867264183,0
9.515319176948537,12.350271859892857,22.427874246157945,6.0,0.0,198.23868133354608,0
91.69001020018422,54.09576619878672,10.017654064148424,0.0,1.0,139.33838167377803,1
362.70349817734615,119.99554658737236,16.707204898484175,5.0,0.07852308840648853,89.57596903686215,0
5.370446649235859,13.619475283531884,17.433378128528304,1.0,0.0,144.13597991146932,0
226.86439331752237,44.329613048935684,21.37960061593027,6.0,0.0,99.22036636123786,0
47.03102165275814,35.18969390874534,23.661416986207083,7.0,0.0,102.28419711760729,0
80.39665776480533,2.413119025889536,8.287967128645985,4.0,0.0,24.91780241967988,0
15.378199517152979,31.310601897051846,21.48744592681662,8.0,0.0,65.8320309341076,0
48.877361240045204,64.77748503783738,12.684562006288212,0.0,1.0,26.563578668976042,0
134.6892456277349,32.92732855182379,11.505181481320523,4.0,0.0,146.6488402644328,0
60.669711188278285,18.61834614547959,20.9446407341442,3.0,0.0,114.98720796628095,0
295.7997466849567,79.45326852112079,13.922979108583585,8.0,0.19358415644210347,58.98863700125227,0
388.457826218946,117.37280702026666,24.96266717162582,5.0,0.0,149.7933801861077,0
2.9878721892967945,26.912107191729184,23.804881227875285,8.0,0.0,87.95077721377666,0
15.426524678196948,54.349940116235985,26.784368230187994,3.0,0.653912313735282,73.65514707983421,1
222.76390601415886,45.86647322981724,10.129235760932637,7.0,0.19979185744887873,94.9980406134112,0
294.84159082452055,59.03643901276956,18.150287674648162,9.0,0.0,97.85652348999443,0
346.2139168276327,104.03202987508135,25.229993078872866,4.0,0.0,142.45863246524908,0
9.560110509663218,16.096574495592122,16.265094334013412,4.0,0.0,78.05011146552785,0
110.10507082372922,3.482749680586572,12.262943880432553,6.0,0.0,50.22947463324685,0
10.578323171158658,12.268673565101878,21.588488264299276,6.0,0.0,117.77165517687803,0
18.460739644400817,46.326720103298214,13.401639316064696,8.0,0.0,43.637566449987716,0
13.82285088875389,34.123196510298996,12.571342387054031,7.0,0.0,5.355065944147679,0
260.8438394667761,75.63574760334056,21.431595064657433,2.0,0.0,157.0218436937796,0
304.6245808244289,97.19872535604247,21.76480574878034,2.0,0.0,184.11922662231342,0
61.90480865746709,80.33672492091219,19.93942379845782,7.0,0.6881391122701481,130.99610317245026,1
32.33551560651112,15.392338843596857,12.874923239735878,0.0,0.0,128.39611996703806,0
0.9352241108964989,11.874275194159239,12.450526181487305,4.0,0.0,97.04199631189951,0
15.232518786975604,0.31885566366314677,16.410618950426798,1.0,0.0,122.76138599748944,0
38.30740698966434,27.75430788791576,19.66155252771783,1.0,0.0,174.44629268905388,0
285.66084858263946,100.00702687115167,14.284202630578209,1.0,0.0,82.81006739012713,0
41.9763054668568,63.31060979975008,13.838762280875477,8.0,0.0,23.20059057758769,0
260.021392905257,78.90300440822114,18.471640680358632,2.0,0.0,157.9124683236593,0
235.4950640722292,82.92609076009505,13.803839382739705,3.0,0.21140467501138033,70.70469152178555,0
139.5455191826165,29.057648434987744,6.900060204620589,4.0,0.1372362630305618,17.017168983871045,0
362.016169804456,94.88304531938246,23.974255648250185,6.0,0.0,128.07943832825725,0
56.1560622011308,17.88063468536439,22.124707534476045,10.0,0.0,79.19767533235776,0
64.73330382328213,32.50736305834879,15.361406961517151,10.0,0.0,45.45151347763376,0
254.21653835326632,62.79562122720147,20.264907766753357,6.0,0.0,92.62666645366829,0
206.57768243792987,52.0771998354506,18.546213143949828,4.0,0.0,90.20995412596463,0
264.72528185471725,75.30702453732488,18.222039338080688,6.0,0.0,84.0871679054492,0
132.35144333415946,15.62504818836758,7.653078541356958,5.0,0.0,28.12474877153118,0
328.4356835603777,85.97936564488738,22.119249077482532,6.0,0.0,149.96378420984936,0
433.4197811975426,122.24055488148166,22.94779312142989,4.0,0.0,219.3495690787671,0
59.05349060095051,16.693234289283595,0.7598094416408543,4.0,0.12360799685485224,72.70263338342144,1
86.10887133561552,10.623485884577747,10.370898729326797,7.0,0.0,49.63053240188307,0
40.991904946581215,8.108718550228751,7.310908113884166,4.0,0.06258591424457771,13.017217944017993,0
76.20702295884452,81.16038461414449,17.224298078293135,1.0,1.0,58.518939938134935,1
16.40070248221356,31.36371016689032,18.25495914811455,6.0,0.0,43.59695252154681,0
296.52113706269944,65.64735906766174,21.0471699467468,7.0,0.0,107.82106836123661,0
53.56214696749666,0.8997175799415587,22.964274445227034,1.0,0.04729689074663723,121.42036146030472,0
260.42487103553805,75.08103312169696,20.63532413403054,6.0,0.0,107.8910443304039,0
71.2477292886174,6.443353407674408,15.880375946643902,6.0,0.0,68.19035672138064,0
9.908198152065381,25.03684202191934,18.37898805918561,7.0,0.0,124.64198396047979,0
280.5844953813011,59.71766952017867,20.808362676899275,7.0,0.0,126.28260507077869,0
325.67095793169824,71.10758520206781,21.450254666703344,8.0,0.0,118.8845308568502,0
11.796894870396216,54.085022715638644,22.46942177411242,13.0,0.0,45.382143641743426,0
276.1700349616959,103.49488845512057,17.707158659521752,0.0,0.0,118.73467936488609,0
34.102122560848144,24.705081372569097,18.09262891344494,5.0,0.0,71.59069152848389,0
76.73659824909066,23.37739597898352,17.182091184227467,3.0,0.0,151.98599193875657,0
36.23276214697398,69.22620722159208,25.745230643634386,1.0,0.9982180972161143,36.202163999533106,1
140.4929622952728,14.280451421224974,14.224391255138627,7.0,0.0,120.47845596440553,0
36.6236842816368,27.652541453321007,8.669458315718167,6.0,0.0,33.00097434870017,0
69.87543577207586,0.5021111479175957,18.81122633684768,1.0,0.14686243830067192,154.6249963357929,0
3.102679688888472,24.68735771109779,14.961176406398998,5.0,0.0,41.89168428757911,0
328.50253780134574,92.6521483747495,26.911450624514615,2.0,0.0,200.13460002735258,0
370.17689101402533,119.00703781034514,26.366396098569936,5.0,0.0,131.93093918478553,0
378.41006349390483,111.92523113371267,21.813649326055412,5.0,0.0,177.74145674975074,0
138.46237069974518,51.52276281230256,20.68717618827982,3.0,0.0,268.17556051712205,0
70.07693037169658,92.70394796551452,16.1843310439223,4.0,1.0,54.33629829765205,1
4.384576786593726,26.042804525253146,12.2600234299133,5.0,0.0,105.73642840829962,0
377.7482064957759,99.00491732715473,20.159218731917242,7.0,0.0,153.13863017303913,0
272.60567144040874,47.384511322304405,16.166875479304817,10.0,0.0,85.26698074540711,0
180.43283688898578,29.86782886260113,18.819384665345005,9.0,0.0,248.89334602664644,0
308.6795884647437,87.63717585715551,13.80501783392908,6.0,0.07614550387928637,106.49615031549173,0
150.97603366451344,54.17286801586913,16.83444555278964,2.0,0.31937596487283054,10.93463677864845,0
34.12301469282507,2.200076180015216,17.642857971912527,5.0,0.0,123.46462780086344,0
318.70690441279316,84.7172970941144,17.74950773752349,7.0,0.0,133.16486885469615,0
62.84903129583425,21.864215237820154,14.98574437356635,7.0,0.0,11.926244738292276,0
312.6261765928302,106.9416353837566,17.4286911062544,2.0,0.0,106.39622546219015,0
108.0793343354718,54.79146655307487,21.054517724862635,6.0,0.0317029708438511,50.39187239299849,0
167.13569848659594,24.436035312737864,16.219136195704177,5.0,0.0,80.31834766623368,0
87.78102873138981,19.529910317783465,15.02518130395177,4.0,0.0,152.54828003192955,0
291.61847940952447,82.57124718243651,21.734414445037178,5.0,0.0,119.2026079475319,0
5.605248403412972,26.559711466075306,7.953072177849471,4.0,0.09839908454370244,24.675214751605694,0
64.94539769609767,53.57084647249637,12.686486531597478,5.0,0.06377793746533567,29.080266859043906,0
301.26575373377864,95.72667636317323,18.15215003545208,4.0,0.0,107.00959582030514,0
209.18895575153593,67.93303754715075,17.28914241756831,3.0,0.0,65.54502759645695,0
272.7020572088236,86.81886790580313,20.108635272043006,1.0,0.0,159.36257906403006,0
26.23924817411867,13.011766414973756,13.79775586178988,2.0,0.03848510037623748,117.30411176178279,0
306.8373808235494,65.0849249699153,20.335196682716816,7.0,0.0,158.49393876062865,0
282.5100785898053,78.18244661002652,16.14911146263569,7.0,0.0721514496496431,85.31262524509386,0
350.4016265424241,88.6859180547007,18.735668002700056,8.0,0.0,106.08770140479265,0
69.1078105609237,18.959851678633015,22.512679818799317,5.0,0.0,188.11175813541453,0
223.12588999131611,89.11599031948508,13.841411337217822,1.0,0.2511649840617731,67.94122326132525,0
234.53693333113966,68.26893964273309,12.539646576646074,3.0,0.0,91.48944237230765,0
17.08900928643675,0.2962853588160428,7.666178117933693,1.0,0.09014252835996156,34.94941311448962,0
233.69218682322787,81.741123562817,9.989796860149424,2.0,0.219252513122481,56.30141735212541,0
347.7438882482916,118.09838927673553,23.76631581571592,4.0,0.0,147.52627596010936,0
0.1438352485173766,43.84009169493618,9.539995077888584,7.0,0.0,17.595802023076264,0
23.340645174839345,39.293362207638694,14.628809713291117,8.0,0.0,35.922954487742174,0
204.11785249804353,75.66653570636211,14.846834228480155,2.0,0.1132032196992881,35.35585228057113,0
12.330917744503246,1.8104474044127947,16.071528305620227,4.0,0.0,149.87113170131192,0
299.7241435070224,43.96471788609513,13.677018147227177,11.0,0.0,108.61928946606736,0
300.12547160776387,74.45723865284897,13.298226711293601,8.0,0.0,82.49558116732567,0
77.1028205777892,40.65356780603152,17.8513007179749,1.0,0.0,250.29493553418155,0
18.692742707884193,39.184997490424834,8.21024187597581,7.0,0.0,8.806238900430206,0
67.32747767839227,7.519286252912039,9.886560444876793,5.0,0.0,10.814965852998188,0
60.272450912237936,21.603500967357157,16.578356977258608,2.0,0.0,158.08753764025204,0
75.51813178913785,21.243841920551688,16.275470671411263,3.0,0.0,154.9579811921058,0
71.34767078573523,20.351614774986132,12.834716406664622,2.0,0.03881117464215561,11.727582280365858,0
294.44294792882965,81.00340730694057,16.523272998459667,5.0,0.0,134.93392335888902,0
223.21037393915145,49.337887214408404,11.452476663416029,7.0,0.09804624440410376,40.076165841206084,0
308.1448203051049,82.91423271367263,11.414572021592289,5.0,0.0,105.55345939869446,0
62.17237909756042,30.803109412980703,13.080351377680774,3.0,0.06522500697945643,65.45149754437672,0
48.893507854450306,29.29591387616412,15.076982334367555,9.0,0.0,28.075456659328424,0
1.1794038364531474,17.317503586684786,17.88266923280933,5.0,0.0,75.32812505687077,0
164.36463884530087,70.102527909934,22.160007476186404,5.0,0.22632158021305526,2.369653527226241,0
238.69423957189414,51.82337187953214,17.215643791897385,7.0,0.0,83.06382359093726,0
326.9350534521109,72.4823817356593,15.95104186778249,8.0,0.0,100.04781807610213,0
301.8122982834743,105.44866727690219,20.443834631356307,3.0,0.0,97.6514009005878,0
246.7741069343079,66.1552030679337,5.21556110509294,8.0,0.5906847843163116,0.5964225032597703,0
94.63617086803268,62.70518185007397,22.98271918200038,8.0,0.0,68.26042122141386,0
173.14327607597352,40.11211880987561,14.23708810416263,5.0,0.0,149.68387434433677,0
230.98527061844896,77.0895572637392,9.045145090626804,6.0,0.6242543392379495,7.230176754584825,0
2.7172607911914497,45.49335236723353,20.770910119909757,11.0,0.0,88.360212519325,0
58.46562437158019,34.49458700269676,15.634218226576703,10.0,0.0,4.514751387926772,0
60.828736249320414,2.330265950337278,16.13341639282244,6.0,0.0,107.69278189293807,0
376.98411605159816,88.1814553194816,30.62543367474703,7.0,0.0,208.97100462930786,0
287.17230164927594,52.905372936560276,21.985894743814516,7.0,0.0,156.70783018998316,0
211.7033913221631,18.396302862562344,7.204291027562082,9.0,0.07592615199811042,151.35005232759067,1
44.78715899633063,44.59252867816696,20.52852209562172,7.0,0.0,71.86208204350372,0
291.0707506438445,83.70800393932794,19.95384731488533,4.0,0.0,122.63187394198016,0
5.480289078392602,2.156532735418498,13.29183427173596,1.0,0.001313604567391602,84.41371565442063,0
30.018714937717725,26.018270689137417,14.306638032613792,7.0,0.0,83.77575510568674,0
79.39667567683398,62.13045842825018,21.26562557573781,8.0,0.0,53.66329860025346,0
280.45573333209984,89.47500351175039,19.70046991482561,3.0,0.0,104.8672604624855,0
29.452852124051844,60.55747098785315,27.313129198805385,13.0,0.0,100.32277318797554,0
372.84170104758596,94.63482061943532,30.474953625247764,3.0,0.0,256.63890811928144,0
344.49883132276557,93.66634378003897,20.686084559601067,7.0,0.0,130.8692277432209,0
57.01256175474708,51.87877974328096,11.045902004746267,8.0,0.28970803416492696,185.07859415549262,1
187.51654250489105,52.6963463350124,9.988512424437687,6.0,0.37060234340431697,3.483961954615431,0
214.7118189740458,30.123473324690487,9.976584750751533,10.0,0.25798333371241483,135.1535071677384,1
174.10387734773676,33.22360448457408,14.013616595922052,5.0,0.0,53.54075894184436,0
284.27319834436804,69.62904674884211,11.19469222789534,9.0,0.1765253149143472,37.019443143475506,0
123.49638248376473,52.4657285367465,20.752601589002918,4.0,0.09011774156819186,68.0570670350056,0
8.843830105490767,6.819938080973028,26.284826167800702,4.0,0.0,134.65851641039362,0
116.30245986642055,1.965240613613517,11.183879591162253,8.0,0.0,42.77399875559233,0
319.7805915276515,89.45112520723725,23.967726336723373,4.0,0.0,182.9081305577875,0
84.82826471274147,3.0283150594612636,20.310190434538413,9.0,0.0,138.06680525237493,0
256.6773854111266,80.04093346718444,14.334379424637959,6.0,0.22798197762871736,23.398928449396685,0
215.51080326675577,49.63208830062594,10.35853918860923,7.0,0.2097063991534679,32.003795073417336,0
52.46785768768572,5.403971954876795,16.496759084229392,7.0,0.0,138.66281288979124,0
329.8072475148696,102.08524706513015,26.181748196251107,4.0,0.0,152.20146573762418,0
15.68000327647762,1.6765058139574833,28.15843368015958,4.0,0.0,188.51658710535452,0
1.7444799243788083,2.8567292778934643,25.03890568548514,4.0,0.0,177.93523761408403,0
230.13403087485148,49.36776571571901,10.984335292056219,6.0,0.0,50.50211346264269,0
12.81825583067338,42.07062288409,16.994796920740328,9.0,0.0,50.49696781709759,0
39.66291462703495,32.03912896933951,14.358991249170693,5.0,0.13244959291719066,24.438960484153547,0
311.9096193674517,97.77453930055776,17.104761860248693,3.0,0.0,93.55220183697406,0
39.42770816633143,3.0213113195097634,28.687334819288296,3.0,0.0,168.595369755904,0
323.6081319072659,111.82033284317383,20.266977074209223,3.0,0.0,136.47836171070523,0
240.08177807131685,47.11324607192394,10.102882311679313,8.0,0.024215253235891798,70.06741734142491,0
265.74334385324914,79.69316976804305,17.370263036736624,4.0,0.0,89.46922307723452,0
118.96062639544834,28.493324585707693,16.723705883343346,5.0,0.0,245.63502791261647,0
352.08831974511094,114.53500024186405,17.510889671636466,6.0,0.1716948944497662,71.83592755253258,0
323.0862046504826,85.15850661349856,21.29511257408886,4.0,0.0,172.40502093578144,0
57.641445179845626,26.834362310221536,14.991489052521702,1.0,0.0,120.42399054324397,0
60.69101703719397,2.121216921933062,14.950496246029495,5.0,0.0,75.65356299653247,0
53.73060987381961,12.034274661989443,10.235235072791824,3.0,0.0,167.30741532387077,0
26.05112311959195,16.879830789070212,24.89419743559142,8.0,0.0,109.22277189747544,0
121.43937111297946,56.716720848882176,12.6029892567298,7.0,0.0,44.896214429295476,1
47.48941496484894,26.240303789112936,16.339350557569716,9.0,0.0,61.75975952089868,0
169.1159014528048,27.457599606321004,5.67430695685894,9.0,0.0,150.3998469550275,1
296.55312779108107,72.2044759687452,14.701981299301591,7.0,0.0,115.93391590055546,0
90.86492390212283,9.688091971107951,21.076911297605452,10.0,0.0,89.36280068489337,0
63.16729817902155,45.397412752100024,11.93574194955813,11.0,0.0,43.206320324519524,0
186.85225511287092,44.540906680441026,13.253700621573852,5.0,0.0,53.74082039865211,0
414.23421399011926,134.79773692417848,26.9641758008729,4.0,0.0,173.44630202838715,0
29.64328322368994,5.4002213822936085,18.993065833031814,5.0,0.0,98.91822279062265,0
361.15089802883074,85.1776286984889,19.58184563957575,9.0,0.0,121.30054389936603,0
19.96688496298062,2.4167053318257103,14.930852000971573,4.0,0.0,132.3892990324711,0
313.59827769353564,82.74713918732758,18.13175013754804,8.0,0.0,105.86175817884242,0
10.234353720020437,9.27601141313913,21.89068214408436,5.0,0.0,118.37590933907148,0
286.2588004062161,94.72464047948448,17.32180491445819,5.0,0.0901628093164602,63.90181708686625,0
169.6266916689018,11.19996270742124,4.5869561854139755,8.0,0.20339992563118703,133.78412926323955,1
22.717952453844006,24.582102082357252,21.4155254838832,8.0,0.0,50.865373325105274,0
366.9648648293716,97.4012923016758,15.366004951865488,8.0,0.0,135.76294015902099,0
324.01963857136025,71.80949076127165,16.667674768646666,8.0,0.0,104.19094209782436,0
1.0073784068058984,43.69222956961616,18.8507278858809,9.0,0.0,37.17199238146682,0
75.34229373408415,14.776949513653186,13.916689459257983,8.0,0.0,57.132879213323505,0
100.85318583513465,6.890001892858422,15.064733085666298,7.0,0.0,117.51554190887774,0
199.722599664279,57.221859626042715,5.430310472003935,4.0,0.34692873365513577,16.250296783066567,0
282.90941836304125,74.27426526584239,16.995826508864965,7.0,0.022455894486683836,92.87143604013643,0
8.690862785364715,29.124997547105366,8.398691027008644,5.0,0.0,15.356067967429308,0
79.32930240128871,34.42685541560351,14.092979403122749,2.0,0.14372832487089854,36.60862984193905,0
73.94963191405932,42.62320753059393,14.642657139177954,4.0,0.011609373445064297,55.945819463660655,0
2.620185866084441,21.46001669868909,17.860504019166235,5.0,0.0,94.000962694431,0
292.99785267103323,71.37290555233278,18.666319737252714,5.0,0.0,144.18249538370137,0
309.8890667703913,43.47388364290779,21.09184878309391,12.0,0.0,133.52921778310815,0
14.286875814387926,30.573722176120917,9.149228462921766,6.0,0.0,32.97515051556392,0
49.07955097324599,8.074017101683037,18.532629963919153,4.0,0.0,111.76054218892912,0
1.9857468526935236,26.36784134203146,19.728373623526622,0.0,0.0,237.5554773556756,0
380.1239265154801,121.94699077084658,18.74173033640578,6.0,0.0,96.33863551415799,0
117.21204667912772,23.93382641151451,23.075385841330096,7.0,0.0,220.01204451392113,0
287.23137810625184,73.28786994463167,20.497733736285518,4.0,0.0,118.91000059719931,0
208.31036505957852,75.57452168846405,15.89542672994121,1.0,0.07435282793648929,77.18970874359354,0
325.02815551125616,63.68048044402337,22.435570512714566,10.0,0.0,142.1100312377192,0
199.4056811515709,57.58684841179768,11.026629992453529,7.0,0.4327861903266752,9.047185702514984,0
77.42082882460278,49.599524540641596,17.390181421930052,5.0,0.0,59.09938179623421,0
320.10307036660674,94.35022107951256,16.94167306182484,7.0,0.07178085746653817,98.21833802762629,0
167.39713095048336,22.14790471375356,13.495907315972733,6.0,0.0,79.50993251669487,0
18.66181149037905,27.268964030055763,20.83159394137524,9.0,0.0,104.13972883713107,0
261.121331970147,77.594714923755,14.275598204761039,3.0,0.0,123.43223292191738,0
308.83481371286007,71.57359190199698,18.731567827213624,6.0,0.0,108.11396463414249,0
45.41316507772217,43.60412736554355,15.89336586367455,7.0,0.06771940414533972,21.0675908506144,0
305.15471852008847,75.07496747962722,23.51369250689231,8.0,0.0,110.49292849170448,0
5.905798522600136,6.240609881561696,15.356322525692997,3.0,0.0,89.49113390823734,0
353.5892042774056,100.88566036989407,28.31614692117497,3.0,0.0,211.7745875606602,0
28.02001833936292,8.1730156530164,19.493412215673906,6.0,0.0,160.03348636868083,0
14.113390348286714,58.01573092859901,18.556785019085233,2.0,1.0,45.60027183449556,1
324.1974226449799,101.57302506766311,18.73167055550805,5.0,0.0,84.94405018428775,0
86.84103524272041,43.69437787106472,26.79723769020299,7.0,0.026057595361583308,71.94472365923545,0
280.3875974759962,102.63682509528468,20.77607065754121,0.0,0.0,105.94639413214844,0
18.062054300698847,47.905583701128826,19.444458463410157,2.0,0.9166116290712584,76.7163114459352,1
361.36456858071733,97.09058211216242,20.597992399005896,6.0,0.0,138.1066563338371,0
52.244726860988365,18.058129585321467,19.240188087279467,3.0,0.0,171.61050051719783,0
376.8875195350893,92.63259556071868,26.295403012284147,8.0,0.0,173.9599117509647,0
108.88978379824039,14.57220257105292,10.904668389663112,8.0,0.0,21.96357056734061,0
308.72874870299177,100.09243418196404,23.837859974747587,2.0,0.0,176.28456214874308,0
237.23934526360603,46.28501882825361,5.030930620312617,9.0,0.2752198947040022,16.669326683181165,0
248.48517304170764,56.224188545172765,20.63381138492123,5.0,0.0,128.9315789196054,0
352.9584300452563,126.64449892698151,14.092573076671286,3.0,0.29547971207002494,109.4457455800807,0
284.2522499285012,58.577730450519915,13.336581155093725,7.0,0.0,76.69900112521346,0
374.1252069437984,126.27328186226855,21.397092099721917,2.0,0.0,145.18167224950608,0
278.92432406136805,56.1521570666558,13.382558979956517,10.0,0.02287355621489734,81.14670249048456,0
213.8181177611318,0.3439705082811706,12.389713109203004,13.0,0.0,80.02065661705879,0
311.476650325464,85.061118857032,17.962353300337156,5.0,0.0,112.13859187075744,0
227.3645052855156,43.632410708317316,8.326540101447595,9.0,0.24700949220866225,40.17165246501874,0
258.64477749786585,58.74559085552753,17.23504352694863,6.0,0.0,81.8520732579324,0
264.4228458181049,72.08914359957316,18.54523066269894,5.0,0.0,127.87329735409156,0
51.85535719091678,12.006944420020229,15.502677536635218,3.0,0.0,141.61713946645045,0
309.81129736533234,74.1717529766258,22.273840440445127,5.0,0.0,148.34671765579617,0
69.4369546216274,72.13720626942066,14.593396954893901,1.0,1.0,68.68727558914031,1
131.4008943776214,13.151340238963432,5.828103483986817,9.0,0.476825594993442,16.423732056450735,0
367.34719965414223,100.3601337320018,21.910232083202587,5.0,0.0,172.9383982123993,0
139.64800890983938,26.47601310782826,2.566331933841461,7.0,0.0,129.6370851925633,1
48.08210423369941,74.27491936919431,12.827840176188182,10.0,0.03920578404318348,77.57674514956436,0
32.40686464033485,34.70780438236078,11.076040358094453,9.0,0.0,49.344994120830805,0
230.83926007214905,58.202791388760716,19.33768943381436,5.0,0.0,119.13884942486465,0
25.69244952700707,27.240715981500884,24.014666679128794,6.0,0.0,96.13823605991303,0
183.9223397344582,22.462895716838762,18.542186417569084,5.0,0.0,100.90312134249268,0
119.78339101120505,20.996256886593248,10.938710546442504,4.0,0.0,55.65557121973343,0
378.5771675784586,91.11617801113965,17.442222804538716,8.0,0.0,132.94157977666967,0
252.81137924296067,68.41674806872948,17.37819007555884,3.0,0.0,158.0326193831994,0
194.73996351779167,34.01746834085961,6.474421865789894,7.0,0.08801187465377985,25.810733611347125,0
70.9019173378116,85.98069656999476,18.66281924065575,3.0,1.0,46.270637326463174,1
332.84238866901086,85.48411866863749,14.007546874317296,10.0,0.1634975870424386,30.818501991261726,0
36.31774730476994,31.825285071598223,22.499988497154398,6.0,0.0,32.10691226077715,0
171.66313055582643,26.264329964767903,3.9012493850554844,7.0,0.21926425536619104,17.01668903248848,0
54.860700273227366,13.318296297946539,17.260612178480017,2.0,0.006965811166974922,148.06698687369226,0
179.75226777818267,21.66105972137008,11.666281358309561,8.0,0.0,65.1751189489343,0
318.59833428210914,103.51882616566843,12.590418220978112,4.0,0.20225320026336563,83.30385567720887,0
67.92715884363966,23.085463332901313,16.43149358187154,2.0,0.0,116.13859610347838,0
332.67027882792434,100.94596845862723,15.254934644527644,5.0,0.0,92.93392054910029,0
279.7602960724443,71.2295208378233,16.123771573229398,6.0,0.0,80.72160822543368,0
165.10827403682836,5.518799941286758,4.541213361255098,5.0,0.0,97.9215047087849,1
30.178309265727002,29.326641711016578,13.57504082720182,7.0,0.0,56.70897490657296,0
39.63557179873245,2.759258325805682,20.170702947656146,6.0,0.0,121.80453369160898,0
105.44746641379638,79.64928029655972,19.75681627313095,9.0,0.12943734140395152,81.1382874892768,0
256.8055105741694,87.62804249338225,12.1651224359368,6.0,0.40498640766047667,3.342055554522556,0
47.00457277010402,21.845253359679937,28.655858758713578,6.0,0.0,138.34542656867308,0
27.83965263793138,37.826219959155026,10.726910233917504,5.0,0.08749350788189808,1.9317238005486281,0
13.634742571441834,55.793595665072644,25.625589666970562,12.0,0.0,89.20169420031327,0
256.60432030732045,64.37530606898363,9.860076928684975,6.0,0.01089984869531968,61.43986746866722,0
293.3442708633331,81.4974307055544,20.10117278616365,6.0,0.0,90.28017274995105,0
88.23222642564428,30.951734052386975,26.325981933562154,5.0,0.0,127.86608998136433,0
205.76651652034448,48.515461474124116,13.930400087139567,6.0,0.0,27.935319873984756,0
50.12154989839527,41.00090147914544,23.449884414276667,8.0,0.0,101.96929975384745,1
122.99579346750008,20.816632895658298,7.067573824012989,8.0,0.4374159263374766,34.63649773523031,0
69.18154132020952,13.49576579801851,20.010977182151024,5.0,0.0,129.95576685080184,0
367.0375936024707,90.8222343005944,13.97762410943891,10.0,0.0,60.94542815887895,0
59.726888261313576,11.18292721814506,9.71484338665413,5.0,0.0,81.04760908998665,0
382.3474378176023,109.8831822528542,31.450811329459757,3.0,0.0,224.50866642459275,0
485.49037511333023,129.21397026835095,30.618976554038078,7.0,0.0,258.1620628450517,0
402.4844343407851,117.0205528351037,19.712268460112142,8.0,0.0,103.28561694533379,0
285.4343479447321,51.702917981704566,17.022134394575957,9.0,0.0,98.15230815744385,0
175.6171681188508,30.10600017438999,9.57390833465174,8.0,0.23740656393960996,41.59688788509516,0
208.07163169516582,42.33599084640863,11.201927539677301,7.0,0.04213465176149345,23.680634428269556,0
61.57696702613925,98.51205408922985,24.561022968786318,5.0,1.0,49.99740210052021,1
169.3527092702389,57.14284078578936,10.79739110219511,5.0,0.4401978436129833,5.775321661458328,0
284.83264035751415,53.6776388460218,19.70416353633179,7.0,0.0,157.12945686894375,0
66.35641782957403,61.587156079624876,12.186395811314615,6.0,0.616712481343785,155.63577841844284,1
74.92344561142133,7.774194686755926,6.974808799665048,5.0,0.27503874153580776,19.712742777966845,1
2.7156596384178613,33.34480581940552,17.575267635751963,7.0,0.0,14.894699687412043,0
114.11070196872382,17.644279903159223,4.201438198208987,3.0,0.0,79.48321582710024,1
71.01979487278145,6.740199413551231,21.155166307981244,7.0,0.0,176.28165109113775,0
46.37775764066281,52.790139190355994,16.24136325352879,1.0,0.9610276427673621,99.24724656968561,1
69.6728427896839,29.216012109461786,14.877814459988796,9.0,0.0,2.296859497433683,0
13.01116845007742,42.79264948227035,17.393923841223373,8.0,0.0,14.338178128332473,0
219.58849994153752,75.07091161790858,16.63502937978182,2.0,0.0,84.01646704268525,0
360.6293551779768,112.17560955017973,19.08882997332625,6.0,0.015059462621223152,98.73516313700927,0
33.819373891643096,48.710846589541404,13.334074981314684,6.0,0.0,49.642974742320405,0
160.75983969852868,30.691741093094002,13.634972733962538,5.0,0.0,60.57048606271199,0
5.7046919905808835,31.76602883230528,15.646042298229215,7.0,0.0,24.07853944730806,0
106.1690761659293,21.995119584706334,13.928924994470872,4.0,0.0,119.33341471974825,0
270.6400145638113,68.69214547441976,22.07559524333005,4.0,0.0,138.3222398317472,0
495.562228051803,154.28323394420704,33.127202735850375,5.0,0.0,213.8122081925548,0
257.0539836734333,79.5325315801185,11.258917178213352,5.0,0.275219158821175,56.73335941522035,0
271.4236616454624,66.81177204103966,13.896587031446817,8.0,0.13654650182295125,81.97834158390906,0
48.90581600235778,0.5790338022169159,11.024485140369743,3.0,0.0,109.45766131487323,0
299.1230197708567,81.00450579176716,20.83448937402866,3.0,0.0,139.89320045031315,0
236.93511939944958,70.29673323064051,18.85708026631641,5.0,0.0,53.083653737498096,0
270.2716005771032,71.73922419177478,17.10304398762713,5.0,0.0,119.42424576067518,0
254.7741599616414,48.397686875202595,17.40081768494438,7.0,0.0,115.32564939272929,0
47.482544645837095,17.87713499898274,12.19787598920524,1.0,0.0,107.8554832312941,0
41.72805871635151,3.16500458524251,22.102872518491495,5.0,0.0,131.00370464395536,0
85.98972002843819,16.03618118974537,5.950493513288206,6.0,0.0,24.987460928230263,0
281.1590020119819,79.4253308834385,22.175276423928157,2.0,0.0,163.9445621156705,0
264.58078589046806,64.90356270662951,23.522369641979786,5.0,0.0,143.10146014085578,0
329.0743831322353,75.15386173830912,15.45505823031401,7.0,0.0,144.6251214919708,0
93.21577951188664,81.10427330004286,19.180432143016194,0.0,1.0,48.58736292733533,1
59.61366667718934,31.0121046030142,19.29240267575436,4.0,0.0,80.75977003058148,0
254.85138557027386,64.64038784824886,16.124850532963684,6.0,0.0,88.67454541886981,0
75.50662496571701,26.153079860552637,4.4366739656605105,5.0,0.12198995784221073,88.36603210101583,1
257.6018274991915,95.86898403000929,14.693989679201438,3.0,0.35145254588630603,90.19979020546631,0
24.523039759927748,86.94132714582068,18.126874951861563,1.0,1.0,37.10200632166709,1
315.58016149731304,98.48349748645894,16.768623947742224,4.0,0.0,122.84849014839587,0
349.3668019871913,122.51222203814672,16.617061109376706,2.0,0.0,129.10181464304637,0
50.71496999354518,53.75750336906847,10.857253776436172,2.0,1.0,111.47709547896517,1
258.73270124450596,75.16551454035962,13.362719848275464,6.0,0.10825041512065459,34.22362399453104,0
213.06196970633763,43.671228143023946,9.071380343796136,9.0,0.2387888768992249,8.330794885622126,0
217.18743772783813,55.12840397931895,17.803296267321045,4.0,0.0,70.15848620539951,0
36.11371731820516,21.534319929856565,20.21683306068926,4.0,0.0,83.3791001028676,0
129.35618787511962,61.50523642644485,18.84527559028252,5.0,0.2081753154204179,21.878099054120348,0
332.8030284254948,104.26198720991037,23.14599348104262,2.0,0.0,147.5782567109924,0
343.3285658598501,74.53475227871604,22.349332843566504,8.0,0.0,148.44401055817323,0
254.7641906396952,86.00944164624853,27.03034469893717,3.0,0.0,118.48129674724635,0
79.41121722591932,4.792122615494854,17.367454966411028,8.0,0.0,84.8677876739487,0
79.79752914674059,2.6192274429501268,16.949650369065917,7.0,0.0,67.94169592762232,0
44.61221243539461,26.623255648345662,25.48896677626692,6.0,0.0,108.45368913144709,0
210.99204441717458,65.29516674909418,10.528680918689892,4.0,0.26427356120201473,46.72571503783169,0
300.86739727675774,57.62224333515949,18.705635138084823,9.0,0.0,112.54508703511098,0
160.43408571427608,12.20884323459519,0.4090005690391081,5.0,0.07299197491695036,89.28421156444132,1
48.72779637963161,1.8194791725144484,21.993815030594746,7.0,0.0,123.76295827859502,0
47.55929305206837,6.141576861799216,22.390129852862145,6.0,0.0,105.82598914105273,0
248.42752138005258,58.786930048175634,13.309618212161766,7.0,0.0,55.6178708358167,0
277.2472995858399,65.4827679078648,16.54870287698632,7.0,0.0,112.01888866212133,0
67.23882742678903,79.53351195901341,17.51885601526775,4.0,1.0,101.58005223090098,1
264.1250293592843,72.38304955190368,23.796408601767546,6.0,0.0,111.29608179702942,0
137.8870057129315,37.57133795729705,3.6813406822551045,4.0,0.44527679806033293,17.661033545260985,0
73.83009265046002,79.26777592736022,18.70874617080451,6.0,0.8812654271523808,190.8687173980509,1
277.37201908032284,59.017627834343514,27.73367942317178,4.0,0.0,184.58517781312264,0
268.7129077371227,73.874917406141,18.40433799597559,5.0,0.0,59.43404961904033,0
256.5115332206908,71.23995258782745,17.353022027246453,5.0,0.0,95.94083867705804,0
29.857378675870024,28.176526369647384,25.406133183985013,8.0,0.0,124.64722948714092,0
33.78997333157112,56.19146838870206,19.207940064491066,9.0,0.0,41.97741334813246,0
92.13218835281427,22.19045450291914,19.224129990286645,4.0,0.0,134.9709072353157,0
20.460197814500333,5.392816607365262,24.41405659656249,6.0,0.0,175.23169169519798,0
32.04899596492009,44.20848724126415,13.036258638167638,9.0,0.0,21.915788221067505,0
101.15371683212949,22.98687840301081,19.579915162135162,5.0,0.0,105.72676294905409,0
207.62467665856008,44.08709564115087,21.58007854058016,5.0,0.0,126.95016585483523,0
312.00383925121696,81.99673276146876,13.158451190291498,8.0,0.1320053544240835,68.43038634406483,0
291.6360980560303,64.68008215491848,20.394331784716073,7.0,0.0,135.3682148194348,0
43.91466611492304,3.1264233280217013,22.51960240858412,7.0,0.0,170.76328630556299,0
97.76872744186213,78.02553043733323,12.779678497180237,0.0,1.0,87.24367551196806,1
67.1779153773028,6.274176557461892,17.323189065787773,6.0,0.0,70.60618593318966,0
81.41120504544853,46.938071514981516,19.531961683575645,6.0,0.021807709574654777,54.19347881048577,0
15.779818371604208,37.12886088501051,19.63671351455709,8.0,0.0,56.187233372552896,0
106.37068722331375,62.50159274695437,18.089089243162494,6.0,0.2975653039591364,68.43959667586046,0
50.84251922250132,12.009496478702992,13.74587063491982,6.0,0.0,114.65829690463255,0
35.93736492788439,34.9543571082841,7.88090273655591,7.0,0.0,21.212345553697638,0
13.402159582927943,48.236122361790976,13.386908446375234,7.0,0.6297583699788256,153.32383899722112,1
289.06980161183117,83.463769556583,13.412770594862288,7.0,0.22807739446339392,83.89267758516385,0
288.87094068672724,84.14526927940017,26.36626557977562,3.0,0.0,169.77703924116955,0
33.74992358300748,15.77849285536066,16.491147897759454,2.0,0.0,166.36053326518572,0
360.89348845279557,115.46262904522096,21.828952842722064,2.0,0.0,161.7120919953482,0
333.76159491736274,90.55510389933913,20.051159905517178,4.0,0.0,198.17307999541146,0
404.9223713400631,110.00954767011484,28.529314843924105,8.0,0.0,162.15627592741126,0
27.98460809406911,19.213825510683485,11.567810242317584,5.0,0.0,1.6117486500872857,0
344.54488681465733,105.59996864604283,19.535253720569656,4.0,0.0,155.28371137506,0
60.530966713060195,16.435767487674482,12.306327835722726,6.0,0.0,55.339888751609564,0
187.7899826242131,15.576779515705901,0.7184313694966118,9.0,0.0,112.67240858089274,1
109.30934296356236,5.988087800083612,20.273100400724253,10.0,0.0,92.84165235817667,0
243.39504680384368,71.82813669982139,11.945010354569696,6.0,0.2284217260578374,37.309084051251716,0
257.5147139546217,63.717557895894245,8.907860441137235,8.0,0.35235592850419906,36.720212069462505,0
62.422650769895625,27.80242664238098,22.214634788815964,5.0,0.0,137.66739374254624,0
92.14563437237359,27.469980611751893,15.497042799113194,1.0,0.11437363996256872,94.56348050551054,0
309.09548567166587,98.13011845214996,15.620847192565746,6.0,0.20091703506290337,66.74781469429259,0
275.40904607166374,74.7572208163799,19.89260967539073,4.0,0.0,158.8324803713269,0
131.907579435363,91.281747453788,9.542569484580198,7.0,0.8444462885842989,213.62560929316572,0
307.4618089144444,77.5417206191353,17.077667534313385,9.0,0.0,37.46089724250925,0
4.9065095608527685,56.010997407524236,13.937651948472705,4.0,1.0,15.690677653875884,1
402.62925730376,113.70125025668742,24.612370056706297,6.0,0.0,149.53820302943137,0
120.34462403626068,30.523368619007044,21.34066829037704,2.0,0.08872974457109156,164.0356582382882,0
185.71580957453398,36.93569235771668,2.771407218443551,4.0,0.0,88.39130837835674,0
85.12954694757953,8.261639629618728,17.415073524331433,8.0,0.0,119.92800278676367,0
10.303732532629155,11.46082285941452,15.795436958377268,4.0,0.0,44.002233299882825,0
295.113374879716,110.4171444009021,18.700791073671425,0.0,0.0,131.48367886397253,0
16.01257881832062,10.784923750007422,24.55191624353589,6.0,0.0,174.1770191572282,0
308.0261673134677,96.14460971817594,20.16803353157922,2.0,0.0,142.29866198850436,0
302.52958017643857,91.40771336147974,13.586646443460651,3.0,0.0,135.4477961440097,0
262.9776620336117,57.62624849361514,11.978275175792856,8.0,0.0,65.65064803211362,0
374.6436462411245,97.78553041418589,24.72718617369962,6.0,0.0,217.96003479880022,0
234.53104769125622,40.390575384709344,18.130075268769716,6.0,0.0,130.73060013556324,0
68.96475328686002,81.36535688915018,19.20251149784564,6.0,0.7970314240972022,104.41229142124234,1
26.64945902872755,44.51819487637161,21.18277959718915,9.0,0.0,76.96680793459159,0
25.77290074371234,43.96793061801628,11.701198705456637,9.0,0.0,57.755607084314065,0
21.459443854926036,18.308620057566394,18.072700389312303,5.0,0.0,106.45140515535783,0
367.2298926932775,107.78866577186005,20.900952679998994,6.0,0.0,159.74307492180824,0
232.09627451656905,65.99590996729931,12.904992074247815,6.0,0.2104313323239932,35.889386223293386,0
11.248858768500284,22.502465209748408,22.490914771518803,6.0,0.0,123.94276920521705,0
200.04712245746904,13.132525952581176,12.805563502958147,9.0,0.0,85.62875788395002,0
288.1895038597687,29.70863967409378,2.7523426174852474,9.0,0.0,155.4593827298657,1
281.13122185494547,78.46900768561827,17.174764924537442,6.0,0.0,81.97996224918703,0
86.9053169596608,28.709687271907818,11.743577932882589,1.0,0.0,118.50099858800058,0
306.36365521939894,87.63715289704848,23.11364602179032,5.0,0.0,137.02713718618512,0
