transaction_amount,account_age_months,login_frequency,failed_passwords,device_risk_score,location_distance_km,is_fraud
74.8014010480186,24.34662826220321,14.660502404683845,2.0,0.0,105.62610160604576,0
8.255615337490127,17.455352445386005,25.367006518810285,7.0,0.0,135.75061470991133,0
350.1593225302138,112.48494247990672,20.43394617493153,3.0,0.0,203.09681136032106,0
62.96862943125578,16.192510252316268,15.757684752391338,2.0,0.16318142616521303,167.2822936723605,0
20.96563106983342,31.26194705311086,16.676301629210514,7.0,0.0,113.18256942167784,0
65.36335362175092,1.8635624518323581,9.511857537659541,4.0,0.0,65.40561856883181,0
298.7790028357124,56.53958413578894,18.673403638350724,8.0,0.0,164.78746890881501,0
277.50620895171426,58.40157816336663,18.950617697445033,7.0,0.0,189.12595103058482,0
55.092928005595844,22.651596060788094,15.774761008833481,1.0,0.0,169.16693523484693,0
251.93068734290065,75.64694766269302,11.366403926417558,6.0,0.35551323083348874,80.4971904623601,0
280.66058436546905,87.86343824960095,17.963758797627662,5.0,0.020090183536808803,116.37585674104649,0
33.20878450771489,15.006968697455456,9.525351419521725,5.0,0.0,59.77394719810532,0
332.79147497301705,116.51779534819566,14.34982493687767,1.0,0.0,159.47989422760247,0
221.97041876524503,36.97349253736149,11.081912136125947,7.0,0.0,90.78849834328798,0
14.131415025620885,42.58746817019924,1.5756922404148277,2.0,0.5,126.01628030921145,0
325.3164940282518,89.38298595380815,16.20655912080615,6.0,0.0,146.30489855140843,0
37.398128074121075,1.5544312252446026,8.997872597768714,9.0,0.0,189.37936008968995,0
24.820036124633198,14.458847327313926,1.439977032276973,5.0,0.0,146.72083148967553,1
23.872950674023414,38.815992322996294,6.337028118597324,6.0,0.0,92.13995042279299,1
45.36436465523785,1.008904359139681,2.2303152387788394,7.0,0.0,121.02683492189851,0
346.52517156093984,103.37450196772812,22.56242098279433,4.0,0.0,232.84014787225698,0
173.240019753152,55.230087150903984,12.077282143160026,5.0,0.3933455997701515,41.62856244278831,0
81.20411602422354,1.240087175318017,13.011511758176404,5.0,0.0,84.97186963029787,0
59.903908506515705,56.6151807514713,16.869771900685702,7.0,0.04119126198488188,52.09537725697327,0
344.7724456589355,104.38120876982498,20.576495748871455,4.0,0.0,170.37021143139444,0
229.76576625715623,85.21678474200172,18.425437660229626,1.0,0.029465995526238575,127.14056890029917,0
266.7692416557363,74.34322254139502,8.585494945644887,6.0,0.21271629321150493,74.89448027362549,0
160.94729227967886,53.74603379637024,20.564176053899754,3.0,0.0,209.30737826465247,0
346.1402592028032,60.05322066172085,25.4217332650532,10.0,0.0,224.13639594220314,0
12.07523561512211,16.22892289211576,23.5226719161167,6.0,0.0,130.2403410685351,0
318.7721256772174,101.39573770329824,17.088915445283728,4.0,0.0,119.02367501306321,0
80.20301021506697,32.56355808400458,14.438328125503304,1.0,0.0,202.84410736654092,0
69.32524266079739,8.802029542921431,18.0247633495673,8.0,0.0,128.72967145438176,0
253.82146671106955,89.63081277843186,13.763799252449449,2.0,0.028644790424528277,67.12047308153458,0
264.9913469963168,70.71892481435182,14.173338171251565,4.0,0.0,161.14172524694993,0
47.90786430293383,10.418692501886206,21.906671012797688,6.0,0.0,189.15762438249996,0
45.3972169834139,1.060088124270031,9.129462605739828,3.0,0.0,160.54279625634865,1
307.4201603121179,91.86217892883457,14.17078399478985,9.0,0.4427556715055486,52.46550913839666,0
109.41169075617384,58.55265119437321,13.500199505026941,4.0,0.3360910712843751,78.76028170237545,0
15.862259259606127,27.572795246542597,0.12394937674264916,2.0,0.0,115.60844621075327,0
288.8171654926459,83.06407369071216,16.938364043593626,5.0,0.0,129.2946400731994,0
415.6099470864226,135.74539639481617,28.87408792541322,3.0,0.0,253.7503695757012,0
232.20627419006794,49.269463329976865,14.365189888402508,5.0,0.0,128.92954698385657,0
31.43563909581475,6.876322414022027,17.07070782201911,2.0,0.003373504637693925,160.89733628575513,0
384.2894528612804,102.65591555867869,17.035147649957167,8.0,0.0,126.58684390542167,0
356.493399389541,108.54377195759939,20.744208404066644,5.0,0.0,164.99292656531225,0
314.79210507435664,86.16384977121834,16.06360497205032,5.0,0.0,136.95122354717483,0
7.712811250051473,2.934345299094794,17.800442047118015,3.0,0.0,167.0168469335332,0
299.8783715506845,66.02935637674935,17.956167425799165,8.0,0.0,135.63224772872633,0
19.42129099345159,28.297229689745265,2.9657757235337527,5.0,0.0,106.77970944862858,1
46.10875968586758,11.220715567930561,13.993098134882395,3.0,0.0,134.99690853406022,0
22.466195276115208,4.0748472689568445,17.87971695760661,5.0,0.0,182.11288709191626,0
28.933489885422382,2.759332276433419,24.812045165561226,5.0,0.0,236.18281569984842,0
161.05356548934728,31.120500756144907,8.101381744246671,6.0,0.15603120575917817,71.37809225745075,0
20.142179410575416,44.445554198202444,20.817580417134455,5.0,0.0,119.93138317374229,1
246.7206120304121,59.507529422843575,17.599889062644554,4.0,0.0,146.22441491640126,0
167.41043247262513,27.490159230905764,10.71670832317335,7.0,0.07560384444254759,44.71662538979395,0
57.22745291284653,21.39889904964193,17.955600199508712,3.0,0.0,255.64823073073418,0
141.02584158630413,51.16016443564478,8.084191729744052,3.0,0.4709194129110479,46.606445017236794,0
371.7682980942978,96.20951657793874,16.659646005388787,7.0,0.0,166.72319726533493,0
34.43429362624416,87.99596671314359,11.321824365415516,2.0,0.5,149.65869117928204,1
3.78129580318371,49.63644398594174,14.676218600068218,9.0,0.0,42.45797050919967,0
12.599176055278335,4.062612971212715,20.45503848534289,4.0,0.0,111.64459512876991,0
412.87302527561366,119.81719356247615,24.822766773913628,6.0,0.0,186.21453968355377,0
100.12271977178976,43.02662991861433,15.424155163620968,1.0,0.0,202.95161762875102,0
118.72214596477323,13.243036722661707,9.533747502648353,5.0,0.0,118.59789494607531,0
19.085101570502744,35.183470944551715,19.357775980468098,7.0,0.0,104.70220655844764,0
26.091056405629157,33.51456071333638,3.9839223450633696,6.0,0.0,178.02016750132123,1
318.84773636934943,103.89052576224353,19.295705585343306,5.0,0.018656743662413322,135.03680460420475,0
72.08869723906898,0.9340963520137002,23.531598941704797,1.0,0.12316849892619336,169.8763021751277,0
44.00438052347336,13.83816249651511,18.057934507006188,3.0,0.0,178.77086139578745,0
16.982741119810242,7.606029672370774,23.28080221444737,2.0,0.0,225.88794125385712,0
185.0670400741554,10.87620501206413,13.389998340772147,10.0,0.0,102.48312741967442,0
65.50325294417686,43.70562696648258,23.519987215757787,7.0,0.0,132.82117361322872,0
300.6305855977972,80.9784872504739,20.585701926696114,5.0,0.0,146.73699896744378,0
199.59179615436543,24.053402895445892,10.881957579082103,7.0,0.0,97.12061116877086,0
31.979043742206414,22.261551174881753,21.719217694741275,5.0,0.0,187.8357884765513,0
136.22530912190263,21.38162354792447,11.103504865430166,5.0,0.0,145.1337271887454,0
159.22471564396025,23.647062254061755,7.596071406375977,7.0,0.23200115655358633,69.35073312043001,0
30.387350873764944,15.871360839383001,22.809955781760944,5.0,0.0,201.25308946598182,0
51.47879466663068,37.81753590149947,21.330401137089268,1.0,0.0,262.1380547912709,0
59.7111071416096,27.064533540106922,20.581355029945858,3.0,0.0067916156430540275,79.25148001187459,0
3.344928953168008,25.43477876573857,20.050819189858665,7.0,0.0,168.65159733853855,0
26.458198639457287,42.7880929961988,9.795657529185863,8.0,0.0,32.376871773711365,0
334.11286999971577,113.39971387271609,17.1084646506123,3.0,0.0,141.08189297138404,0
55.42470781531742,48.19712490810561,21.449315369900415,8.0,0.0,108.5812504344526,0
230.42353608231377,56.98816235250284,16.684947052465866,4.0,0.0,142.89105208360894,0
242.40908489494487,82.18998811704162,9.50083983430804,3.0,0.260499436353875,86.06984564172888,0
39.810457408354424,19.320403893377424,20.529615681061667,8.0,0.0,96.1122027971308,0
298.328321877299,72.38940734231178,19.110209862839476,7.0,0.0,123.48877320951765,0
243.55143190840369,69.80867094725329,17.68500505542815,6.0,0.05170137748006276,108.57986113247301,0
317.15589129066143,116.90604891773035,15.755562526981578,2.0,0.17153920209323242,132.89620355018724,0
24.864017963727022,52.935294503924965,10.200296123489657,7.0,0.028665121761545453,92.06566444029521,0
28.056049567348083,27.483241808148797,16.121923181397154,8.0,0.0,73.98182194293514,0
95.86236108960509,18.069943555393778,6.532593949061562,5.0,0.31618136923835966,42.264697528832066,0
298.0680772144318,80.99435280858344,19.692793840882462,5.0,0.0,165.52558182339897,0
141.25182162412645,84.95021627309856,18.203224134458193,7.0,0.17054327449348616,107.1592638788432,0
66.5607410694807,14.830532893744248,17.43448686864418,8.0,0.0,134.84284731701496,0
110.4127032654192,39.847788231857706,15.92841642392736,2.0,0.1463368144684657,87.69545269163324,0
83.192629891405,41.346695290035086,15.138398664453735,4.0,0.0959679391774384,82.99045322152931,0
344.553031140403,57.10651752764545,18.78631925928054,11.0,0.0,172.52240818379175,0
365.7302682214721,67.49558390947186,29.989274718870647,11.0,0.0,224.0857833783757,0
208.34805153147116,65.10878974313438,13.494641731094656,5.0,0.31648266227991106,68.44272342611004,0
48.656228694335056,2.0758745773589204,9.426385211297195,2.0,0.0,40.74643100477918,0
349.0682045013131,94.04493836637543,21.212345833418816,7.0,0.0,158.11899323956828,0
27.442301144430232,41.934392921127824,15.78909727041455,6.0,0.0,47.24285165971748,0
256.9122025569544,86.10574969892434,13.46360800228187,4.0,0.2322862699163719,106.5244460624694,0
196.66231156641854,43.73068802843399,14.428586951981146,7.0,0.0675683265360425,63.23072989531941,0
6.479952003402502,30.964085346831638,23.979312543878116,8.0,0.0,103.65473398261395,0
322.94562796960395,99.41831774077612,15.120504669959656,3.0,0.0,126.21380854486057,0
352.6511211116151,121.68449580374403,16.345138878564192,4.0,0.12277971848625768,94.65769802829038,0
322.8201651090643,104.88269219911528,18.8058061988572,2.0,0.0,221.8756337190485,0
222.2327186975047,45.87245938355594,15.275365590490491,4.0,0.0,175.61336322401218,0
20.02537799158676,20.32256219263735,15.03197956114406,6.0,0.0,119.95407487549399,0
313.9494884721273,83.14333756443516,15.012919002826587,8.0,0.00967070560093175,100.72973032176523,0
48.90368679925888,1.5770501026177364,21.242273888558138,0.0,0.043318148413372226,158.80336235484918,0
28.976201076202706,17.739706988919863,20.611462124201765,1.0,0.0,172.92125577976435,0
100.32516799120026,90.50727568218818,19.08746459605726,11.0,0.0411299652857503,64.31660563429034,0
309.57386100734345,78.81648933811098,21.584829218418353,7.0,0.0,178.40625072778425,0
222.1829356491329,59.42755585834619,14.262688308811224,5.0,0.0,106.8362062486226,0
198.99734107527817,50.38778650858934,9.745650170475962,8.0,0.43203039922600295,46.977435870259356,0
24.292671505005444,5.3184677711416555,4.130712748263026,4.0,0.0,159.69981325847957,1
172.66490801388812,26.580468643060353,7.688346732897479,8.0,0.16337632055423928,73.18969980023677,0
33.59657045319164,32.2387714600928,22.091177989958133,2.0,0.0,281.0759208768665,0
302.7027322448562,95.73832568200457,15.397016996902522,5.0,0.16228309455532725,133.79676825906552,0
9.108563534258638,42.878067422187996,17.880807870570294,5.0,0.0,246.91997771075117,1
36.41537799867368,35.285855430403856,16.43613795547338,6.0,0.16044382430630239,23.441994545703164,0
19.7098732231887,23.182671109505264,18.053602622246334,8.0,0.0,77.4047142632534,0
165.06913452979705,28.258734241964618,9.11255454262974,4.0,0.0,95.40904930112433,0
44.70385333370447,31.25060291615209,21.12892547084504,6.0,0.0,119.72902667337576,0
224.97863662827564,40.787016536907764,19.390280285421028,6.0,0.0,99.52701733098979,0
62.5747096133953,46.106840982554004,20.253465968115282,7.0,0.010536900616561873,85.89084606301392,0
19.65910038185322,84.86893386337526,17.265303558006877,9.0,0.0,167.82005398468843,1
81.0937852876911,44.73020576217996,16.129908746210297,4.0,0.06687770242542834,81.99027460188267,0
145.417705120401,67.170652606453,25.56515905245824,7.0,0.1201364773031613,68.06014624492583,0
237.9939309651157,88.70192417030569,19.99747953100075,0.0,0.0,140.02392012358143,0
155.87625904332694,36.3579737790381,5.871161588814546,6.0,0.4423441632639604,43.53321119214661,0
295.4619520869675,86.14317724328237,22.148668766449454,4.0,0.0,142.3299955408033,0
239.89272649914747,35.377189205618144,16.138460701253052,8.0,0.0,138.20100908628035,0
286.69727555924857,90.46018562115009,23.333183473465382,1.0,0.0,164.5417396569203,0
239.39700245145002,81.71232540795921,15.727768031678307,2.0,0.10711829299485426,138.0221818996502,0
255.56727121189033,42.31352553872556,17.683527967549935,7.0,0.0,198.56996396737395,0
208.96234593938266,37.3664182120675,11.47215484885431,11.0,0.28961444373697853,25.13146121650199,0
5.442403905440713,3.528046816327482,15.768090253795549,2.0,0.0,106.2938035239643,0
34.98731511218893,63.255396190263184,9.138794969638948,8.0,0.0,123.84990526103573,1
97.49156068515238,0.5314840766928057,14.188759912581867,7.0,0.0,143.0351087229857,0
226.46985553035805,49.48857219378688,11.122143258256674,7.0,0.09727774582429821,75.76051820403617,0
290.4446224978577,40.72254743326425,15.509092146644171,12.0,0.0,73.5216539257216,0
23.056697625035028,8.73257240919208,8.940461148743049,3.0,0.0,81.60266768411802,0
27.996816408569437,94.05434758963042,14.174872917509004,4.0,0.5,139.9308309831445,1
9.335493084977315,17.714488112005576,20.06562579728452,5.0,0.0,82.21206706763911,0
27.522632046486766,89.09183854080571,14.935014597000821,7.0,0.2154341822171255,219.49541172815077,1
26.376501787246227,109.89302143160812,20.747564228107876,7.0,0.36095097451803526,126.48521370898611,1
13.231649800416108,12.780670570071436,23.28974756148545,6.0,0.0,202.04321198492374,0
362.23792671793603,103.48064436894094,18.664549802472457,6.0,0.0,129.5532970695338,0
45.75106724126877,1.8472337149805895,7.650988563570904,3.0,0.0,107.90669865063063,0
197.9407596568696,28.55949532236054,7.1445498013242705,10.0,0.2382508172315173,63.32089887073761,0
40.93357481937295,31.139458429995685,15.224501138640175,8.0,0.0,49.68682686682078,0
275.70331842440424,67.28978470514346,23.40003421172711,5.0,0.0,177.5825317756033,0
97.29966909965188,47.367034146771914,22.990785338381063,6.0,0.013841426907686416,123.63522398203791,0
35.048117435149024,6.682213471541374,22.583619563625042,7.0,0.0,194.3759800761385,0
97.49389126605507,7.943117039265367,9.506605759068744,7.0,0.0,69.11536121319284,0
9.833802935132198,42.19178081875275,3.916118036449757,7.0,0.0,112.95365876542579,1
37.314479809077724,11.298994148257488,11.559075103337404,1.0,0.0034322776552956347,76.64940477594337,0
104.39685556478645,22.722218788038816,26.047238565397258,3.0,0.05259433575669775,190.74537544161686,0
9.607904099569808,28.966095505326948,16.923378493640932,6.0,0.0,92.92839413514179,0
38.65308239444681,117.33663577328073,16.767143651260408,9.0,0.19807330960334224,231.02239080723947,0
286.1526198951326,87.32240589735609,20.06909334880226,3.0,0.0,167.22591583610446,0
1.8178947339964253,46.128018302722325,19.617927003024644,10.0,0.0,72.11160538363801,0
265.78768540483213,73.04702253527208,15.37260933464062,6.0,0.0,106.62006892867673,0
326.68757416857306,91.83510816350918,22.02671070501947,7.0,0.0,132.7894288446777,0
13.953355494684573,50.140025837098264,3.318219544310084,5.0,0.0,89.20227162840183,1
236.87519512076096,77.22023470185849,7.967547019080284,3.0,0.2589459123577672,68.8469258657168,0
90.44119005991479,1.0889614784417603,18.006121494397245,6.0,0.0,127.64132752306426,0
446.64216446871086,127.85720279420264,26.058268602556193,4.0,0.0,270.71079475077556,0
356.66126345526374,96.64864355193995,22.78694092215054,6.0,0.0,195.45894787148507,0
33.28672141343781,108.80555578315335,15.766866365232154,2.0,0.5,111.34838614447982,1
210.9480906547988,65.15704745044755,13.940350051418225,3.0,0.10383712582846971,138.38940113631196,0
385.86765503658563,104.6909120880714,19.023830069115498,9.0,0.0,133.35116023410484,0
21.46880165621998,32.374917029667316,14.705682220844814,8.0,0.0,111.91412458809766,0
25.675054534617686,1.1850401042993752,21.117411920680617,2.0,0.0,209.0684024386078,0
248.28384814751564,42.145869617696874,12.197568391273778,10.0,0.0,77.24470016219158,0
23.258944493035173,24.13450092615085,19.3002110614489,8.0,0.0,80.65093484930398,0
408.09385999169916,139.03035624960285,22.91505589942211,3.0,0.0,188.25876508993176,0
52.687410241457826,30.948015218580665,6.622368467709766,3.0,0.0,176.25690073567793,1
27.456955745242936,28.489802816922193,16.78680745921534,5.0,0.0,116.94907927083273,0
53.19234802610967,50.35462355298911,22.700778055326637,8.0,0.0,69.12066794861906,0
30.201971180216162,24.15437604251808,15.720898337375978,8.0,0.0,118.79006489567675,0
81.06297414512585,15.111648166575161,19.894261079073893,6.0,0.0,180.94200244576305,0
195.19551666223143,40.63520549516432,10.28101247554979,5.0,0.0,80.73436336797974,0
204.57491349399766,43.985688173566956,13.300199000590741,7.0,0.0638143968968502,60.29280095270947,0
36.061686820727054,22.352663911458166,13.59549747335589,7.0,0.0,84.5733682037483,0
159.577074542183,35.485263076881154,10.764328747760093,6.0,0.15102814433271144,37.93417176261498,0
24.81917350578553,9.2201634054842,24.857729492866724,5.0,0.0,213.17965520841406,0
8.51777055256892,0.8660073799320109,14.864774094601016,3.0,0.0,183.96252587189124,0
389.37739091068136,122.33590301453094,29.69009550800996,2.0,0.0,237.67275729972283,0
406.63104766767873,100.18938856045884,24.47599510748157,7.0,0.0,226.2361836253074,0
14.409654220863843,24.97896671139179,1.8459550502054434,5.0,0.0,117.51095324674979,1
329.98563223938515,122.18715624865865,15.353671086983638,2.0,0.15474025284147014,129.39404477045684,0
11.562251615282484,46.88728688739184,14.211028138028073,9.0,0.0,58.22905070600229,0
160.72601933970736,22.14377184581037,10.505422454134543,6.0,0.0,126.05209029776995,0
40.119947940123325,54.514114091965126,23.150540782919627,9.0,0.0,107.60426747340125,0
122.85871015150323,78.44317000179217,16.33063514513058,9.0,0.2694878184237565,57.84701872308024,0
273.17544777523347,73.98244586945921,15.08636489292531,5.0,0.0,149.53608803518986,0
289.31533170084356,64.14026112961197,17.32644727601923,7.0,0.0,135.82912654115015,0
15.543145010703881,4.720021795799919,22.471700404340734,7.0,0.0,188.20922689113073,1
362.497938007627,99.52906876447184,20.495900231878558,8.0,0.0,142.90315307381314,0
30.61780553126591,7.2236239706438035,22.53001656435284,4.0,0.0,239.5688777356092,0
13.522436271011252,11.820365692890036,20.084951596001886,2.0,0.0,213.86909102449198,0
281.55406025240706,70.19472124380118,11.752893695136912,7.0,0.04877605719782341,146.21503053194942,0
27.765102982797558,17.364663067220775,4.686308229590555,7.0,0.0,139.9761453158634,1
41.69613467462225,19.459214292586783,21.893896247835187,3.0,0.0,261.0410846214614,0
47.40374465220723,14.823474340681901,3.8978790905006955,6.0,0.0,204.06376473971423,1
270.25742301945047,33.49146620838744,16.078058141825643,10.0,0.0,168.88437553126667,0
282.2182534659694,61.931450673291124,19.936083823756583,8.0,0.0,159.12464675586742,0
352.4655519446358,111.47577369037784,21.837407898932994,5.0,0.0,173.90151156825502,0
279.7846549504158,66.94201196222397,19.670302608796234,8.0,0.0,114.35457888394588,0
29.97484158652206,10.004074750316754,7.901027964930687,1.0,0.0,111.58580492781635,1
36.49841067475694,20.552734333688193,16.421008896945743,4.0,0.0,151.32881243000807,0
43.12480863690462,31.36740705115347,8.195998271025024,7.0,0.0,82.24064273556243,0
471.26059828435285,149.28318008881593,18.65170111859924,7.0,0.0,192.35659643377147,0
301.56529273327783,90.65819279199965,16.171043477408972,5.0,0.02898005411646143,98.96091340224368,0
245.86168102352386,62.66724721300698,11.660384719151736,5.0,0.0,121.02892786380372,0
239.15521466792825,65.85940163632962,17.1434691970155,4.0,0.0,148.75664964541633,0
165.88418721559998,47.44679537009161,9.639005719145274,1.0,0.0,102.2162440108361,0
297.95594807842804,74.1985543998614,22.031946119851817,5.0,0.0,214.23118832405208,0
32.255268124834416,43.10465342523791,20.91942691174478,8.0,0.0,136.94057399437335,0
75.48123007554231,1.9813478254472194,7.88966242953204,4.0,0.0,105.67507672208217,0
66.2092711501216,22.110404718245253,16.446217103764905,3.0,0.0,175.83308970142693,0
126.08826923408839,19.19555219883769,3.4817544503238587,8.0,0.0,162.54044450925883,0
25.21302133483144,16.21781120825225,20.008040017562152,4.0,0.0,166.95169333919887,0
2.6835642727896953,6.83340584346049,21.522624487669198,5.0,0.0,242.98882000422208,0
33.33937914633782,14.692695069760035,4.858842119875609,7.0,0.0,168.2517042017045,1
44.98429120965969,5.647133093597706,17.820297872669087,5.0,0.0,250.37344608711504,0
241.54420403311428,73.35878775998958,13.703920134997988,3.0,0.0,105.13364375054424,0
39.47906439134823,42.61134832992995,11.501517550888426,9.0,0.0,120.11394728208799,0
371.0740451095293,87.92585869761602,19.28828853221229,8.0,0.0,148.93365160792047,0
253.84011848972173,44.429128431292604,17.48537314422031,10.0,0.0,146.78933812584654,0
215.81143419809848,52.72211452352485,13.23319128315107,6.0,0.0,61.47771713914178,0
332.30605011737885,107.26728621087275,19.22874438669373,5.0,0.08889289998715022,163.59294171235507,0
365.23201024529504,108.70430279178912,20.16852348966639,5.0,0.0,144.36561133775444,0
386.253835604751,113.8026141814283,24.902807341993846,5.0,0.0,203.96034091069288,0
221.88434813628172,40.552225801457645,18.323224842429433,7.0,0.0,144.18261350082872,0
345.9285470570134,88.03372656975107,25.391607305060454,6.0,0.0,210.96998846228996,0
193.62951522732226,58.6045843037124,12.037514666277826,3.0,0.09330773252657865,62.64073176081629,0
39.5426801831335,39.32566105661135,21.307490774709464,11.0,0.0,47.60251512042265,0
14.593003160596439,16.938604850201948,16.534001534895918,6.0,0.0,69.88657093079361,0
0.6101650773728835,30.963886883002644,21.50331143000811,8.0,0.0,126.22320433973465,0
48.170324111828755,0.5407767636877097,22.066151728788935,6.0,0.0,218.03247486332813,0
19.000652352675196,24.782000993960622,17.72785644280978,7.0,0.0,46.52974939816971,0
343.0407220669437,98.98015970641745,20.266356304054565,3.0,0.0,189.51485304010512,0
295.64510608134947,78.05646958056265,25.022431625006345,3.0,0.0,230.74150464573907,0
439.49369151460763,115.98543596228242,27.14529406112459,4.0,0.0,304.2473221676165,0
106.75310883284868,21.008720812869246,13.544308210160018,3.0,0.0,174.7648911740306,0
140.22749351439944,33.98752056063265,6.31737922077062,7.0,0.5950739590881524,53.56323075221669,0
368.1728562134011,137.25988635562226,18.945016366337597,4.0,0.2710970155040608,89.30663262039691,0
0.588320827628344,41.555153390017395,21.08917365093131,3.0,0.23094452401646715,146.83403168000916,1
301.45417107672495,117.47818250778224,19.48495624154768,3.0,0.34696306934873833,140.06168312600488,0
283.77808142549395,61.56380768330571,12.576889955687466,10.0,0.1064896896796303,115.27236221260905,0
48.56493289714916,34.36736909792346,14.54853611600171,10.0,0.0,66.3227977180837,0
324.701153861701,94.1344963090473,21.872931959521296,5.0,0.0,152.31546382229453,0
253.4335026521928,69.71539986704384,15.785066408657928,4.0,0.0,120.78856543444485,0
73.92795200418351,29.54969107469735,15.361192117875852,3.0,0.1046950424973544,77.96253699666272,0
47.771593987630084,34.026773626143125,27.228727107767114,8.0,0.0,128.08521956118642,0
78.96363828269773,12.239568667494108,11.494661978090459,3.0,0.0,134.27155985069322,0
57.4994913684927,31.059276765878607,11.172535351225372,2.0,0.3579017533218465,92.32332494067523,0
207.2007315337175,52.296115539647694,10.49243079725897,6.0,0.21790147627707884,126.76201831691512,0
174.27637314023593,25.162410106512,14.656410924560706,8.0,0.0,71.9178407313847,0
306.5479325832421,82.01765597966076,12.630362521888618,9.0,0.248289010589269,77.76179913998111,0
40.14688713249996,13.13657905574496,2.4961152220245015,5.0,0.0,138.31338762139376,1
224.9005383329324,72.17458215433865,12.431559052606953,3.0,0.09542313420946402,98.49829137941875,0
159.99400353687705,45.54634625778901,6.660035956534832,5.0,0.47131134306005695,39.8879779288348,0
17.923829729068935,55.95397312478247,10.210457512808485,3.0,0.5,81.96818497614629,1
60.529060583142325,76.89974025473546,26.902703231947516,13.0,0.0,74.18508241197149,0
14.994066017894056,6.665581308616694,20.18467230201176,3.0,0.0,166.46803692235488,0
10.054719685336593,1.9518936439511876,13.994951579770627,3.0,0.0,164.8829911669833,0
408.9662757763093,103.69601769147113,28.985100927120108,8.0,0.0,195.2987950993244,0
49.1249239336143,31.43813536408323,23.446256018204842,7.0,0.0,178.5733563568449,0
359.1378596897749,98.97683937251564,20.308606804771003,6.0,0.0,146.75570734028935,0
35.061750046623445,27.63248851010691,22.555732263319275,6.0,0.0,148.07587000266017,0
106.22343025129061,34.4792557940562,24.02098661878597,3.0,0.1845693329019611,75.03227446864908,0
41.355386644128664,8.54810969108253,7.036771917552789,3.0,0.024719616689277635,64.08657015399001,0
65.11062401045817,42.44320357007609,23.641947053131197,6.0,0.0,165.53288440477843,0
363.42172657422805,116.1876622598574,18.434096469715477,3.0,0.0,161.55276035855542,0
49.90715548011747,1.6195576147626234,16.728498656973205,5.0,0.0,172.1858934545614,0
12.982447664103226,15.461249731329417,20.3175510466878,5.0,0.0,134.1312848542322,0
393.1590210183329,127.7705255195162,23.115122783915982,3.0,0.0,193.95166557541563,0
235.81399642275042,56.908903592615786,14.864740689493043,9.0,0.20242244623543454,79.4858971252118,0
144.60275520114897,20.970915141162678,13.00846977502358,6.0,0.0,80.98404724669305,0
62.21000834413418,27.419848438126152,7.441952603118601,7.0,0.0,47.43649114111843,0
166.78132822479316,45.33517032707813,12.099080314626175,7.0,0.4572517708983447,59.50647782759707,0
259.901911866977,56.874964953994564,8.857098553427527,10.0,0.3272183215342436,51.12026233808452,0
334.6985502296993,91.40552770628321,15.024824303339287,9.0,0.10280875125005595,83.21710848517844,0
19.790242552639697,30.256944314817233,17.757039926730904,6.0,0.0,135.27169267872983,0
348.6029015214213,141.73342311958376,21.37875713841213,0.0,0.0011813398614046178,147.504383505887,0
290.34174875335464,87.54938072746188,19.524427815600948,2.0,0.0,171.1222025866884,0
264.390432105672,39.97019529537924,19.752498259945973,8.0,0.0,170.01806196614527,0
292.0968782397997,83.993608229892,21.3180064116772,5.0,0.0,150.34642174658043,0
95.8577749162022,14.244706167309062,14.433103140308756,9.0,0.0,57.45551526636609,0
436.56294681017084,118.3290873190326,23.810292766026063,9.0,0.0,193.32842041736097,0
8.273658182894195,30.696087980113873,9.466767067000264,6.0,0.0,51.87156570959205,0
255.76702698446678,62.143437428462136,14.611606053254864,5.0,0.0,136.63869050360546,0
221.021952995985,81.88444053400528,16.928306294088376,0.0,0.0,111.35834307946543,0
20.52712866204297,83.20282294100424,24.966447715677283,3.0,0.5,88.30427705318604,1
187.52599492303747,30.29003025929912,14.758476858911013,5.0,0.0,125.65252523855801,0
107.18973483672153,31.718812084877072,22.56779504477288,4.0,0.17485002259386156,161.75907909841192,0
23.78728914148568,10.73215560140726,21.126158689014925,3.0,0.0,212.89824586556819,0
67.75153153233416,46.84319800500808,18.623002779492175,6.0,0.0,81.6337706203588,0
47.5906760811164,43.78952223377483,14.086420605840654,6.0,0.10814047688080203,53.4084136225266,0
31.597481264853265,28.08703258649433,2.356814325453561,1.0,0.0,142.9959871887931,1
333.7148584389341,103.22982042936869,17.79072487304887,4.0,0.0,134.2332549397203,0
21.094774339825143,77.25814944481554,15.207698229807061,3.0,0.5,169.3519341349055,1
354.31925072456505,74.98588830022777,19.2995690329833,11.0,0.0,164.0503447789365,0
151.61750554544867,12.100379525081301,10.237169071023347,10.0,0.1762198669924202,72.16918346177158,0
254.51232253495354,75.57251017644974,14.318447143630507,6.0,0.15954726702414618,85.85585048311813,0
338.2937589235001,101.0870755466114,17.4644656597873,7.0,0.07375352412541841,126.49056156024574,0
388.20391800488363,100.59332935195354,28.03184862253336,3.0,0.0,247.37838989423423,0
66.60388010607159,29.36612822745809,22.813299675499724,5.0,0.0,171.11272758137946,0
112.81787565686467,6.5081535584275905,17.13111841010194,7.0,0.0,194.40682083676873,0
47.92644345691694,22.37884392321215,18.048167320478477,3.0,0.0,242.0369050811808,0
16.67479096923004,66.23489489994384,14.817501488360236,13.0,0.0,109.84492520698977,0
421.2147301981216,102.89593823587374,20.86546921446325,9.0,0.0,196.7783919147863,0
277.95663622223014,56.16652745717618,24.8161764061559,8.0,0.0,155.93224491522992,0
320.7285598586151,90.65704388803272,18.744210450098393,6.0,0.0,176.38861158586369,0
28.6957363221605,24.638488884735487,10.043618175118315,6.0,0.0,42.85302937417818,0
70.25594504942387,13.357176069983076,11.088137597272457,9.0,0.0,156.56598022577774,0
22.078371961461713,38.717342826361445,22.424229483511127,9.0,0.0,192.39640441306074,0
268.4101704948454,68.10780706037488,15.675497649811613,7.0,0.0,138.30205734449467,0
275.654051190714,53.2580810168637,6.61320932605126,9.0,0.07564224034480133,111.34022302767718,0
24.457664692680616,14.599403068092883,20.91576698416313,7.0,0.0,127.99976722740166,0
280.0083477869167,56.29785496392764,21.945422763094758,8.0,0.0,147.28795463185918,0
272.941438270024,93.37415958980861,15.745174885290767,3.0,0.10632039393669107,124.8113973265606,0
222.10106194444856,45.90395374379689,17.180794451826713,6.0,0.0,131.8395840510736,0
32.04938616489053,6.242056215198957,25.524765701359836,8.0,0.0,182.496970536659,0
99.54119311500028,54.968283362136376,18.53239586960565,7.0,0.07499357626491421,159.21165717071818,0
51.76503345318635,21.81838408985189,15.999594238889477,3.0,0.19013790557331406,92.72794440668753,0
277.6394293877686,73.18626160329057,17.60016575272144,6.0,0.0,90.62410258338728,0
91.29244966150486,29.69180636107354,19.438853805661438,2.0,0.2451109492257117,50.98728185110417,0
276.4753126990886,81.52761389390253,19.61324030170217,3.0,0.0,159.35804886759277,0
366.2132088029987,108.77622641012306,30.6639971682468,3.0,0.0,266.65523587622505,0
377.1523620285091,122.5719488898141,28.726902690129748,2.0,0.0,234.92805873693987,0
126.53501001190858,34.998163606933076,1.709068655225602,3.0,0.4101236392572426,43.8414463293288,0
269.4600203921967,86.5859874912642,18.046591568641226,5.0,0.014358207430257508,95.87703564952125,0
54.601945101762986,23.272145044278034,6.622668964348242,9.0,0.0,201.4769456107657,1
126.8741367015165,30.184752887132547,3.141597291969749,10.0,0.0,122.51100462025484,0
42.77797647633814,43.64265003974327,20.699158013561135,7.0,0.0,117.38518761054613,0
259.2289714696372,67.13149887732939,7.396868210122616,8.0,0.35179591807295396,38.570990045634204,0
120.57410480721624,4.650445586727972,27.816402783446236,12.0,0.0,227.37520500832548,0
38.51566386509322,21.80967705593055,14.21511533354207,6.0,0.0,66.32586332586375,0
381.6280890112956,81.61639436227821,19.111109265629217,13.0,0.0,153.198606342814,0
258.3401961178089,108.59954997509826,19.203041501069485,2.0,0.0,131.07788199018862,0
30.112262396117757,71.0340441990117,15.463982975270003,12.0,0.0,71.06592587515036,0
173.06328459705273,79.07696528577951,19.0195850490974,5.0,0.3346840352153081,105.83751477276685,0
224.51702797193397,55.41977974301162,12.902731219296536,6.0,0.07301493007944321,86.71360939088464,0
304.6092057478346,110.06333938543399,10.924317416079226,6.0,0.6178498164911349,56.065204350035145,0
285.8824556514304,76.65426414036278,18.292549479228548,6.0,0.0,123.91573001983376,0
42.75787018376037,3.4778965049253863,7.636809564910013,3.0,0.0,143.42445927555463,1
261.54646863096224,75.56901814087796,9.165850984941626,5.0,0.2571590053457406,106.458927740005,0
241.7111458212596,73.47970312841176,13.536655636797132,2.0,0.0,121.96595686713431,0
31.303790270927735,4.26451218102126,17.254093925320475,1.0,0.0,187.04432028431833,0
243.51657469920946,36.15203890383753,16.580734286029326,9.0,0.0,151.4214633762129,0
1.4953782839107106,7.8794218957716,11.33376090355247,2.0,0.03405158456659385,92.49736534256215,0
43.07655777084382,44.21076817456159,24.818848081906733,9.0,0.0,102.94196725467239,0
124.27405866554332,3.3179456516885892,11.882351828425808,8.0,0.0,118.38797481337129,0
103.9618827311916,67.19933205379931,12.574077205141943,6.0,0.10801122763044319,49.295141833502186,0
66.60373239664631,60.16136272556879,14.02705527298361,7.0,0.2019383302980125,81.65497564959006,0
291.5613492202805,87.7358977592344,18.183416123547488,4.0,0.0,145.11278329225578,0
258.1547130366514,57.23584456802661,17.08622406566503,7.0,0.0,139.7362293764947,0
254.63147856244697,83.62706953445887,21.08475053672544,3.0,0.0,148.32473551433924,0
79.88787578921547,10.053161161994382,9.04898448802744,7.0,0.0,75.92574745077516,0
311.27314831401793,103.16258905829503,21.237056733913647,3.0,0.0,154.60131760658183,0
233.89821964201852,67.19113035823881,12.647344521907915,4.0,0.09015473421501563,126.38105052018872,0
5.543718554223432,23.972038330194906,10.49088016022353,4.0,0.004473825533366282,105.15750252031853,0
7.230992660001405,31.656018786458446,18.42856747975785,8.0,0.0,120.66160631248707,0
18.141769350249998,54.061179604057365,19.657359619654557,0.0,0.32014302459912436,177.95494735342947,1
26.553679263103795,105.56642297205961,16.02488759880478,6.0,0.5,102.53119461570157,0
21.5920102639178,18.21653215105694,10.657099473742692,2.0,0.02329658330497275,113.04401221961643,0
71.86389521361158,64.02778977383532,22.386077320964063,10.0,0.0,109.8193074477121,0
400.5876596562256,109.57595345534132,22.926692792533622,6.0,0.0,239.64006601346017,0
88.87654337475004,23.742976029109364,2.3953467868170044,6.0,0.08359300448508811,159.33493763099344,0
32.76021358557637,1.887846019309439,15.406850842120102,4.0,0.0,130.30671204266855,0
422.2780713315805,109.71326568895725,27.6174187558379,6.0,0.0,251.47787755394802,0
67.48148108779577,37.22266395026395,6.905484994429983,2.0,0.0,127.22329449583899,1
70.9708390756075,14.100606048785899,18.700875987581533,5.0,0.0,213.25865814150012,0
95.01642967282183,46.44662692156669,14.97699966951443,0.0,0.0,270.9470791542652,0
48.54579569166866,4.388937697557452,30.604015394609483,4.0,0.0,246.05679593035637,0
262.4963253624909,105.60158384390851,15.882029318532267,1.0,0.024291268025489587,106.50259622645461,0
64.47694667277065,13.026366637500864,17.69021056065789,3.0,0.16030697993631832,214.28282658653123,0
95.3364797838524,13.837578030223533,12.938366559150415,5.0,0.0,174.83413252092595,0
63.145518477755786,61.346376567212815,25.6464899135348,11.0,0.0,80.45071090983147,0
128.59203595411998,25.667754097682163,12.425481018201276,4.0,0.0,127.6373317587894,0
244.3406199096619,75.7618708363313,12.05523062672987,6.0,0.2761644194083662,54.8644489448453,0
122.66415618394501,31.228902745189288,21.164378568268134,1.0,0.17562131720857999,110.85622933911579,0
155.21969967210612,10.04233587631731,5.971096443156943,9.0,0.0,72.58350373153155,0
73.07464608903882,13.499924907144191,7.151499422642914,6.0,0.0,70.32304107591744,0
26.532521782780606,12.810590041486535,9.905151641000277,1.0,0.0,203.23400702133532,0
136.75034029376224,44.56812644522639,16.29102734643494,3.0,0.0,219.14151908244375,0
271.6528033105038,87.67373956485429,12.267980632196094,3.0,0.15089579856927088,139.59930703195806,0
34.20899664332501,6.915905896560822,24.95745747999718,8.0,0.0,157.95615202011737,0
2.6756966992422377,37.54264582082668,10.412573480615013,6.0,0.09107976601093187,130.52621359956646,0
14.928941182356361,32.53866923231157,8.24222525764348,0.0,0.0,83.01594847460947,1
1.5886972428713477,40.81470502429718,21.19782449604944,4.0,0.031514823093949595,142.96795611373466,0
201.95865151958674,93.96078473742755,23.766828484763572,7.0,0.2016653696880456,49.88180887321082,0
232.83556120688903,35.26806059703554,19.55781733632579,9.0,0.0,117.15562678644861,0
332.630992891686,99.12877080572324,24.65287739073934,3.0,0.0,178.26091696060794,0
40.1464084009375,15.076569360419413,15.965422657684051,7.0,0.0,168.635316136579,0
35.15278602859495,14.123391142956663,15.885891698242018,6.0,0.0,59.118381364406986,0
92.16805176347322,69.49590544008899,19.124600928375944,9.0,0.01868849026684216,60.8522196979675,0
195.90338159365962,37.799968731148155,13.702958480207148,6.0,0.0,196.40143363661508,0
29.652468450955325,14.671197801055314,1.7757314355837543,6.0,0.0,164.2030546259861,1
117.0019581398789,67.74438531712349,28.035068633299314,9.0,0.025410894660786165,80.71927915777607,0
238.2676626890298,58.2192431620565,14.455195473210825,6.0,0.0,79.10170256862688,0
229.72440149810998,57.061174221206144,9.311188260348278,7.0,0.22932448227558622,54.97180132202057,0
69.77150747796335,26.80586619026934,24.292824726520628,4.0,0.0,149.10389156801563,0
90.91043166337653,64.31875198792537,9.858449119478813,5.0,0.3344218566244117,135.2085691445028,0
18.160481317837608,9.921523075740481,18.30698817220433,6.0,0.0,152.78026065384475,0
6.860036968567911,6.379043673549681,19.957981907811924,2.0,0.0,175.28815258788487,0
98.07075653671768,58.741424307637715,13.508996584967141,5.0,0.1082511417249854,60.13827095011707,0
291.6378308149666,53.37572619102852,22.152351445334446,9.0,0.0,158.22012788930604,0
111.7640643648553,16.73289886433615,14.558926035993984,10.0,0.0,70.21952461536848,0
366.10706662410104,84.26233386060414,20.61172904182208,12.0,0.0,149.13032638703464,0
272.3764774750388,86.17816766283141,17.76570816918961,1.0,0.0,221.54842774691537,0
98.68630632363656,47.72063024570967,24.88508621347099,6.0,0.0,136.5380561439215,0
279.45837614983657,59.66288592098611,12.755400892668186,8.0,0.0,134.3335816404188,0
86.93200107208955,57.85131748109822,18.90827982061127,8.0,0.0926321728517403,85.73145934640351,0
159.03819889216123,17.988382879834155,12.05171499064527,7.0,0.0,202.04380583201583,0
349.17661727467595,100.25382297933075,22.150984901602072,7.0,0.0,115.75410343750676,0
320.55689615280016,98.21083927529938,9.821471233574881,5.0,0.1511517679293975,109.42657094944146,0
31.710852699382222,1.2566440602166153,16.914797508239438,4.0,0.0,152.67994473929267,0
60.9331103165578,11.74811336805407,15.026282703799327,3.0,0.0,80.5107702013012,0
314.86849069090647,73.48269134009635,15.22262244660925,10.0,0.002581872361247628,111.93047511014566,0
191.69838370973042,33.55041606699878,19.257555435209962,5.0,0.0,118.20106616246983,0
524.6888682651988,153.6216681337549,30.33962870824,4.0,0.0,291.30343570223044,0
60.49146905481126,58.209871771519744,15.448839848353263,7.0,0.02585130850595474,81.45639051473664,0
68.68192145782938,23.04616120894424,21.659252645336764,11.0,0.0,153.4937702171478,0
35.93833502106007,4.191798391439008,5.447003935499184,7.0,0.0,176.20890117539477,1
89.3545667506442,0.9824932522197187,15.663618804749007,7.0,0.0,143.67628988229256,0
271.6969721798048,96.34826704427061,13.719519802610343,2.0,0.16290067361976834,85.99725235029018,0
127.42522077822812,26.48619594197612,15.52122136211131,5.0,0.0,117.91996021592081,0
2.794919514193623,16.533664566329023,16.0243958801981,4.0,0.0,139.58142203789885,0
132.475376351531,65.5507042229122,15.710507372718588,5.0,0.27326336913264065,43.599925147354604,0
358.6466017553413,100.24257378851351,23.28230215560162,5.0,0.0,211.38699888267928,0
280.1240273308331,68.44735509884703,16.380082934439663,4.0,0.0,136.40285428496776,0
280.88857371737106,81.62131336743701,23.1452570864937,1.0,0.0,234.32362387999876,0
348.66746398316434,97.0105887385369,21.83124641076533,4.0,0.0,201.82589852614848,0
11.030356539612129,35.02176843159803,16.72273788633383,8.0,0.0,81.13865065726199,0
60.67569967051932,33.72007573434314,19.536326720695705,5.0,0.015305470746076966,87.88578086304236,0
425.4310154289616,109.88987919170589,22.211374939307976,6.0,0.0,250.99787268010738,0
2.2043553596624292,33.65599553561013,21.31342714446484,9.0,0.0,73.85915318182974,0
53.624295926493026,31.074949263352238,3.4804659853224607,10.0,0.04990755003576197,157.21363452273852,0
150.91891670605753,54.62114151798771,22.337475404592478,4.0,0.24828119098297863,106.2027820297983,0
78.51575864152557,21.947864065951975,14.561050320574529,0.0,0.11385882476746201,121.71688116449042,0
366.61296906260577,112.79556886280724,17.64570055616346,5.0,0.0,103.61489736780672,0
3.294253150215411,24.388789908688615,18.06107721942667,7.0,0.0,132.2524781643202,0
20.77858384293947,18.034313982924086,1.3740576433296,2.0,0.9603593491718522,97.92323636864992,0
56.998455900541586,28.872210952192034,17.614900287256134,4.0,0.08207780482920501,94.38229076863996,0
101.6514567569696,19.27148543796862,9.50011518736336,9.0,0.0,52.67680286679934,0
13.169974773360146,20.78278213098401,6.283022061539085,8.0,0.0,116.23592933391357,1
176.5751168461273,53.86463752371182,12.921290785959686,4.0,0.19185095310459094,79.68759495850458,0
61.35660063960919,12.702698377613014,17.994941570370372,4.0,0.0,203.03009288352402,0
290.57571854193617,75.58760374717704,18.76576333194168,3.0,0.0,245.3551729320908,0
84.3423225561935,3.455070141772076,10.839140573708235,5.0,0.0,46.57378986926393,0
81.25148419059934,64.65515984119006,16.59882809637518,8.0,0.025403576005568973,47.50147463612361,0
118.43645420950037,65.50359784951162,24.009962721064742,7.0,0.159361858260193,70.21862310384236,0
20.916734775448987,48.231284966276746,13.296052309315314,9.0,0.0,88.29324571477406,0
40.56389429100736,63.1302044529933,19.04290590951217,10.0,0.0,40.06268271233873,0
6.753574007058704,52.961018198014585,22.503650102819236,3.0,0.2330511212353099,156.13346283533008,1
83.48911227457108,1.0914914275416976,10.535911805072928,5.0,0.0,115.9309087973951,0
345.34758227527374,116.45193142547534,17.631139867285157,3.0,0.0,114.68464907940242,0
26.211165037522846,42.086208187225935,5.259868171766989,8.0,0.0,114.78559959542204,1
260.26184191336324,57.90096384189184,17.433639874217228,7.0,0.0,151.06593507031664,0
391.6494073133402,102.29642999474295,18.172104039332975,9.0,0.0,87.55210461964572,0
22.51834591606207,102.55436144926715,27.428341601115367,2.0,0.5,34.92805563247856,1
311.68530688927035,97.34702562000203,16.403937805280336,5.0,0.01227037929434327,122.23906499941604,0
338.01500736952465,105.99783218284215,19.187986132422836,4.0,0.0,156.46131966354594,0
288.7558750830941,89.48772808519763,22.408896346790563,2.0,0.0,186.80039475072704,0
93.67197074309492,1.2660292962531194,12.594650415433243,6.0,0.0,47.172378721072135,0
327.5307003513867,77.73618574200299,19.708458222793055,8.0,0.0,168.78818188660009,0
283.15025453649713,43.85226081129749,27.002558778792917,8.0,0.0,257.7088019056521,0
285.50161119989036,60.87852802491487,22.03447348292325,7.0,0.0,196.663171051672,0
243.72783049313202,68.85283590996066,12.889966232551163,3.0,0.04970248301053859,168.90160858173675,0
229.24300024448482,35.3163750464994,16.643650117204643,7.0,0.0,153.70820318585206,0
85.12640537053034,68.53770528324127,19.29368409352513,9.0,0.0,54.54561447959662,0
17.69792936161231,75.66241989634777,13.220346079647719,5.0,0.4249203648319506,136.28542406783427,1
266.66048891739433,76.16509776130155,12.011761118599894,7.0,0.2604337124645406,85.73975689271144,0
123.23540227508295,43.91532297247507,33.97015479931248,7.0,0.0,169.0764563375116,0
274.9318306460734,72.3913543441648,23.062986323798565,5.0,0.0,170.00084842747452,0
174.5291336288659,38.780825609707335,13.98483644163946,4.0,0.0,83.61326328960851,0
37.655926875045665,6.4402272690836355,12.065358525085166,5.0,0.0,170.4472590814398,0
275.80174056626345,80.28134450608002,21.285809420816555,4.0,0.0,171.12245132411715,0
389.23263876571974,106.97702488941998,21.723629723231788,6.0,0.0,188.14297247923008,0
379.89663895300293,133.01259235468876,19.09109428213371,3.0,0.0,177.98065292811017,0
103.44787784230328,7.756244724857204,7.177096087983745,10.0,0.2585930680041877,41.272907565479905,0
279.03669977106244,92.09927776324565,16.191915763632625,2.0,0.0,126.38365863282058,0
11.990184442583953,1.8675303778365375,17.055798829598952,4.0,0.0,217.809260344469,0
267.94508871466826,78.73378986091534,13.286441965681473,5.0,0.0754861830622508,109.41918309752704,0
205.08165293144177,94.83649129237044,12.759434962131248,2.0,0.29323310544306425,93.16530500578156,0
13.634302678935349,27.186807985496834,13.732579901559445,6.0,0.0,61.57526423364064,0
7.22177842442953,2.1181634743950255,12.035717113876963,2.0,0.08014188470492284,141.28270291649545,0
24.546544964685147,15.777923760823526,21.835576255195722,7.0,0.0,157.4626060512451,0
102.31329423181248,7.388070093734477,13.193063091508613,6.0,0.0,172.22896540174816,0
90.52456493651768,17.400670070216705,20.640711886623208,5.0,0.0,192.40813731644306,0
416.8491460089288,117.25679067640463,17.830265734967753,8.0,0.0,107.5129282737184,0
218.3247813034128,50.72545515748428,6.764896447027892,5.0,0.08835883293065094,84.48920726588281,0
305.06227777144727,77.43422807786197,16.433581326141237,5.0,0.0,150.13356787130238,0
424.3273171893053,121.12178729419148,30.317699217378788,5.0,0.0,235.51761207444113,0
286.8008105905293,74.21499876831219,19.870957850773877,5.0,0.0,185.93757201197303,0
319.28537871689787,88.6136567055769,23.100187780695872,4.0,0.0,171.42033650279626,0
102.1010237345061,12.089304704423036,5.197450488945076,3.0,0.0,85.65435431080671,0
198.9460927567139,52.065824985506346,7.7067339277489175,6.0,0.34358108024813894,47.79152786299686,0
236.05921869426598,72.11262737161576,15.608942454299061,4.0,0.040870389397966556,116.99755418466108,0
36.40000785291297,44.97303346684142,22.400307765623683,0.0,0.0,246.74002727248725,0
223.42659753124676,47.94765024942754,17.849427826577468,6.0,0.0,115.78562525125518,0
209.0792372369894,44.267958869029144,15.442977056465637,5.0,0.0,112.14258928972085,0
401.8513798744007,123.25790420401009,25.967717506425814,6.0,0.0,170.90532530267504,0
49.68011721978783,13.347559647960175,18.382370128591337,8.0,0.0,141.70290075997565,0
290.3376970684824,79.60334544707408,15.432911977447281,6.0,0.006019220672489944,139.75703945904982,0
197.51695218825523,42.442610330718615,19.501424185533175,6.0,0.0,85.1873872373888,0
424.5146486542419,126.28889162444793,34.42956971264677,2.0,0.0,327.8914244852207,0
54.19042508377501,30.240889491030423,16.11643862853424,10.0,0.0,56.21378977545841,0
108.95539647676836,17.459209884329383,6.951024129460906,8.0,0.0,18.24857167049265,0
119.01804953555984,16.954649248439587,13.006078607651455,5.0,0.0,122.60463601455496,0
14.510294984846723,20.98296769552615,22.19916675075153,6.0,0.0,151.33908339536762,0
340.90367702686444,92.40161578886742,16.61753295652649,8.0,0.06922738094883318,146.76549462002515,0
18.16971690025332,8.645070898584642,22.720205532555052,6.0,0.0,179.60277475366811,0
240.869471894113,67.76546567215146,9.977831271955475,6.0,0.3171795330690891,43.27492920370943,0
309.07390374655347,88.09899359644433,17.363641060796635,6.0,0.0,132.9088294756506,0
136.44016093276235,15.972550734313096,5.2160282330093946,5.0,0.0,132.34108195192243,0
81.08523767509067,29.940025076112875,19.205265286019944,2.0,0.08187019723433014,77.00892260696492,0
10.09682090355165,75.55325967463266,18.915166179842082,6.0,0.37740532527082304,128.96298154329122,1
27.38885638279274,41.80172246303033,14.02530357775768,5.0,0.0,85.65984068589974,0
345.92561367432205,109.1014857380031,22.320934900108078,2.0,0.0,190.7737932733333,0
67.85475266890457,17.868924255959662,16.395036544991484,8.0,0.0,55.76448236473866,0
238.29750756066136,46.975734096302,14.392288210708706,9.0,0.0,94.61079542769549,0
355.6689409112677,87.70464241262546,24.81810502345352,5.0,0.0,223.7374058401155,0
41.42324677277682,31.1732889154909,26.025540902346265,7.0,0.0,173.91313983894077,0
48.45728239778856,5.577002104839082,17.897116013755696,4.0,0.0,131.66506662297326,0
247.6612638783668,60.45243394073491,12.355747263717682,6.0,0.018623487286928697,109.94339415726607,0
26.864422836138488,10.152557621520081,19.224401694901374,3.0,0.0,224.85187259296742,0
300.5400564058896,92.03771865666947,16.76120826441131,7.0,0.23233638866006573,74.29696905695234,0
30.07763710482785,23.465973739352954,20.97012854138135,8.0,0.0,97.0679652568647,0
41.9067903265728,2.2999456759905073,0.96114562917397,7.0,0.0,126.71177346094743,1
291.7613751904181,64.59173548006547,15.668825816117229,8.0,0.0,125.76647621131272,0
66.2513464869377,28.382293309281707,7.528119645294831,8.0,0.0,60.00782409902966,0
20.029360291703668,16.235514529215642,14.13256000992997,3.0,0.09415346787576828,44.206282794850026,0
216.9278858665749,74.2762833355796,18.82646372036737,1.0,0.0,102.43264677170805,0
43.098647054846296,13.737556740909831,22.10986154391903,3.0,0.0,169.94919415646095,0
276.72668001507833,63.00732019183725,7.7031228420696145,8.0,0.08648905163890286,74.5303244528366,0
86.18130119406838,20.49109909918976,7.300332704031982,7.0,0.0,48.34552329818774,0
30.773616786800243,47.80799346080748,1.8644847208592648,11.0,0.0,147.80097483172105,1
223.8732623844424,57.12411216212145,13.296082365744303,4.0,0.0,128.52172161630685,0
289.129898826386,98.29492744653427,17.317728322184543,4.0,0.07467208300293304,119.0041120999588,0
31.910123279220997,108.26650316216266,20.202015632123683,9.0,0.027622622117139617,207.61311795701468,1
389.6503808544272,106.00550583600796,26.303417557088338,7.0,0.0,227.06630115847622,0
22.594408357077874,48.17659258256542,13.723759154045911,10.0,0.0,64.80909041071322,0
43.1095193498476,116.94005548953439,8.829535473979341,10.0,0.18238398761830688,234.90000217849416,1
22.628271456172357,25.100462759550062,14.188044076586312,4.0,0.0,116.12295088820679,0
349.81617791725506,118.7915476324372,20.962957753570066,5.0,0.0,128.2644429505517,0
42.21523516324935,9.350194314879833,9.560665565196473,2.0,0.0,180.62959013356854,0
147.69835235974182,0.9324202558244536,9.85818096867916,8.0,0.0,78.01074552211156,0
267.01119440981813,77.32551938193211,18.279647690750572,5.0,0.0,135.7699642390386,0
364.19402377324076,101.83201847408154,22.019986450586448,7.0,0.0,198.64152759138102,0
279.1310840920779,97.87205635396302,15.990716186884924,2.0,0.12369431644743045,154.0214421676511,0
16.056757301258735,62.748464338714385,16.40153160012089,6.0,0.5,52.29888781871041,1
9.985459130871547,0.4759763118079192,14.04408827958072,1.0,0.0,157.60431222086189,0
109.9815599601762,2.0781941531719106,15.256541965201292,8.0,0.0,120.55534765211954,0
18.863313823005953,43.91057105351422,19.909761041778722,8.0,0.0,48.67534532842133,0
14.499952858988664,29.16422078162345,14.091703526909395,7.0,0.0,61.18050711636069,0
167.72954516668142,31.198453688749552,14.751499370542204,6.0,0.02063592621689525,104.29952104509726,0
25.32801701098861,0.03375705347140823,21.473476459097533,5.0,0.0,234.31229666569706,0
33.57174710347364,109.49101260106515,12.955806497937685,10.0,0.15844596450517168,213.63463912544393,1
221.54715863431585,47.774714868252914,16.927687774196574,6.0,0.0,130.31887588657227,0
65.2982530109146,25.401164463511652,15.924134517238413,3.0,0.0,278.6114967633664,0
67.71521093664313,13.317765811571519,11.590516095497957,7.0,0.0,139.1870126104858,0
84.16232884382714,47.39058201875399,19.71292632266124,6.0,0.11442637116504784,65.18950282382269,0
35.491668935683215,24.922760338607617,12.698864566702966,6.0,0.0,19.97159633027335,0
95.07315719029226,36.24656872323208,21.495949207464616,3.0,0.0,255.62112082815364,0
235.5498895480993,88.76750363948315,14.41521658586613,4.0,0.420135378822289,54.17510762622492,0
18.024221698559746,71.36036947755983,18.199627244649786,4.0,0.39159977772149623,195.8307641731528,1
46.58583254432176,29.200831689742834,11.798836958518287,3.0,0.185071551245457,58.2882174337007,0
152.35259404059622,29.40579920323188,14.309319675230517,5.0,0.0,95.3660973812328,0
344.43566579294725,90.13151899649988,22.058318474950404,6.0,0.0,154.84759713648037,0
187.02129920425995,27.003078330069243,14.373941030116374,10.0,0.041467293137904704,77.76970962506032,0
27.07352142973397,95.28003540065454,21.579587286444234,1.0,0.5,131.13917677402287,1
176.16360499250834,53.642092149196095,3.2456132688186266,6.0,0.6604639191591637,68.39224428229284,0
173.37732501726896,10.052553206971282,14.40345837554052,9.0,0.0,128.3563574075861,0
19.088476170358703,79.84080845327581,17.933327842218734,9.0,0.0,185.6442361807909,1
107.59975468704536,6.015481796508002,12.281461014999373,6.0,0.0,125.8324145773647,0
346.7310449003759,90.3220793071665,25.27191405214535,5.0,0.0,249.0609290837599,0
17.408087511313205,25.866746734806625,6.8123364002653215,3.0,0.5,169.2855524073522,1
300.2122241879483,86.02250959633263,16.638618648714044,3.0,0.0,183.366386296929,0
19.18790590906754,13.301026579153028,4.68169584404104,1.0,0.0,150.62092883139744,0
136.64908708063368,2.4511762694882577,8.690456592114579,7.0,0.0,111.47666245343483,0
103.1066495426702,2.438453497713752,14.43333776108149,8.0,0.0,179.18859281699835,0
322.07830717184174,94.2454925067288,23.738072929328066,2.0,0.0,246.157718489994,0
317.12892455072586,67.78030400938302,23.61614631122248,8.0,0.0,134.34334661333372,0
385.00730636095943,95.57549139581518,33.297798242661,8.0,0.0,218.708766884996,0
62.864962082991326,0.5787060983812182,19.498251329099674,6.0,0.0,95.23922412759799,0
308.8042136102921,79.99921078830893,20.763158763672564,5.0,0.0,132.5274086545278,0
216.28850395118113,41.32556843339451,7.76773856276637,9.0,0.1715254872476219,47.96207850410687,0
26.79849545795534,64.76526955657796,10.08301636263431,7.0,0.0,119.30277796180363,1
46.4561750109323,8.067350891220322,10.067856073774589,2.0,0.0,131.1278312301618,0
151.27336617205418,29.73505446947523,12.512345889272556,3.0,0.0,112.13759906116317,0
325.6514773236749,65.99720142588794,20.83072065927808,9.0,0.0,195.34026733446814,0
180.13146347630845,32.7357721133759,10.666543091467567,7.0,0.0,53.29288875225793,0
239.86960981159248,73.95459590092953,12.952560616675289,5.0,0.1617397195241752,85.00863852430456,0
29.438714921374178,91.30132793627097,9.524132798479632,5.0,0.5,124.28521794176956,1
212.7772668183807,74.19950243181697,8.471508227246119,4.0,0.4727124564662757,23.206811474866722,0
4.688033125545729,28.208065364447336,20.441997224193617,7.0,0.0,121.96115520267028,0
177.97759547985123,45.75419902119885,5.177990318618308,6.0,0.5245437720659434,55.74986609260063,0
9.634057262639644,38.4051026084648,18.324214052999334,8.0,0.0,81.43874901275407,0
252.89342611489553,51.32022726281059,19.43929206159208,4.0,0.0,188.3552926072437,0
25.192697394848835,55.84569840278276,16.96613517738202,9.0,0.0,46.69715647897824,0
3.8647621788941677,6.055383007270848,20.716642016981147,2.0,0.0,181.68084781244778,0
29.877531382357354,98.98668045013713,23.48450964314511,2.0,0.5,205.35115975246174,1
191.46633664575415,41.96571577384013,10.398515544248525,7.0,0.132255356481216,51.45611107580298,0
119.3767418210236,9.588698909051999,15.709032719115202,10.0,0.0,90.28796439746498,0
399.9489664564697,113.96094580192442,27.375405246740627,7.0,0.0,229.78751132757418,0
229.2581314488573,46.873994455930514,25.06027545919776,2.0,0.0,212.25647835791838,0
1.5382260056163233,19.415156427807467,21.654039105714226,6.0,0.0,183.95370651578096,0
300.3173221220502,72.78057537316204,15.681778401439303,9.0,0.07191943789153338,116.32178415554333,0
17.661446002435248,34.569960821518464,2.7285540911849626,4.0,0.0,42.95443965335879,1
248.1243917261619,75.79795452440104,16.98180978988512,4.0,0.03571771589670292,149.41568250897166,0
12.418568000817217,41.72734974130093,24.855178959932832,10.0,0.0,126.74238187406647,0
6.758134201610304,5.934780755478549,22.116411164293933,4.0,0.0,198.55409503907762,0
13.377897671456758,53.39600954506898,13.230186571289503,1.0,0.5,136.57001331322667,1
381.69246773880906,108.45608032910002,27.034744652622543,5.0,0.0,186.96139252764823,0
41.08491219604747,1.7796237364865846,20.66770630845044,6.0,0.0,134.3585112213728,0
66.14414587255634,3.9037073181389985,7.999371092489811,4.0,0.0,40.698568977441454,0
14.11241333487363,49.51636484772035,10.01799409959471,5.0,0.14505392553182328,198.05492827542707,1
334.3448158520148,93.16055999106437,15.986162272384439,7.0,0.0,102.8860854971023,0
10.637801081733087,65.57960527326706,10.772822891979843,11.0,0.0,129.9743988114447,0
17.450260555980247,92.73822194239175,23.247921781714666,5.0,0.5,139.29671612427828,1
212.18561847957707,52.6298703289897,10.201665581462965,5.0,0.014972176553890104,65.64952091642513,0
30.10438937921738,0.8574718585769432,22.19504014488366,2.0,0.0,182.22083859568548,0
306.1068315005174,60.65687984889423,18.798091823189985,8.0,0.0,164.8619058163007,0
79.61288425239134,23.27475250770646,14.43768883658958,10.0,0.0,145.4911626509766,0
319.48937072550643,85.1727487863051,12.017164244689836,8.0,0.14940602059972347,92.49685526471691,0
356.25111235328603,109.52842157514583,23.233209973090457,2.0,0.0,182.87021234743463,0
230.4405966530843,80.32755915624173,9.717678840283089,4.0,0.3731125020246907,25.943642270352992,0
305.4454380139341,65.9273855390588,18.51463037995968,7.0,0.0,203.53481252445835,0
108.62840646323534,68.41689138603539,16.0219874626257,7.0,0.17005904097572278,70.03067226924324,0
8.19622221485767,31.215272437317324,18.50778735326184,7.0,0.0,153.0106482777524,0
254.6328760834955,61.59997200136733,17.032238934518013,5.0,0.0,113.99178684627199,0
239.1720188991222,56.45264013603893,10.105921145545565,8.0,0.2977681866592696,104.16184297260911,0
146.90719944682218,31.025373800680676,10.207880782288193,4.0,0.09357034591235192,93.09243815715212,0
88.97070553284658,13.684911024563423,13.68049336419958,5.0,0.0,128.18217233515955,0
7.073848206948767,17.552261770666,29.280151814424247,8.0,0.0,185.56301492633983,0
96.54081529269985,2.768312424100543,10.228794516845264,7.0,0.0,108.53236505208112,0
29.88809504132248,92.92888409899264,17.658731818401268,1.0,0.5,120.45810663777188,1
30.98404185591484,43.71604746028781,4.298095474066617,9.0,0.0,177.53689418311984,1
229.57852783164822,44.700089100102545,14.808594036569513,5.0,0.0,132.65613388401616,0
217.38754089771405,41.86924026180226,13.696540935391406,6.0,0.0,109.63022451150867,0
259.24761019091534,55.513298786121105,17.221180221780354,7.0,0.0,103.87792276266052,0
40.664219559679694,65.50815275964334,15.620940842956065,9.0,0.0,142.9188023390713,0
124.85414845121667,57.415243328660154,13.527340056182103,3.0,0.2809231950320615,59.04233153003551,0
184.79127884113686,32.100029603759026,12.051349664455955,6.0,0.0,97.0612869264794,0
290.15646878940424,95.07670269690566,22.2718226471913,3.0,0.0,162.69318315784554,0
12.86270333690559,4.520048247045786,19.05129193672913,3.0,0.5,159.24264750752465,1
260.77319847788834,73.92943894890355,15.221221138166847,3.0,0.0,153.96034627959506,0
80.86201980398627,70.0799099107008,17.275743035944544,8.0,0.11299803910863099,83.213651944266,0
393.82245658938587,113.11753005621689,21.707629037077588,6.0,0.0,222.9008463276277,0
385.7226227961051,107.32046027176396,21.515274536140417,7.0,0.0,174.1593994029503,0
247.59806516427753,55.10163854399146,19.15469796179136,6.0,0.0,159.1032299893429,0
36.72222604229894,30.777996463858983,17.901344535544048,9.0,0.0,59.89172023714689,0
204.31214915912147,36.614720537552834,12.342839149310997,8.0,0.06402455985795263,98.34630868683814,0
55.54001808885657,4.408480942280299,12.5481154667706,4.0,0.0,91.64628549627223,0
2.0572191566323,22.63605798525387,11.534196608973883,3.0,0.012551607118392372,96.07230347624692,0
261.34544743558433,67.35598185811341,20.049025736292574,5.0,0.0,136.7292012401082,0
52.5435367995715,43.327403605692524,13.869373233877525,10.0,0.0,121.41971803146538,0
73.18142050498378,25.962573399569706,20.323710931641926,3.0,0.04087806728296106,108.47471513875716,0
312.3590636392171,76.62854134111001,17.51513467450575,6.0,0.0,155.60321697758013,0
21.34284456997664,40.33381262790817,2.632386352272931,5.0,0.0,119.76681126428095,1
327.3140381510671,91.37352712112315,12.26663053226968,5.0,0.0,148.28923020054907,0
52.35663449486019,7.4141401543300525,15.808705397917286,4.0,0.0,124.53423638308334,0
128.22473677029006,24.405445564326183,10.214045494218105,4.0,0.0,101.3918297933865,0
34.04032239007746,15.233199350160916,11.763773223963074,4.0,0.0,64.04013197850637,0
95.26244250320941,1.3400420948855967,16.328392610214223,7.0,0.0,76.63163375242303,0
46.766136343062755,14.448947915363412,18.144681739387973,3.0,0.21679032818009553,87.82519058827742,0
324.3721287293682,98.73161242245575,15.060099879026968,8.0,0.2705061913068585,107.9131168371629,0
250.52264595668072,76.52036419298412,9.298064650489593,7.0,0.42950091908510046,58.643390820613625,0
9.68518941555601,21.00599135721709,16.705083812136667,5.0,0.0,92.79007510265711,0
66.50012158424899,16.128836071907614,21.31680426333457,6.0,0.0,242.6285858907093,0
247.84224213135957,72.30467702200467,14.765510942086411,5.0,0.0,89.38533711510607,0
20.197880549778375,11.076102590807167,29.206939097352496,6.0,0.0,231.24032694032215,0
306.1025326011943,64.50879796535256,22.92522776984822,6.0,0.0,229.31433217712765,0
385.88824035771637,93.50139018725923,30.84435657410908,6.0,0.0,250.97292035992206,0
39.16475897666292,100.97412272972828,20.915055424834474,2.0,0.5,127.0229941137187,1
48.4134898181438,33.518791528255804,18.299558391338465,5.0,0.00799691453110285,94.03955127531242,0
42.217160368547894,41.34154221530581,23.94154209339842,8.0,0.0,108.13011305772578,0
367.9493986993943,99.99495807789798,17.692316869000578,7.0,0.0,122.95801469314135,0
253.93643038949872,80.26550466538357,9.910940162596049,3.0,0.12466428309478611,115.89664343665109,0
119.132423754509,3.4161196476454947,16.969272957910697,9.0,0.0,138.30407600189847,0
36.91733965459666,120.07897095991115,18.337249960671393,3.0,0.5,118.82735719826374,1
53.964106938371955,3.6923792852289594,4.7946532234606,6.0,0.0,173.51796112970084,0
1.3717441142487417,69.02306985836614,10.40341532377694,11.0,0.0,111.06028852878657,0
319.92891656623897,90.00919925617146,20.244374664431984,5.0,0.0,120.67107463400187,0
259.2246896649448,67.71501163597505,15.881518785175615,5.0,0.0,85.49069910731112,0
19.013361257218403,84.74968690066606,13.283723056034603,4.0,0.5,137.61758234185473,1
295.23890034898517,96.20053715507262,16.30617879687608,5.0,0.21360982946729112,139.95810356449442,0
104.71103988548892,17.658931086589696,10.022643669508438,3.0,0.0,129.98621452743612,0
39.544534071726204,10.333068632102787,0.2711524836216661,8.0,0.0,127.3249154233197,1
237.28483115149044,67.89632052088717,15.046762963610494,3.0,0.0,140.9974182533345,0
284.99408565795864,77.79555501614938,25.503605497392517,3.0,0.0,179.60299074681524,0
387.2196673005443,96.63946790670772,18.8390289672462,11.0,0.0,128.4927001293687,0
49.21857701050236,5.471414906779621,18.83792412841556,0.0,0.053009490396437986,127.0506556148014,0
14.34257316263811,19.309633912967538,12.873758680098152,1.0,0.0,129.22885852321747,1
278.85228959946687,79.25097499138107,24.241429669988594,4.0,0.0,194.68489824999307,0
285.0880836088373,97.72546778936574,19.51615955084455,3.0,0.0,75.85128896726431,0
317.25948555060705,74.55511826306079,12.17388143618761,8.0,0.0,146.52383906667643,0
88.69942153925027,63.23645762986631,14.861027478534913,7.0,0.10441151919300262,38.255169359637364,0
223.84183756067137,58.46662537232011,6.616933722828897,8.0,0.5680533571844903,62.84806148882079,0
78.75841400158735,18.659827239819315,17.678489312869683,5.0,0.0,250.83478158957982,0
214.2750878467836,55.810321024259224,13.502174969196997,4.0,0.0,118.78492525201014,0
278.0349461802117,43.89787453793432,13.56402426227075,12.0,0.0,103.31983286664929,0
62.76891418324467,6.409899260271111,5.856122861592283,4.0,0.022682453690499482,87.97703691311605,0
239.9336515924188,67.54590568298525,14.295812486918912,2.0,0.0,161.3155549107109,0
11.815325648831376,43.54840463031559,17.09574111679188,10.0,0.0,96.06270617482272,0
30.703139917455076,41.73471312465452,17.57407562490358,7.0,0.001113445646656941,34.300692696359434,0
176.4323076709897,36.287056681675935,12.422817267854272,5.0,0.0,96.25086565598073,0
276.3609896636783,64.16118246935498,19.46920688145417,6.0,0.0,153.6313171716869,0
37.536836890623604,40.2289984744113,7.692084000644629,8.0,0.0,44.86894613918777,0
39.23590806272159,109.46294238326367,12.683409494422683,8.0,0.19598940867764258,185.55917615327058,1
7.138483217770741,22.17874454345568,18.944545415576403,7.0,0.0,53.87740852420668,0
186.04803059254965,31.173686438102646,15.884742207258562,6.0,0.0,122.55570933077465,0
36.415114241550384,16.464273462412848,24.259824656307877,9.0,0.0,188.79459653769553,0
59.327805296738674,16.89323534555154,8.116778117693174,5.0,0.0,91.38444930668541,0
39.79031706430376,8.320709958374902,19.467335153008456,4.0,0.0,167.0539367415577,0
192.39025880893405,34.307174835854894,15.648952063343875,9.0,0.0,56.14827768326268,0
53.579526461628284,3.2372004152935645,4.836372759023833,2.0,0.0,46.12742506437067,0
264.3572621031261,44.08978216912976,15.471522124951102,9.0,0.0,117.51131385482265,0
37.26219120823535,4.507439523032932,3.91616983686127,3.0,0.0,134.97583443014216,1
369.1255210309722,128.31575636746246,17.260348531780878,4.0,0.0777042363430917,134.30519364753923,0
202.02650794750411,55.4980090211513,17.18625105333622,3.0,0.0,126.32975041194425,0
25.838454347374793,21.14566881093122,23.019324741586203,6.0,0.0,144.7500575816986,0
289.21973832832293,93.51157206509498,13.769914441121191,3.0,0.09933475527483965,164.39159764260023,0
21.71309190245917,37.40915516260826,25.370840276662136,9.0,0.0,180.01798686507664,0
90.84135161892823,41.63066354527004,24.553152230866154,4.0,0.0,337.0011270691961,0
117.63283797438163,19.035696902402492,10.833262128561433,4.0,0.0,185.90171469657167,0
296.1202848211718,71.37678545070382,10.963764057749536,9.0,0.18271589621437012,112.30995873251686,0
93.99186253170896,22.060041108214673,15.559705309018295,4.0,0.0,144.20547686787546,0
325.53025505061635,90.96103982212469,22.733552230347847,4.0,0.0,176.61084126115,0
217.36749631826103,62.001928439266855,14.032616003622334,6.0,0.1686935079931542,70.15338713082194,0
132.83063444552096,38.41378579472962,7.712609106875014,3.0,0.2683785485767663,45.9003200078603,0
225.32861935861334,54.982726913852346,10.452264525643887,7.0,0.19939296444957566,80.93001570393471,0
74.32229707422078,4.156973789660377,22.920393823397497,1.0,0.0,232.10588049823934,0
354.2698668317354,71.50052064498328,26.142767885893775,7.0,0.0,279.06946929292246,0
32.80509923187672,17.18204674117841,3.677970764688217,4.0,0.0,174.9057161199002,1
56.72501912702029,13.150309640798021,23.36311282668082,3.0,0.0,196.53042705261433,0
327.7573082084308,78.73150525857163,24.300067496922964,8.0,0.0,131.6592188006606,0
343.07384536581236,87.01329058747291,20.86351977273465,5.0,0.0,214.87946856340946,0
27.253804700371326,16.27796603764772,4.1366761693184895,1.0,0.0,124.69519927033008,1
60.355099022439134,40.45261179480781,24.365561263861274,7.0,0.0,104.00910014655616,0
74.47220624334167,17.963833230481008,15.166919969020903,0.0,0.0968076506064981,144.55205632061424,0
48.85776835744062,62.96108742034674,11.858083403818489,8.0,0.16127722311960768,121.44086238910808,0
322.3837378239318,79.6852244738404,17.43752252499265,6.0,0.0,212.7245002959913,0
308.76462919560106,111.94924723649703,18.25523425541731,0.0,0.0,210.67276567108357,0
301.2239636150101,70.8706928867614,22.60736707463814,5.0,0.0,213.4989643652001,0
21.368484542137203,41.03554949149087,1.976463226834131,9.0,0.0,106.39573651110692,0
72.02287751930052,35.496254867637845,18.1415719328944,2.0,0.0,248.42293641291909,0
373.9319162952723,110.60523823599385,19.309799778058647,6.0,0.0,138.70314862043506,0
89.6573089751569,23.42107500165174,12.139297885703957,3.0,0.0,150.23108024342432,0
305.0038630410196,62.80072312282432,13.50744067420738,11.0,0.03358768011171376,121.62123357662213,0
54.46236507080013,10.583235643428758,19.347941573934175,4.0,0.0,213.24809577393046,0
342.4254615268763,92.44137839278045,20.0941054100527,4.0,0.0,205.73027300929832,0
298.7580209785242,116.21330393328778,19.64332515644751,1.0,0.0,153.3220045910957,0
8.837131989267405,6.528407404955239,9.867096556707995,4.0,0.04488068877006879,166.83714229548883,1
20.833115062291554,29.62367851246963,23.949512406898194,8.0,0.0,175.87209846141278,0
208.61504831030408,63.087637650257086,12.302538826148549,2.0,0.0,81.28108866747489,0
24.72753872769995,12.443899620860336,22.011363271227975,4.0,0.0,158.870617201619,0
213.0643349881572,44.68499026218668,19.364936184906377,4.0,0.0,158.39701640629494,0
203.18083190163853,64.59884627190672,13.719808738001639,3.0,0.1872168701767591,103.19392038987878,0
266.3756785140851,68.93528618430966,12.465789146502612,5.0,0.0,114.17995951890413,0
211.39821173664882,67.69781102308802,10.606693209688054,3.0,0.10122179617677463,82.69710134599048,0
283.9096720247429,64.92802611226003,19.425148664355323,7.0,0.0,161.7273033376053,0
69.99621150122437,28.991978112096092,26.486859012019195,5.0,0.0,170.58089620574526,0
88.70567886748036,0.8937883774628155,15.107207416598897,6.0,0.0,105.17925630295528,0
288.72310547585806,82.49911269917776,21.11103719425352,5.0,0.0,151.13819248190666,0
54.65012356314756,39.45916557397402,16.045534878682588,5.0,0.03881734641291734,56.110538557683405,0
213.64160508671796,45.31690820554246,14.478377174328301,4.0,0.0,135.4508199885219,0
282.9251304099422,99.05603623772039,20.48103279454307,0.0,0.0,162.47714993043513,0
150.19357947606605,21.07917582443811,8.422057978106015,7.0,0.1798532437873689,80.05961802433697,0
6.7475822296740375,21.293853158745435,16.757605759253053,6.0,0.0,146.4057343854726,0
220.25164524438958,51.16679604899477,19.0154516095373,6.0,0.0,113.09246337190982,0
240.33298880076867,40.8664694602832,8.646768509651714,9.0,0.015710841418086652,71.71236132243416,0
18.781293944736753,18.72208885419041,19.472400874179,7.0,0.0,158.97040420143423,0
322.76065746356534,52.89640472476774,18.8543911320257,11.0,0.0,149.80368792036805,0
250.30825599435966,70.66766076728433,10.852891535880579,6.0,0.18916589355722702,92.43665788954013,0
20.89371295188478,83.025608074893,17.090539073636037,2.0,0.5,141.82288255865816,1
7.074623611490864,10.725531280779386,12.84619529070978,3.0,0.03231864306139903,86.26064556709105,0
47.22137592800747,16.070327857781844,8.546120988736376,9.0,0.0,172.22868850624928,1
88.79151080212895,8.952496451059389,16.019892821482554,8.0,0.0,68.23558909713162,0
323.01227257027904,89.46460569117916,23.715212250754178,6.0,0.0,129.9738473035368,0
65.913097077575,12.230164009346765,11.706255729032428,7.0,0.0,68.24089428880171,0
164.576547183541,23.832757776573217,3.515961379615799,10.0,0.6150697878337917,24.13389388078476,0
82.59514981765092,14.71597863853794,4.154798915224772,6.0,0.0,66.30226075456193,0
28.752311689863433,7.337358171873575,17.40441632429234,0.0,0.0,191.73302787590404,0
311.0930560251707,101.9612608788077,12.818617917577289,3.0,0.06245066191238646,114.14264728898625,0
291.5139696367262,90.73657206144631,17.00458590572019,3.0,0.0,153.70237100824463,0
326.4474799979087,85.66029961804676,17.924817694777506,3.0,0.0,231.4759426031153,0
6.889596252030692,49.996898105545554,15.181377466356683,7.0,0.0,172.31764547176653,0
23.348302822452858,71.07383646523756,11.182775225082215,5.0,0.3646970353391812,238.8932211563124,0
114.03055534794586,1.480561286804523,15.630398186272135,7.0,0.0,75.55275037735268,0
119.66333654682921,60.0362237265397,15.793129021368353,5.0,0.3218285865306562,72.07156461339487,0
74.78398949941023,8.211441593558611,18.110061458000462,9.0,0.0,148.4332713755078,0
245.02837420901756,61.925046652780324,15.005474830595674,5.0,0.0,112.85860640428844,0
182.3253112785373,55.925097822091814,11.472609445145894,4.0,0.22005051006801846,52.3543672666019,0
392.657936014407,104.82760416515359,26.760135865144363,6.0,0.0,230.12760846389514,0
310.8414769880212,102.7022036447737,27.652253231146737,1.0,0.0,231.05925462998783,0
33.48453547427738,9.460559204075139,4.000330106892039,5.0,0.0,144.55404196367942,0
5.877631204394827,61.23972151040388,8.255120669109054,1.0,0.0,92.82823112054436,0
333.9484492678905,104.75206268644422,14.988929154406668,8.0,0.3342579119035163,59.57104140056175,0
67.19129977078396,5.144376811448925,17.872597201340653,5.0,0.0,162.69853686029424,0
392.705315265369,96.23693517093429,17.48750192344539,8.0,0.0,173.7278140669925,0
90.48465528873668,1.100234577896721,12.536354245954588,5.0,0.0,112.5881977926033,0
14.730669141215827,44.15050703432432,15.025385023687866,8.0,0.0,73.76365928380582,0
6.3403840155236395,2.861021219451473,14.34151976069575,1.0,0.0,193.07793022005174,0
10.752732340495925,14.282462355241705,18.852710919469953,5.0,0.0,140.87683867086906,0
38.234755407797024,2.916192176819621,18.045161060098167,5.0,0.0,159.1790458922981,0
15.96540668638329,18.676233926075952,22.51393765849113,6.0,0.5,96.54505077124728,1
28.823394791258245,11.55727827125267,9.761911423725145,4.0,0.0,67.80636492289663,0
402.75072473511153,86.07796553032432,16.39366277566872,11.0,0.0,192.77797259705773,0
109.597793115637,17.287369290679653,16.480991785684893,5.0,0.0,152.75527439461626,0
305.80042415527805,98.75566993199863,22.128320087891872,3.0,0.0,123.8105920011034,0
79.31992489102193,26.826979104317683,17.30597453015498,3.0,0.0,191.98852543554545,0
257.2761777242126,77.41359939831916,13.058936220873095,4.0,0.059937200787918754,137.7171770017903,0
47.67897866994106,19.352648380359334,29.50750572614605,7.0,0.0,250.26923749557625,0
207.67772526351155,77.35442388305515,16.91062635618365,1.0,0.05561270628322007,96.9470207454321,0
145.27666727405617,45.409123037294336,8.764920243185149,3.0,0.3095681842205303,45.225091081247236,0
47.94588274808247,3.485272755262585,13.804488694763808,4.0,0.0,121.75438036745348,0
125.40744880172701,15.320469467091353,6.801359069925862,5.0,0.1974776894728662,82.15730281230242,0
142.32229325119033,24.070279943677242,8.470522673760886,6.0,0.20942780098729835,43.88915177721,0
34.62253511854793,2.432121894511056,17.56976502554099,5.0,0.0,125.97819249057117,0
4.786261471991182,33.16111264281175,20.17742013272506,8.0,0.0,86.4459349023737,0
103.29844661882474,10.017772043296226,11.753751433275433,5.0,0.0,94.6958552336896,0
344.41792036493456,87.27857130516611,20.327293629206096,9.0,0.0,159.3436973114969,0
19.939887565082415,44.25752219483677,17.466721411921313,8.0,0.0,80.56725232302303,0
38.81504857135414,25.480946812647545,19.20465120304035,4.0,0.09329990047508963,34.728096915410035,0
311.4180466809528,82.04453079087202,11.353466923903907,7.0,0.11632174769535225,128.35140899591238,0
78.71896413172286,56.75570922743748,22.959526344723717,9.0,0.0,115.37684554481022,0
106.34052012331784,22.421721562001323,21.69430031360529,5.0,0.0,133.08065198677238,0
354.049219899663,90.686852914496,25.461927387894235,5.0,0.0,251.71253911533395,0
265.34585125456744,65.81542535434457,19.87412922138833,7.0,0.0,137.20839003919903,0
94.97668678479087,9.234632840543384,15.371226832379186,8.0,0.0,97.19554871075667,0
64.01696780027748,34.40647285121412,15.03437149512512,10.0,0.0,38.079963856001115,0
131.3843436880079,30.768523312233373,15.061699783503611,4.0,0.0,193.53742526706355,0
34.414591690736614,32.05117143768378,20.74305131063271,6.0,0.0,102.25605732576369,0
323.5953646895065,102.26955717651961,14.84940503374709,4.0,0.0,136.70563241861623,0
97.18234879197777,63.33410686541548,17.806572715891214,6.0,0.02081877912788077,49.746355941971586,0
275.7954440473369,41.462097654187566,18.1467304178,8.0,0.0,179.90674474526003,0
299.99938383691574,65.90605487058264,16.63472780881927,8.0,0.0,116.4276791310622,0
36.14622686124432,123.93987006677509,18.59418859993653,6.0,0.5,144.4394169015303,0
30.077020430517067,17.463792280516046,16.88449178321361,7.0,0.0,47.028199149515366,0
243.25598447011603,56.79340777777032,11.825353668262606,7.0,0.09602687258785891,116.20137322833483,0
295.29208811852703,91.09589505338866,20.982119943330325,5.0,0.0,159.81665474550763,0
16.833582664674353,59.989577537069536,10.753481129122447,3.0,0.5,188.03017846741574,1
278.83144001588227,81.1971988030957,22.179963833915338,0.0,0.0,202.7632482566288,0
270.53940144449945,77.90991004294227,15.896116806104823,5.0,0.002651292087489765,147.11138216796326,0
241.6569112146025,81.84512096131974,11.830592187101256,3.0,0.2626159539962876,81.12648867275723,0
328.5283571325362,94.42552194304054,25.23042746149863,5.0,0.0,193.02465848670153,0
14.279387204692995,13.997611666251501,23.357462888453902,5.0,0.0,149.9480307917276,0
200.6071838256594,74.35247087195387,13.309147372484173,2.0,0.0,105.72376810655355,0
49.294414262962775,43.24763546448219,11.341392308837655,5.0,0.18632057359999987,79.59667139434231,0
16.964654105296454,20.216913451542794,11.929012796657116,6.0,0.0,111.3749823192248,0
35.393082724988176,5.792350711690773,6.43443466762294,3.0,0.0,106.2315843470515,1
313.135044741638,87.08485749089562,25.830723931853804,3.0,0.0,210.17898843378705,0
21.564855388127214,32.90516039522081,14.67240294108808,8.0,0.0,69.50806733924655,0
367.0788462630456,102.02482112019355,20.3813541987856,9.0,0.0,125.98491956586501,0
365.7423883754563,112.54501447576945,21.391247284581702,4.0,0.0,198.1985791354917,0
1.3506988385120309,59.428882782304,18.242692237247905,11.0,0.0,103.71033367619287,0
66.49587377773108,19.050350560963118,15.298250003674106,3.0,0.0,158.91908116131813,0
115.82324208431216,22.0842557563967,17.624889616049494,6.0,0.0,171.02129806187025,0
252.8628672133181,58.324555254469395,15.361362074777603,5.0,0.0,104.33496349218653,0
52.415293982346384,53.565028885787484,20.624175491232982,8.0,0.0,70.67670527444767,0
28.11918785000094,17.927476325204942,16.895157361980683,3.0,0.0,66.55124204355646,0
85.37985493189647,9.677946623017665,20.657832625611192,7.0,0.0,210.9438869908515,0
25.753503930616695,2.6303989136755064,17.954957911750533,4.0,0.0,176.9023010647951,0
15.514412467172463,59.251466145769896,17.394944287368077,10.0,0.0,72.15465314773277,0
62.71658014768697,11.647299832128489,7.302142616856006,7.0,0.0,191.92081588541637,0
12.270787622193172,68.94419925681105,19.923174874377125,0.0,0.5,78.43508885327662,1
35.03999756542604,1.8577802742385998,10.974175910227128,3.0,0.0,133.92960769792384,0
36.99171156219727,50.90325330203413,10.826711594979892,3.0,0.26340552123523986,235.77205698291343,1
338.7745442395423,103.92230293809908,20.347881081470973,4.0,0.0,171.71952849835492,0
129.1620046969665,58.06937179031837,22.735299008578178,5.0,0.17643370906980482,61.09672649518107,0
29.827681596620838,41.8674902309982,11.594392522081158,2.0,0.0,130.18864045142402,1
16.849884571559343,19.87426626772448,18.207252965829312,5.0,0.0,188.5431202725062,0
2.3586249075167984,19.235099596811565,21.6978735906007,6.0,0.0,121.09934480496898,0
77.74669922554233,36.43712772720616,21.0213766546681,5.0,0.08429796720711036,90.06365202415222,0
123.2114672973977,19.653181557521478,8.310035100201727,10.0,0.0,68.43149764402366,0
320.497249295536,69.8852569157622,17.90096673184665,8.0,0.0,159.89837954399746,0
35.85390611733836,33.03496026334821,16.594560575805346,9.0,0.0,134.63585406517936,0
273.0469547573025,47.53074867797636,17.41249034943951,8.0,0.0,181.90328848415461,0
111.26630108769376,34.558245385056,19.199100117886644,2.0,0.28878006339712625,82.86017084416025,0
20.86802677697012,35.35546550740921,11.661371922569405,8.0,0.0,67.15558748534181,0
181.01541297695644,4.249731870655662,14.863778594241202,11.0,0.0,145.90662570023193,0
14.347954393831486,26.728236705880242,19.195554692951905,8.0,0.0,145.152353465053,0
421.0255221070462,122.1143599865878,27.19151812588033,6.0,0.0,207.83064604908904,0
59.417377340226,14.425661109870788,21.399935999955286,10.0,0.0,199.11177117635532,0
72.90382024659,9.714488974629564,8.275900950214993,3.0,0.0,145.66579070302672,0
49.6569519700947,12.953633239759967,19.832986728171043,8.0,0.0,127.84134765908988,0
279.01900273628235,54.679143390267,19.547278208677845,8.0,0.0,167.7076454873245,0
308.82359668722324,90.71118658814676,20.690463335893796,5.0,0.0,163.21416989003737,0
50.26720151594226,5.573620789836493,22.413149790974007,6.0,0.0,157.49650998292663,0
369.66278145183276,79.37691283603931,26.41962039979006,10.0,0.0,209.48502164727137,0
307.82752179831067,61.811256805300445,18.7014016287046,8.0,0.0,143.1283702600697,0
81.99381126054278,11.757902062894388,15.087530035252378,5.0,0.0,157.61047485450337,0
374.9982370107511,112.01649435429843,14.968006400443297,9.0,0.28095658574646065,83.49737880732366,0
60.38297710601981,25.189315219409487,9.967852541628492,1.0,0.0,274.60749789173343,0
241.3723518695556,63.88312287768203,16.88630761697712,5.0,0.0,150.76918616715722,0
208.45859588154616,35.03265126839119,18.795347499323825,6.0,0.0,172.90247139048063,0
45.53383898407223,14.147462270680073,16.666005964218094,2.0,0.0,169.06549147639635,0
39.795086945884094,37.55953396160585,18.9976832363621,7.0,0.0,103.53137172925815,0
4.584805085229831,15.261401083192936,18.55568416543481,5.0,0.0,101.79728231304426,0
243.11373768589937,30.056788848457092,14.37637093530077,9.0,0.0,162.1575290452238,0
297.40224074943126,84.64666274627021,20.93955334129791,4.0,0.0,191.8882421307219,0
176.29353456542162,61.80149822458364,8.229888437656717,1.0,0.0,174.17754851913986,0
116.83023843581475,11.63740621437924,7.230616233385749,5.0,0.1489611771195628,110.04945936922525,0
36.56215984175165,13.263983751976795,16.363436586081782,6.0,0.0,78.96380931427001,0
394.44783171842374,89.66595544754622,29.880040810398878,7.0,0.0,289.253019976141,0
370.2027008827312,74.98223601552695,21.893128047801316,11.0,0.0,204.31670206122294,0
3.9718658815190366,41.01019515969327,14.297685276331478,9.0,0.0,152.1562225287456,0
4.392480887792033,22.454945423961647,15.899060705620027,6.0,0.0,69.21492714350923,0
23.22572077434978,74.09402546274274,15.1762443531,4.0,0.2971159960600126,186.2665579953308,0
245.4507247219499,82.40873248614774,20.345672429714543,2.0,0.0,133.57635274371236,0
407.98858278082184,117.09971265496239,25.64363254362474,7.0,0.0,194.7644195637404,0
356.6220904878962,83.64901472496135,23.539656559722925,7.0,0.0,207.38513314666622,0
59.18774791371034,24.962117277336766,16.385568885908576,2.0,0.0,215.03208952902193,0
330.50445658349395,75.63344862122534,20.293836139689304,8.0,0.0,178.4478884076846,0
332.6239313068941,93.28620918698994,19.698212379047774,6.0,0.0,163.61688232215437,0
346.34223131683797,91.57596538296248,22.12625610128147,4.0,0.0,232.74627460902457,0
382.5874434317482,122.63372063588426,27.638562925698455,3.0,0.0,211.83196953683537,0
21.183242223305953,10.3162386543856,22.697659484248287,7.0,0.0,197.89797550205589,0
65.07646747215493,2.372231908048434,10.961532814469388,5.0,0.0,68.85982345844346,0
318.6546477949997,84.15312069558212,16.656646659269814,6.0,0.0,115.67983734304724,0
142.58449547739104,11.594136102523095,12.451493932002464,11.0,0.0,53.69474683727638,0
43.765468577276806,52.97400816368294,16.15763654396472,7.0,0.0,34.136725235475126,0
162.86791685698896,29.876812887996298,7.514886115730521,7.0,0.26705755092090955,34.05907669779018,0
251.50622692489864,51.5014108204885,18.764179926452055,7.0,0.0,147.88759031429277,0
15.718017883773143,25.950499421388564,18.621733934727565,6.0,0.0,144.13431177097726,0
236.54902309723968,75.68807094858133,5.551642461110866,5.0,0.5690156942288783,53.01963116440548,0
51.50190389260834,49.47098435558074,9.121655649622632,6.0,0.0,70.9278617019722,1
353.4047228074019,98.54203303612205,11.677311830850076,9.0,0.17677013778669437,83.5009532781965,0
5.549483058291258,6.332718343602963,16.780671069129475,3.0,0.028267213967187454,86.37005867717306,0
438.65385496655585,111.21572831168731,29.152745860098733,7.0,0.0,257.56312722476935,0
77.51491729119664,8.097118768277703,6.450838703929289,7.0,0.4625625210454275,133.65452920026345,0
31.602334518326096,0.5155507263378283,13.83213080279554,3.0,0.0,124.43893991055997,0
213.5964422870906,69.66008714859373,13.034613883460732,0.0,0.0,110.81757516294441,0
198.39947089761185,55.75081058766695,16.33306248888794,1.0,0.0,192.78652114580532,0
120.44551877101722,33.715737170759574,11.06077268153848,2.0,0.0,150.92405640009758,0
256.38792891665753,108.5065351088926,19.580120770617956,3.0,0.0,140.27950531636608,0
37.04298450574563,19.3556239601848,21.040822969711108,2.0,0.0,254.5731116470314,0
259.046953134673,59.218444738566035,19.049936767661208,5.0,0.0,137.13322541581385,0
12.63683851916872,36.630368970997736,13.535972145685916,5.0,0.0,59.44709015098205,0
2.745484245152511,22.536170577716803,7.606687977775323,2.0,0.0,109.66816167845079,0
313.97469553766746,112.50976062177023,14.707973040921614,3.0,0.15894851363666307,120.15144211667601,0
2.7340769503968474,44.10022501790587,20.519656940146575,1.0,0.5,78.15078484623163,0
41.02969718217005,4.195286128091624,16.68361470018621,4.0,0.0,113.37508458592183,0
26.432659257313908,87.70283380946785,12.463132204774327,6.0,0.35174009890433156,185.94824407755638,0
281.1305512593982,78.43086856269306,13.758136282203312,5.0,0.0,110.34177427497775,0
10.94818831700654,34.014145773759495,18.567371747714468,8.0,0.0,97.87909179156989,0
53.55260025082971,6.579167148022389,17.233913515357166,4.0,0.0,163.56668770641912,0
143.89821931893692,25.56368447506845,3.162696431320885,8.0,0.4736948097047844,101.6921121545962,0
81.59159064519164,27.06894039739126,10.916066481271354,2.0,0.0,172.20479878993868,0
72.18291716980059,9.603494746437839,20.44945054969356,8.0,0.0,148.3212119686547,0
16.751703526976172,38.416651167614134,17.955580558520175,7.0,0.0,50.10766412167498,0
211.1867008963012,49.492979332810236,10.777466690146284,5.0,0.03736065174292147,137.51170146634635,0
292.56961936783875,89.82337004375594,13.213775714812481,5.0,0.07673075035257065,105.354699155278,0
84.67506762019178,14.994701676880695,17.595506753144477,0.0,0.10303370180724736,160.6345883674026,0
8.997988772559879,4.32661613106837,13.69963307027761,3.0,0.0,179.13436736468734,0
376.5738136269036,96.51490791026578,26.689694097304102,5.0,0.0,201.22121280607337,0
277.6137998631527,67.48371720957591,15.410893202503438,6.0,0.0,137.90518966899572,0
2.491350831496945,15.255579832978384,25.21838750737456,7.0,0.0,189.59950475083525,0
76.68172253515596,1.122717273437548,21.362390463631005,7.0,0.0,178.17717913826385,0
312.6348218105784,71.71647539349937,21.2795477532072,7.0,0.0,175.38251339512158,0
6.72218668509295,52.44913755392213,15.140541957966136,8.0,0.0,66.96575387894332,0
18.924066974712247,8.357228471340562,26.054625202047646,5.0,0.0,204.68167958696193,0
300.3849337323504,87.09084459668603,15.154369360455606,7.0,0.11968322135978654,73.80859240171482,0
342.3199379109584,93.57581082510279,19.94959471313377,8.0,0.0,121.43973995632209,0
28.100347832002328,14.410176962179094,11.744335531831071,2.0,0.07561998826757466,82.86734759388305,0
52.02632458995396,39.49429983561194,19.464287396384947,6.0,0.0,110.38865290543467,0
45.79070379941345,8.659205005592149,13.352662794567287,3.0,0.0,202.875398024866,0
123.38603253636552,43.460077201996114,21.282859640750125,4.0,0.11913523166804357,137.13781896919758,0
70.47322638910701,5.9615723163046255,19.59775121062764,6.0,0.0,176.67800581761787,0
307.9343296912343,75.1917876243474,20.98461590241336,7.0,0.0,194.67727111970714,0
378.7761293256542,102.43497465360487,25.925819846949505,6.0,0.0,213.96476142556088,0
366.6265799970825,105.76203088702911,16.837239317092074,6.0,0.0,164.92814938294214,0
88.76638282950324,5.011816029311728,9.226975165673878,4.0,0.0,115.72241182615315,0
11.70299397681125,29.259047802879863,15.911021064245187,7.0,0.0,77.99675616946797,0
35.53939937795335,15.455786154602013,18.421612137982102,2.0,0.0,156.62828561846501,0
266.1108920897881,80.24563210814173,15.60622819482676,8.0,0.33102546560789703,64.92504973843134,0
285.27061815041947,45.5829877574195,12.405786637903576,14.0,0.013298511641666066,57.68477627308526,0
257.239721010917,80.10904411368091,8.449540840847629,5.0,0.3309383844516288,64.9980044312791,0
94.4356806362361,40.595048719225744,22.58266716385247,4.0,0.0,117.19345483135663,0
336.6613912657882,94.19470215270663,17.84570290278771,3.0,0.0,200.78701968242115,0
33.22778648414208,17.341404267098007,18.671380155652763,7.0,0.0,121.05721330724269,0
190.0046169424299,51.68171648964607,11.785414340793409,5.0,0.25746058894540014,91.0626989692267,0
270.6663306141443,71.9381914597827,18.029935777543827,6.0,0.0,133.9792042746086,0
42.22729119663039,7.279199994907813,2.8233222831617857,7.0,0.0,182.77011088960813,1
33.767668235833334,22.387684250179767,7.5021158666058945,4.0,0.0,67.29387022518449,0
43.2607077901566,10.001491342792747,7.422856616682594,11.0,0.0,203.50341925553315,1
305.0923124602338,80.97683082963556,12.189367404399032,7.0,0.0894629115930291,135.45643458432843,0
17.7784524736567,25.866004445381627,16.73935945487296,6.0,0.0,152.0465547067364,0
101.13815787422132,21.86701925042327,19.613457805583487,6.0,0.0,220.27012825474398,0
88.81393746095686,15.438902655078959,12.334435278969627,3.0,0.0,104.49031196091924,0
68.55764395423967,27.616919153688315,23.51117590418466,4.0,0.0,138.46016070687352,0
106.75674634310928,6.0150974593132815,17.037105350661975,10.0,0.0,139.40296548070447,0
356.31803223860203,101.46723523221485,23.993709448791353,7.0,0.0,175.42201364068887,0
351.6552714655656,68.14324792914388,19.541871332546613,11.0,0.0,176.1594525154765,0
104.9117331367496,30.172016014001166,14.901738200165155,12.0,0.0,84.71676128197808,0
395.10876271643997,118.03259640288375,20.82287352528101,5.0,0.0,194.28966270922217,0
288.6514899007286,61.27122493271658,18.260937320920068,7.0,0.0,178.05459450456402,0
81.60391824260644,22.984953999380696,21.530902064403996,5.0,0.0,255.85182591587005,0
343.9230285568046,78.84208907805073,20.020187969517902,8.0,0.0,192.74238712285978,0
154.28793719238257,36.695109169216906,14.54914177275774,5.0,0.0,173.01571980549457,0
353.8711081657497,106.11910206893097,21.449454769865532,4.0,0.0,198.64624796189054,0
277.00618530522763,72.51619463731866,20.866484150253097,4.0,0.0,202.33053704053785,0
38.574663863595475,11.451004793648153,12.193092657005831,2.0,0.27696068819859937,74.15780991005016,0
8.942408643534419,11.556942855574036,12.24768356672967,2.0,0.07406736974159511,161.92171183424196,1
176.91432383449109,26.523902748723593,6.197796883181741,9.0,0.3608072397601577,38.31870748245981,0
6.541906031403997,22.150213662265188,20.16123059543925,6.0,0.0,118.43602825385929,0
101.07260478122215,6.433559606800344,12.52032390712879,8.0,0.0,114.66299523018677,0
6.211096723208016,1.2612276658112194,15.83588588485248,2.0,0.0,123.7792499039337,0
363.9009590262131,122.5503734801066,14.214889857353853,5.0,0.16168276195454667,105.34633973463659,0
379.1635663811033,120.9122290539738,25.58370724515975,5.0,0.0,205.98139989547047,0
260.72221088937397,58.973855557520444,12.850635276073415,8.0,0.0,83.98833832978208,0
6.337185489886714,63.89250061240449,22.790710894967688,10.0,0.22131899069535843,159.55232705430893,1
15.103707385783089,53.44332714767029,12.328214978930784,2.0,0.5,196.59904602797224,0
18.756955491659255,6.935387854248532,18.22118708896638,4.0,0.0,233.62347285421907,0
85.15414212817467,4.669618570266678,16.293860296440503,8.0,0.0,114.5378278876711,0
281.2550794638737,41.45956126261602,16.792065074962444,11.0,0.0,136.2975558280247,0
260.33159670266286,83.65250948047955,16.166734829668314,3.0,0.0,139.31346402558808,0
124.68893561561337,7.331417223230481,3.919852290876296,7.0,0.0,35.146887009997656,0
52.03009720238582,24.802734397806802,20.006580545544015,10.0,0.0,120.9140299194802,0
22.47052750371349,35.76728778950297,22.765238305722203,10.0,0.0,92.08185798713174,0
51.76534957521524,14.153165353964752,15.194765292555171,7.0,0.0,124.50504430220765,0
1.1375230698634624,19.991966268382257,8.871786619007096,4.0,0.06868751034647713,88.63107307959325,0
340.54533422061996,93.31819267345605,22.21743427253393,5.0,0.0,170.52138983114313,0
294.3165659029369,67.35126549816013,21.601267163133926,6.0,0.0,125.12985300177266,0
123.72556250641347,34.40670300924606,26.48782335434661,4.0,0.004023715745253287,234.93347613249912,0
55.0739904669513,7.85058311836659,15.811359545345429,4.0,0.0,141.05292371495176,0
112.16387169520766,23.444528241171664,18.395715378683306,5.0,0.0,238.09465623133343,0
154.46805335190427,60.418442149433076,21.238562549177672,4.0,0.22463324206954993,55.11905754586398,0
20.212106261025866,48.18457908242584,17.536147127438742,8.0,0.0,61.37668261050712,0
71.36695004716984,16.287115012603724,18.122727240454857,5.0,0.0,229.5721191834428,0
28.470181985677506,15.454167400184303,13.141877532374169,7.0,0.03244477952780178,171.06354463168225,1
39.10650322690539,42.52220928081633,18.71890252980725,7.0,0.0,91.77918555595323,0
93.66996737534947,2.2082943649526072,11.922387380048434,6.0,0.0,103.41271852035118,0
7.268177334638324,32.404305346479504,14.04834887071816,7.0,0.0,47.294495993029585,0
302.7625350620675,95.93677269376906,15.222861982118683,5.0,0.0742769819117759,128.76061346084026,0
363.25588155552936,123.44903746831889,26.404253641346223,2.0,0.0,203.0925297647484,0
402.59370192285235,99.64208712120956,25.866563922560882,7.0,0.0,254.71099890037587,0
350.651027552855,98.31905469568183,23.16934131964533,4.0,0.0,208.04645791250746,0
205.87012775703596,39.829316957480934,11.502959167247706,7.0,0.0,92.55454465810209,0
92.85774066788613,1.2226286248096372,11.492574643255605,6.0,0.0,110.20926746732451,0
92.81796078099796,3.1814923329510663,11.536272163175244,6.0,0.0,166.08087159450335,0
60.621173915849795,2.3977597846920062,12.41626501724324,4.0,0.0,79.3518719069826,0
56.528506896959755,55.59449957340561,15.946548879155998,7.0,0.06062094560078235,73.94426563416036,0
18.078178538598078,72.89625858074037,11.904734637848994,11.0,0.0,248.60238971261617,1
326.5240518574791,82.7103995501426,13.432668388263243,7.0,0.0,165.55238107936816,0
65.30228997911641,25.089814176598026,13.28383229117027,8.0,0.0,59.116371930198135,0
51.160452560876266,16.126742525240097,24.83862932726278,4.0,0.0,205.31864913776334,0
153.6832399154832,44.58041032130036,14.611072745099136,3.0,0.0,143.53070960629108,0
243.1454934030221,57.12767654369709,14.56438906300426,7.0,0.0,88.2521285061724,0
62.321669004497096,26.275538631487464,24.457724141829427,5.0,0.0,166.3420788670227,0
0.44490364255131,11.71357012834467,21.413230828115505,2.0,0.0,250.994997061021,0
340.571143444637,107.1624975279836,22.47753367483698,5.0,0.0,127.38958245478801,0
77.5329925989065,24.402572279701744,13.554513315276592,2.0,0.0,103.34127595060423,0
146.3260453337295,10.025758882263148,12.745765309176075,11.0,0.0,57.97929618589469,0
5.815027005033782,61.14859071734084,20.40399684860492,3.0,0.3908350721885421,87.95085284807774,0
55.84892018187945,18.083625510421328,18.686424809349667,3.0,0.0,163.22093552336807,0
22.14595663130425,8.987139232401525,22.79482762123131,3.0,0.0,211.99142995253564,0
236.61176722112276,67.29739694448497,19.070806469312856,4.0,0.0,161.4729558295746,0
225.51877958918445,53.51326146269437,9.977767190963238,5.0,0.0018557937640656386,105.13715550080998,0
423.34924153090924,115.19425706329909,26.03237139046209,7.0,0.0,196.76626024764613,0
17.523805516018484,39.531782419434776,14.057791439854984,8.0,0.0,64.91267232822989,0
14.201368113254304,67.61113318994322,21.84727764994084,5.0,0.08291897836550421,157.9819909947602,1
250.87849949597566,73.89418538428329,17.05018687595877,4.0,0.0,85.97178845320752,0
81.57099345418501,5.164621314284538,17.814577151698963,7.0,0.0,104.24301705690758,0
37.51459297784442,10.439625650625825,0.4146312257043494,6.0,0.0,106.39692805005619,1
194.84362329187394,28.271697250804387,10.035822577117273,8.0,0.037205396862222684,101.87275586302287,0
278.4269292144027,65.89645520888304,5.889220492259366,7.0,0.13241838680181783,83.5938779601141,0
278.0048137176793,50.478074561437126,24.39438530554554,6.0,0.0,213.36885016782009,0
99.43071059231931,18.464268220145396,10.532919265587289,4.0,0.0,161.0227927846813,0
82.18521900614334,28.605108568824285,21.837347364420225,4.0,0.0,238.68087391663687,0
27.230263040703193,35.24236866802596,7.079959500569592,3.0,0.057510902564179345,46.31849116765364,0
57.199608440473554,26.481251605978564,26.102116415475244,5.0,0.0,145.44651210668064,0
104.36510406914348,29.118579168183764,19.412430511753477,5.0,0.0,284.40297960896237,0
4.222702187240756,6.526612486913223,6.588377509894557,0.0,0.0,145.77398627261948,0
67.35685095720956,21.100327376007918,15.66311574482982,2.0,0.0,147.79962170535165,0
13.362587712261337,1.831561568114985,12.246528314311014,3.0,0.0,70.42096995588601,1
60.71658772564034,8.615870901095931,25.025933716827442,7.0,0.0,218.79195721394845,0
321.6653768328887,84.48942959882724,17.768384998711237,7.0,0.0,122.97550874967473,0
38.20008046390171,26.39153633709988,17.908968401477082,5.0,0.04287668095237973,94.6725417097409,0
11.328506335623146,0.7334696049184402,17.951145661554108,4.0,0.02400816099723646,124.017780674147,0
266.4671754129509,59.98836373094186,10.167131163557944,7.0,0.0,88.85909376451238,0
12.586705969484747,25.21367048425877,19.613143281739546,7.0,0.0,45.95511367380739,0
44.037147547144706,15.39022587337131,2.000232313267116,6.0,0.0,147.01172818449186,1
241.11326119076818,43.992789622599716,12.873428256468419,11.0,0.2154077310492848,47.3325457614801,0
108.53249375818685,4.631092589062437,21.531301523071956,9.0,0.0,162.85084403385855,0
34.910490032742565,113.07252493760495,16.091747308027657,9.0,0.2657727122030836,222.81351082266286,1
355.45131587202883,130.97406099074186,25.270810316946054,2.0,0.0,188.60405728209233,0
348.25036171967406,105.3654854974841,19.35172249720111,8.0,0.026195269296372836,63.799553435515314,0
16.159998625785903,13.901914499246715,18.47294000388088,3.0,0.0,173.01601064561345,0
27.3374196059493,44.21358934814566,19.436491840140995,11.0,0.0,35.96702911407078,0
165.25902590550186,25.656656247487575,8.425111328461865,7.0,0.10818442957367597,97.02490461367287,0
34.31474156021583,21.02720488820625,18.273036425302855,1.0,0.0,113.55840367387125,0
348.72237666836503,83.28378080529892,22.23278409359495,8.0,0.0,205.15592716802027,0
493.82858280308506,128.66079421145565,23.1446768006534,10.0,0.0,229.1332801197993,0
19.90433255718959,25.246791110073787,11.52051380517684,3.0,0.1008642685435373,35.37865852987728,0
102.63577253752095,45.99965350871989,17.72305363411261,4.0,0.16638886328503322,93.32921568637123,0
173.67657242324458,31.006779219720933,5.256272992866288,7.0,0.3614262699447435,73.5645039326459,0
55.231484404253706,9.22731167802256,19.908825340968836,2.0,0.1318789167539242,121.2008015511137,0
31.48264568856154,96.21997225241628,11.510116254150647,1.0,0.5,123.57923650945665,1
287.9153306828165,74.83814184195383,17.477702743460874,7.0,0.0,103.12205595717404,0
371.1833102532553,106.3525030025937,22.859818643880647,7.0,0.0,158.72592427218285,0
433.154465960613,140.4120312808783,20.523903247175685,9.0,0.23683782322762037,99.8156991156126,0
80.72780794919001,0.6755238236713694,17.58818274940886,7.0,0.0,185.8857320941939,0
1.3834072655883602,6.550050059548084,19.40542221484513,5.0,0.0,186.848215530625,0
115.22401157298424,10.064874047023181,13.37943302809417,9.0,0.0,113.36591561290713,0
45.986161523948724,42.4509072858516,15.050354454816539,5.0,0.0,57.98339442335292,0
283.96614140332935,94.0224465557626,14.332390892894244,4.0,0.1608127699076105,118.73940560851621,0
45.92336233974834,34.30498021604474,22.42324217663645,6.0,0.0,126.22771982318622,0
199.6615639631422,33.07816652536268,18.612171664629642,8.0,0.0,118.47555521385863,0
336.04687773883416,91.97118264512832,25.757564369091295,3.0,0.0,210.88953204964,0
259.9476384965813,82.3468809417675,24.976355298502753,2.0,0.0,203.70742011612626,0
22.90935125094982,13.315042666843027,23.27014491876877,2.0,0.26602357088199635,47.74768775623127,1
44.685361835258824,2.385279965329538,15.872314592657514,4.0,0.0,161.00110324488176,0
153.03660671238168,22.915582256670348,12.047151574599388,8.0,0.1575539422654152,28.417515484019756,0
180.1792438510182,57.3776156296705,9.261787056969856,5.0,0.4377331119835979,35.06311998428682,0
15.235726475640213,7.906421565015812,21.681887362893928,6.0,0.0,207.37572618083755,0
112.40631132449931,17.02267261780221,5.292071185177942,3.0,0.0,85.33318615508708,0
13.491349458430648,27.865116934218328,18.47346648029273,7.0,0.0,50.57766982170438,0
48.63422309178472,16.59458122078121,17.384206473409773,3.0,0.0,198.04428571974645,0
202.76913185634606,45.07619858572646,4.971600214464106,7.0,0.37229665248537425,49.135029625397266,0
456.1795896276544,140.5110136875458,21.55660742816346,6.0,0.0,199.40552067255314,0
45.731206563400804,18.948394407535247,11.44787547846202,6.0,0.0,54.06075871060339,0
53.75804237439968,27.436020217333123,17.19463486623762,1.0,0.0,194.67579505063532,0
193.70954104585923,32.660089080992456,14.5409192706751,9.0,0.03902502306270417,79.75361815740595,0
237.6701602661645,68.31041587736706,7.719217897724706,6.0,0.3385125786130504,56.06921704052601,0
53.78274284820006,21.652787502143205,12.728028557775147,7.0,0.0,75.57372926294296,0
285.4831428094812,75.66985217122894,13.584911394256027,6.0,0.0,97.26110701856891,0
295.8155342482556,57.62731628180012,19.74765999815969,7.0,0.0,195.54976941336102,0
67.28728124124446,3.7279845031448247,20.465213908829625,6.0,0.0,168.03664560045587,0
244.15976895900485,72.6604221267041,9.645833445718647,5.0,0.16358572646475766,48.78886881399333,0
306.3973312877727,83.26131507452375,8.4015272221257,7.0,0.21790891145609842,77.16330001077047,0
241.46196985547684,60.57264279794812,22.977196494193304,4.0,0.0,148.95735315438563,0
24.95550878058979,2.541294308730386,0.9611779330213857,3.0,0.0,110.92254931280246,1
122.69634169987575,30.01176658242916,9.950686416423448,2.0,0.0,104.67075927431964,0
327.96449809718035,97.69338156130983,23.420884670952987,4.0,0.0,185.35255315233,0
51.71223438683654,26.548526011334204,27.030559199176963,6.0,0.0,162.80604464850663,0
308.8495219774237,83.0130239211559,16.94085183239416,6.0,0.0,126.30615792122546,0
17.280065436651235,1.827306168474717,23.811029261573182,6.0,0.0,225.8521376614481,0
13.837934878764223,16.430727983256133,16.507024906956847,0.0,0.13697512187409827,74.37952775593745,0
361.48525013831915,86.38662788728661,20.883848220388323,8.0,0.0,173.836882242231,0
325.7672957293072,80.11441837586844,15.84833409407226,7.0,0.0,179.47167644168172,0
3.8845726089119808,30.356075444508157,10.20170029614747,3.0,0.0,127.16421337004759,1
26.886297410605167,3.2370064083099876,16.622280106661847,4.0,0.0,124.66301076448919,0
11.768739093670199,10.628263433528833,22.671598669382334,3.0,0.0,185.9313690470234,0
227.30997913273214,55.554586762584584,10.285090694842076,8.0,0.312632676625109,55.445436674383785,0
105.5271350325086,9.792552602111272,14.078177262905905,6.0,0.0,140.29452087142113,0
48.17550437778597,30.50041370677178,24.709155416673067,6.0,0.0,115.01762177775342,0
282.9381355365064,64.48012555139334,14.85430344304668,10.0,0.06435754111934966,100.94563964146342,0
339.61462630047794,108.80513349984045,12.969357475998262,7.0,0.3280481272440492,65.86012850430852,0
299.62289461062755,79.85147813300243,20.621713567131007,4.0,0.0,141.72949986778426,0
164.73365030262963,88.1871226735013,20.42768730136804,6.0,0.0,62.70134310559878,0
310.00264560398,60.439548248413544,13.642331337154669,11.0,0.0,119.00628092679837,0
186.69047032300716,16.33861879469182,9.224198461641304,8.0,0.0,147.07827159532587,0
71.84834370535802,8.656637776480544,21.56519643217934,6.0,0.0,128.63370459960925,0
36.17794809707344,31.305700174298238,21.970383701730345,7.0,0.0,167.2240982885551,0
57.53767269402596,14.078856605975368,21.392147467118576,2.0,0.059740090098739984,123.39740186446141,0
228.784062708481,58.931589982829834,13.25467989694417,6.0,0.06671366217672853,91.2277777868764,0
107.90152446562627,40.588023841503585,13.97369774352039,1.0,0.0,178.25700901195813,0
12.780062795019916,38.53921435334941,15.405151307345552,7.0,0.0,66.32882163143542,0
185.5821453666955,27.650987291291102,12.460035193812669,8.0,0.03466430942643456,91.82371517602405,0
36.67204145860547,16.5040105411995,12.43756602412575,6.0,0.0,38.844238273178675,0
273.20151179425534,76.7779865733794,13.982405932368309,6.0,0.18351274895776643,136.51187721731412,0
342.74549230498025,91.1693957198789,21.815319948924298,6.0,0.0,165.644857686237,0
332.916540112059,64.59781019830422,19.979694422598914,9.0,0.0,148.54145458869857,0
352.01840267092655,88.5879522733892,24.016466052062615,5.0,0.0,206.51827820406746,0
213.28360721692175,52.5969871486532,11.958579263258834,4.0,0.0,113.74147616085574,0
185.16715772408833,35.3154459351806,19.63768258603435,3.0,0.0,175.04870488358196,0
293.52544782335923,72.96112940937734,19.733917120861328,5.0,0.0,180.2256885211457,0
9.483368948106346,31.095532257696668,16.268077278641044,6.0,0.0,120.79755737492971,0
8.763097966912873,53.44708719551342,33.97431677888294,0.0,0.5,36.979482207670955,1
362.9457332937425,96.01526359410619,28.23910265887067,6.0,0.0,198.86985153936354,0
67.91240853947349,4.4723922439541255,21.32978750325545,6.0,0.0,215.7401423454086,0
20.64888686181517,12.759369234646599,15.844310015598921,5.0,0.0,63.635796496519994,0
58.50026183251622,10.55808842902831,9.541013466997915,5.0,0.0,43.052677024764655,0
406.2661252415632,102.51864710530091,20.5694099476879,9.0,0.0,197.21227736383017,0
282.66191656204705,69.76077280292881,20.920153797990203,4.0,0.0,159.19526427124734,0
112.13657861587879,70.15215714671201,12.751106739172958,6.0,0.1544841926140863,47.28618246891037,0
63.86828068133008,30.460479242380636,21.484507037397716,4.0,0.042212036014673826,62.75581329126743,0
282.88616672587335,83.88764811445225,26.3391042611566,1.0,0.0,189.53279794470095,0
180.49404013861346,33.90815685282243,11.564667482888199,7.0,0.03415596473964344,75.23675249945069,0
224.0148566353376,45.89942290013518,12.816669175136468,6.0,0.0,78.08685442233055,0
28.58939703510027,13.353636518123132,20.642932504068895,2.0,0.0,208.3505114235279,0
86.03688091130925,34.03503797812897,21.26497366547865,4.0,0.12209558792910258,89.11462429036746,0
153.30354240067925,31.727060528788364,7.797359845974608,4.0,0.0,151.375020000709,0
279.4071503221273,47.59337589369234,13.293660461202519,10.0,0.0,146.46913048447567,0
172.74734324290682,32.97592458822499,3.777870228387151,8.0,0.5279701877007196,57.241398497517416,0
310.3520370097325,60.93663483915913,22.613265870645325,10.0,0.0,178.48095284309454,0
228.3041772228329,38.26541870664485,17.420011949016363,8.0,0.0,128.955838542853,0
109.72844882844203,17.149963847753405,9.599567230926965,5.0,0.21740432663703457,80.91939829734125,0
73.27588949889123,11.179923548037948,14.432877285674829,6.0,0.0,72.54691321651667,0
113.05784627911858,0.7761082819371268,11.233081515879348,7.0,0.0,125.53157228628064,0
220.84870428593302,66.40351092084055,15.693717927338135,3.0,0.0,140.38304400738065,0
4.699954148730512,12.93189708260438,10.084661179123774,2.0,0.09193350266929723,60.38375587859106,0
179.02631937388355,53.113435821744005,3.6273515810963275,5.0,0.6223753391085637,35.664557807754,0
36.39763659416532,134.94690249175676,17.75452124226876,10.0,0.5,149.80837481101273,1
318.05116268030247,80.77209093815266,15.035265062649538,9.0,0.04689317590643233,132.34267748533713,0
273.46898047258117,56.522641040396906,18.466366221657626,8.0,0.0,140.18412062915056,0
120.52902575935303,1.5077446766165359,9.839584095777484,6.0,0.0,68.96749731516226,0
69.50054690244443,21.087035410531826,20.9781423382872,3.0,0.0,176.48510541610244,0
57.59856308583332,4.706770055136701,16.560015306218396,6.0,0.0,172.5782728668305,0
22.470783693665986,19.457145049238022,7.027260215402425,9.0,0.0,136.38175943795056,1
195.88373952793302,77.3761991879298,26.729197767563967,6.0,0.21006882609714517,128.3033212704041,0
110.80181323623952,5.004091462626192,11.20556240970824,7.0,0.0,113.33676466003028,0
418.0973257353828,108.41191947372876,24.057375870047295,7.0,0.0,221.33303616655314,0
338.5229776789935,81.38862592706269,23.555128765907384,8.0,0.0,162.79177747366074,0
53.05048546927355,39.053574052053136,23.253307877338493,7.0,0.0,143.11496523577992,0
206.54658851620877,61.33026707404402,9.877770688897368,7.0,0.4794890606798594,22.879453468961557,0
27.550745324857488,13.14547285549348,13.561789007980682,6.0,0.018853641201335813,88.2346766008167,0
65.84025545484836,2.2287627763485744,13.361017219739091,5.0,0.0,139.02271521453576,0
223.61603863638564,68.36324907419268,15.735494862735543,3.0,0.0,134.71735267626758,0
309.11402764343177,104.31043012825543,20.945556931713334,3.0,0.0,130.30871001218998,0
244.5477706593708,61.21550385936953,16.159707458511246,6.0,0.0,128.78605064019015,0
24.865760502115307,15.458010321581526,14.97874187712896,4.0,0.0681563135046227,138.40111675197352,0
25.685179529963992,8.958671122391799,4.445530229037452,1.0,0.0,187.54608859032865,1
29.44296293312452,15.049073535681714,9.096390248184168,10.0,0.0,176.8854175477312,1
10.44773871543427,36.344749945646925,18.478105921421964,8.0,0.0,128.978067085916,0
239.52086260261194,46.86065564239007,15.191889145262968,7.0,0.0,121.83551095729796,0
70.59354719967735,69.17271734214484,21.063608335558282,8.0,0.0,97.1594538893822,0
265.20627376658786,81.37316677869828,13.772509054118082,6.0,0.24444747287266483,102.85663330268687,0
19.56536663956884,15.972867436130525,7.4424078634174755,2.0,0.0,162.57881474853372,0
314.684748394862,59.03725440551566,24.62797037335401,9.0,0.0,185.96167162214226,0
312.7383519429146,98.608966734082,20.15079213044024,3.0,0.0,173.6164877084198,0
40.08369877288822,31.44422334474021,17.807815077305243,9.0,0.0,115.98402380493624,0
137.41042057174894,34.13254755000155,11.387012911416168,4.0,0.0,214.28065505485284,0
24.735908135247563,95.02929676252138,18.618198895907256,3.0,0.5,125.35259404055482,0
95.93390357727027,3.6692432548693965,12.175416999164472,7.0,0.0,162.52869245639744,0
14.72502926416791,76.7815101305391,22.9985977800037,8.0,0.0,151.80097042869275,1
286.36663881279594,79.42859136031304,14.975481797593842,6.0,0.02022060299996109,126.71067645262102,0
356.5313426160922,103.13767984482487,19.431408158768996,6.0,0.0,165.73972561004817,0
40.15868636080215,5.8161759676801665,14.52673297972773,5.0,0.0,135.39121249561992,0
37.753421454554356,53.22872104910283,19.50039739037803,8.0,0.0,68.22699098889382,0
79.80176468236948,2.4813027081400847,17.456516107652405,7.0,0.0,156.08447068823133,0
29.06412378975199,15.692889639378663,21.303613364373945,5.0,0.0,231.48970210936182,0
315.2190003645417,78.48979868137701,15.601203305098027,7.0,0.0,107.07719091630743,0
70.8046241802104,29.65155703912,22.675549191524794,5.0,0.08370555748361952,107.75985588360749,0
112.9506525950995,14.637616969367517,19.075495787974926,7.0,0.0,213.84263389642376,0
26.098643630278502,44.915597659537696,19.36059492391263,9.0,0.0,82.43807108748969,0
17.964229772863774,76.67691069268125,14.782508733620025,3.0,0.5,129.35134991054008,0
311.29067715619396,91.93533178338221,16.226457404909322,4.0,0.0,140.874156471025,0
106.93917121516176,37.30026828565612,20.004423874454307,4.0,0.0,297.2080696265753,0
57.976996043930086,10.984744998589704,19.80903753027703,5.0,0.0,241.46008684388704,0
43.72981674870773,39.80428150624196,4.989321252475248,3.0,0.0,167.85549877098893,0
44.84947812474155,23.394416469787124,15.909483980731528,1.0,0.0,195.29199317673982,0
144.7097291705599,3.261538633145385,13.681513907353809,9.0,0.0,139.33957083033374,0
7.3152442936700055,52.268126545542785,13.53632877152612,10.0,0.0,28.932966935689265,0
212.53822599372901,63.56142685357689,15.653871502926743,4.0,0.048348508663371814,82.65398532996412,0
10.590430770991006,67.82160266927303,19.68554377839442,9.0,0.0,192.3452322175561,1
4.183145985312848,53.59553624032455,25.728532716038295,4.0,0.1020243993187262,127.23570483360044,0
333.543090733727,82.78284599594893,18.703656240410307,5.0,0.0,174.11211341727002,0
31.066385101162503,32.414906916936644,19.369494592639352,10.0,0.0,156.36387704171943,0
12.270206999694906,43.85607002907693,2.8799403455135204,8.0,0.0,124.80211204689883,1
34.652072473679965,30.551819008858516,14.669003214121204,5.0,0.17482790676818644,26.238263879526443,0
241.45366976790248,69.9731560770428,22.766081645778044,3.0,0.0,151.7686973404367,0
48.675767746881405,38.67423782104896,18.312630927391083,5.0,0.0,70.66024033005769,0
19.99165820171423,27.820399962203894,17.639973976543196,5.0,0.0,63.27807444656424,0
31.36823245337652,16.73532994695053,22.197521821068577,4.0,0.015149023687244467,65.83515113513923,0
4.691509186439092,41.9155489707141,21.653444562565852,9.0,0.0,92.1126490803209,0
77.8229436546819,21.37430420438254,10.399416138389043,2.0,0.0,133.32331449006105,0
19.249548410226414,95.65131993456191,13.316662175586137,4.0,0.5,68.92162741577934,1
10.680747009943682,65.19528901308608,23.044690154775044,5.0,0.1403398525980062,159.97775596829828,0
83.61304365482383,15.18928703345135,11.17830751174164,8.0,0.0,62.540521342295214,0
259.54933127677157,88.61441896489973,9.092644244953325,4.0,0.4734347979248331,82.94728023724892,0
231.3520543037641,73.94838855184688,21.10127192697667,1.0,0.0,196.75304824257628,0
93.22526996146463,16.083607589968224,17.17262427908457,9.0,0.0,96.86027084162608,0
251.4093208065165,73.7486540167829,24.411628145129345,2.0,0.0,166.08377943283148,0
62.53053522165226,18.02625291614507,23.83510972283887,5.0,0.0,243.98672589474185,0
53.73737559931548,11.40572459843061,4.1159553557375155,4.0,0.0,58.74372193845334,0
27.66119485679318,9.13229691200425,15.262215834203587,5.0,0.0,108.19599323801467,0
210.8290641853707,43.88094272728294,11.565070733762866,7.0,0.0,88.00914102158534,0
299.7574981567855,87.09621514410085,20.861446261443422,2.0,0.0,200.09942297029932,0
126.92727163617997,43.776161358283034,20.179715006420665,3.0,0.27209403533352755,52.197084273585894,0
436.7917820500205,150.0952241080001,28.200952502880835,5.0,0.0,157.2113608822263,0
227.60142066307986,42.0382841146035,12.308705881395296,9.0,0.0648234656732235,53.311422055361966,0
60.7729057455966,12.59364697544327,18.40521637582229,7.0,0.0,65.74293383357272,0
2.5085022788024602,49.25809543626571,17.30673281617456,11.0,0.0,153.0595525712536,1
299.33842444054085,90.32099731776744,14.342180221726004,6.0,0.05267499770958617,51.30870595444264,0
7.807529279343413,5.8662041886930325,17.34449419652033,1.0,0.0,192.09127453515856,0
371.08229904403885,91.1613247610414,19.18346663388095,9.0,0.0,174.1770577934367,0
181.88648225681652,42.810113941281216,8.491438153126047,7.0,0.4325669800286649,56.801092071861035,0
314.7817222596114,77.16858454549978,15.716756071134485,7.0,0.0,166.95875877193248,0
31.780233935023986,3.368469742499933,22.688453353370775,3.0,0.0,208.93460364090947,0
45.10214552085745,9.963547949940299,6.576105689950596,4.0,0.0,102.34583387982212,0
52.25593689292569,45.394382583392684,10.91752842399589,4.0,0.019139842468102353,49.847762382555814,0
57.514397246075276,53.88725620279395,14.734456444761209,6.0,0.05565816802217488,82.00937683666278,0
231.94649909360868,52.056428527860035,19.682262997310374,5.0,0.0,134.09861709241378,0
240.22821728448304,67.77962426671944,15.680129434850873,3.0,0.0,134.49346419310314,0
256.8418777445697,38.453186390143216,18.705550573612683,6.0,0.0,167.6012856302699,0
8.267227545449735,37.33845055749948,16.07520138544684,1.0,0.5,65.96209946589288,1
10.442424678059098,73.24571764969068,9.902720614373724,10.0,0.0,175.33861536531197,0
15.290762886133514,38.561680582075354,13.963965533357023,7.0,0.0,58.526305140467834,0
24.334766655961104,80.30413458613933,14.820792252070456,2.0,0.5,121.51334231534777,0
246.29982775965033,74.4684149248661,16.255742910954655,4.0,0.0,104.05722036717722,0
29.818904981837854,24.496775254714805,17.288433770796615,8.0,0.0,67.19526027063657,0
8.340067291535618,25.266207203145044,23.86179369020077,7.0,0.0,87.06726319544235,0
230.289875781854,56.772465327884,11.037799876452839,6.0,0.04411447947622871,107.54370521954966,0
68.52922491930457,8.134345106049391,12.236989394863748,4.0,0.0,201.2374879478703,0
295.59459329874073,80.43357334462411,18.926309622137843,8.0,0.0,96.58460838727127,0
95.21967570820726,37.816687356121584,18.98424351847919,3.0,0.0,290.0418490443057,0
392.8561531325608,107.7255527550261,18.61905897534777,8.0,0.0,203.33731199211246,0
401.92264917643837,95.10566456881854,19.789827265274674,8.0,0.0,199.59627381023603,0
35.40241989035688,11.303277112501924,27.67238038629016,5.0,0.0,214.22038232690673,0
10.347946061894262,16.192972753074528,14.558881325919106,4.0,0.0,153.79491631876192,0
329.04306596890683,92.18322824361027,19.963839477997176,4.0,0.0,187.77314832320764,0
246.88091734648168,66.60891583105507,15.066558017047113,5.0,0.0,127.1452266067616,0
309.18740888579725,75.01915247223481,18.15228313359831,8.0,0.0,135.63299310720103,0
26.30924865894815,38.0123215070107,7.241606899637427,5.0,0.09416983551322078,49.36247873635446,0
10.740527984531212,19.419588617571463,19.968402029482668,1.0,0.0,187.6869375076535,0
278.15034911394457,100.08187359322574,20.223155315352408,1.0,0.0,161.7202474067537,0
36.028589962620416,121.01219939506116,18.60658023952683,6.0,0.5,156.59608871553684,0
222.7143415292535,45.81458645472526,12.119608253227401,6.0,0.0,141.88043492800028,0
12.639367825674697,37.22968239674955,11.522352712821455,7.0,0.0,40.05489461312624,0
323.2060945244555,73.99853124870185,24.406107931829364,5.0,0.0,186.32349247125447,0
273.7584638152838,40.29741185561039,17.250498932246927,12.0,0.0,113.02201949796344,0
80.14605841475374,16.685628938065136,12.379128875232944,8.0,0.0,61.971985643732076,0
38.94964063530911,5.9271375651874365,0.48505098637520483,5.0,0.0,138.4659515689689,1
308.863232271109,84.51269316186662,24.209838488396386,2.0,0.0,245.25622186438153,0
352.6133539317163,88.51130139000486,21.8608427724733,6.0,0.0,195.2022148320922,0
26.227749433618868,13.44657019433317,19.94231300516803,3.0,0.0,103.98682372535177,0
392.19617378667067,104.52674891880717,24.73931244856949,7.0,0.0,201.10342891669146,0
229.09112701891635,30.154292167384558,13.687630761449102,8.0,0.0,168.57369751021875,0
96.24953475751575,34.83493992252731,18.236068823240906,4.0,0.0,301.73343463595586,0
346.4756681015182,72.73105475083977,22.42940010048776,9.0,0.0,189.88763020665687,0
3.6271599563670804,17.40894869765779,17.322786057848624,6.0,0.0,167.32027490018964,0
316.2568566136739,79.00962236612807,25.63463406194058,8.0,0.0,150.48378086909088,0
311.65695093978263,79.39850437622262,17.036046370427442,6.0,0.0,156.87802560567155,0
319.4340000592685,90.0696464345761,17.54015092420645,5.0,0.0,161.87494113197795,0
16.049727726487845,2.5972989266662125,13.033655924128333,1.0,0.0,142.70769200499893,0
7.992787236347425,21.840390365979765,8.738413106043353,3.0,0.09392049429676524,51.953099336116765,0
342.89595663623373,81.70471364647426,23.624368608097654,7.0,0.0,185.202769591951,0
9.039896552763798,57.2099305432085,5.631131279811495,1.0,0.5,61.55429278721169,0
84.84619448813923,0.7201482007480777,19.851763180538587,8.0,0.0,172.65044084184115,0
22.372229721702155,21.697514742070673,20.089446176474645,5.0,0.0,130.82190092203473,0
38.1655045627822,1.7337509783316953,17.18500209988921,5.0,0.0,75.27069889564402,0
10.412027108899736,11.614868102307021,18.357528672247625,2.0,0.0,136.10951191423408,0
51.707259894556515,5.443338722962295,17.47702010525056,5.0,0.0,189.93693855158406,0
257.53033638785024,63.43814693399792,16.9891267166894,7.0,0.0,113.76002773946612,0
381.5657125652725,102.67314994125928,25.25730297408183,4.0,0.0,238.03849524772914,0
1.4169800697195711,12.606182404354207,22.767550261369454,2.0,0.0,212.63018806617222,0
9.835585592010965,47.64289122298638,1.0470193100291993,1.0,0.0,104.84532379105141,1
26.789530543176028,2.257874209561173,18.148731071676906,1.0,0.0,181.37847210879093,0
260.53984307898486,81.08141118837382,20.448280035995026,3.0,0.0,136.8125018200118,0
11.17414539061228,64.96387703515302,21.1921590136577,0.0,0.5,33.063191144978276,1
272.99404536037355,48.44985201122718,18.381501963069116,12.0,0.0,53.42450811291317,0
119.85239141578285,66.03360377993154,17.536827508977062,6.0,0.1463345834419491,43.4946601536498,0
65.10129144140893,30.324235870558795,22.737653340586196,5.0,0.0,121.48422255157593,0
273.2168960246048,100.3799479921114,19.354618649283402,1.0,0.0,161.34744159643833,0
405.273972234347,119.99968652072455,19.726257946465616,7.0,0.0,188.83076921033697,0
2.7840529887812018,27.74680719454888,14.408599553820881,6.0,0.0,220.54274844770327,1
341.5250241025453,102.84838790513972,19.226396399476393,5.0,0.0,158.33860973783993,0
9.626083441219293,7.123525621777901,15.267069705954889,1.0,0.0,180.25243883091167,0
84.29283119847022,5.8501094432917355,18.040279000345805,7.0,0.0,125.57713101709511,0
20.264714923799602,35.07183185880072,24.5744831709808,8.0,0.0,134.83177654957376,0
134.7464203544247,54.206851438389634,26.41980243646413,5.0,0.05102309110758385,94.59938618885295,0
13.578128815901671,31.23490690957489,23.62333746577878,10.0,0.0,185.42741481028543,0
24.066618744893773,17.22289641599491,15.2793086954211,6.0,0.013309206518367422,40.93487467285848,0
49.765841740740484,27.28022524182851,20.05521239848717,5.0,0.0,113.84138291918092,0
6.6142523401764635,24.076070530618026,16.733550851231456,5.0,0.0,104.18101929662177,0
16.70983554932177,92.25700311191518,20.106589141357205,8.0,0.24471963697626353,137.3214196849459,1
258.7477265764594,79.44592700812956,8.255471695449113,6.0,0.449846597611141,55.64378161458762,0
221.03833767141816,73.44748216812425,10.252173417341112,6.0,0.6264643656593796,34.26086343586451,0
81.02572378192333,7.720550585269244,13.26563863481052,4.0,0.0,175.7582428763746,0
215.0434265043034,51.90451984133453,14.850850554691775,6.0,0.0,75.19261683147123,0
66.53760540897778,14.78997963694658,20.23963994825543,4.0,0.0,209.09098127754663,0
18.081762410207205,14.18133338186054,15.15984240224343,5.0,0.0,71.20327186682982,0
340.68149014247905,64.56591324802011,25.83727011639123,8.0,0.0,199.9529780815066,0
255.1137152869505,70.36075384113249,14.447556423728493,6.0,0.05126145156863404,116.99528299861419,0
32.86800887125594,12.905222792906997,12.91093171467178,5.0,0.0,99.01065346001158,0
218.59846953303565,42.60221144744197,11.343528042510206,4.0,0.0,160.64294069134166,0
60.55850382130239,2.4202956118022136,11.007362742952054,5.0,0.008423968795897907,118.45998594348353,0
428.24825132688665,109.64626761915791,24.1228845382916,9.0,0.0,180.2259748083685,0
6.293766026612801,28.87378113359116,10.904686877404902,6.0,0.11409735599672621,55.04660688013197,0
194.51830506528444,37.650790479808975,17.621241473631486,3.0,0.0,177.93023337005752,0
167.90983013777435,43.60820177043682,14.705736500616755,3.0,0.0,109.0934503651084,0
18.542421113057145,5.4826506252054585,15.799447245358149,2.0,0.0,169.4461421337964,0
297.5001622244679,87.56907997395511,22.844304032129035,1.0,0.0,230.8542805819257,0
264.39620405079137,73.93436230211836,17.195955221342103,4.0,0.0,139.8363650907369,0
8.615888937074999,29.188268409260886,18.294989022479555,6.0,0.0,106.49479072958124,0
5.6112258543161815,46.847619684455054,8.4900214497194,0.0,0.0,116.50703323679842,1
332.7766814471305,65.32948742853462,26.80175790792193,6.0,0.0,234.24573497309726,0
297.65327243105065,76.22958624933281,20.666991146775153,7.0,0.0,147.25079702174438,0
57.04346610228811,21.7990232362391,13.797160496198359,8.0,0.0,114.16027732958875,0
121.31073465618226,50.48785860973034,21.898253935119875,5.0,0.09109487913144554,114.78680717463946,0
68.57631304676514,33.362700169341025,17.80139441873792,4.0,0.068437180691097,64.59164268635665,0
92.61700769040924,5.675900491635886,11.972470251298075,7.0,0.0,73.69605915655954,0
61.04872338947966,13.70031042483118,14.674426345843125,3.0,0.0,129.37664204916635,0
375.84312538428867,102.69630500655408,17.548599817056036,7.0,0.0,153.04664792299985,0
25.521758388283907,27.71770593923422,23.838616496626035,9.0,0.0,43.592967911251954,0
14.47241120409069,28.576211765033648,18.091979902425834,6.0,0.03599494734108222,45.00739503002141,0
50.49334306179447,27.62727701442627,1.3863439360454342,12.0,0.0,214.76668227042137,0
341.95011522632717,76.76511684132177,25.848691760379296,9.0,0.0,161.64010887801038,0
205.6000626398905,47.89689736245148,9.953643588515664,4.0,0.0,139.20987020136545,0
373.1349042942793,121.44051120359836,22.44810148868839,2.0,0.0,186.03907039078726,0
54.98927317303115,0.6515469948516213,18.696756218821683,6.0,0.0,180.16701732119634,0
0.38517072062749946,40.54202865921832,18.175459613688243,9.0,0.0,92.15435445151509,0
46.073749656403876,48.64983103701236,22.09787168579555,9.0,0.0,55.26321286676071,0
343.15144994402976,92.60604999879796,25.214120495494143,7.0,0.0,149.3044417367965,0
157.98469585298824,17.020633459873636,4.440188194563888,5.0,0.0,71.23914219791553,0
18.806651600324408,16.561886170189965,14.942602118881682,0.0,0.0,176.35925411031673,0
286.0497723529959,94.62342263326221,21.931515386261108,3.0,0.0,132.2431616598695,0
227.40512377192746,41.05021787283943,9.517843853479762,7.0,0.0,111.91410800621239,0
54.50118512730381,32.84470863000874,23.319354641211984,6.0,0.04342645582888005,65.74982455164454,0
28.17000524806465,45.59835865754462,4.834357480255692,7.0,0.0,102.06226134376243,0
297.42562311125926,79.15643417897104,19.70673219505172,4.0,0.0,170.7260652591343,0
54.59802525821195,24.298491906134537,19.438955591778427,3.0,0.0,114.83875820929892,0
157.54725925113104,46.96617403468386,12.57773929377974,3.0,0.1370203909587811,86.69070374789155,0
353.3936315588986,80.71568597502775,24.960572698987672,9.0,0.0,172.67969724206063,0
36.10328531996892,47.540850233148745,15.292695003733067,7.0,0.0,49.72315395023598,0
21.68422219764315,44.73426325918959,26.397067682976886,11.0,0.0,139.2359976284696,0
257.3646248028833,82.96998119055695,16.883092998365022,1.0,0.0,156.25400848567375,0
60.207453837675416,28.76452075452103,12.810491248383748,2.0,0.18854011343310262,41.98727581010773,0
217.25623623024944,57.235342158884414,17.200573855602848,6.0,0.0,59.20574456693104,0
87.3385004245279,1.7098454779977459,12.614385276123413,7.0,0.0,85.90939129939068,0
63.13468045504178,25.80939221555159,12.410019141994415,8.0,0.0,64.3920343539776,0
264.5340269391138,112.00011510928084,14.563034564107555,0.0,0.37451273575431854,138.4120468289881,0
84.84007382773106,60.1527867381395,10.736664177966741,6.0,0.3734384052241497,112.2870251322087,0
18.58872019246961,13.352976745088746,19.527551944239008,0.0,0.0,257.42527783772954,0
122.07320476598304,33.642058309492725,17.636740397217338,4.0,0.0,230.97815413544606,0
260.9913382330661,63.63224322880815,18.171776468703683,7.0,0.0,149.4377995228911,0
37.868422680195934,99.43882184206984,9.182233145964293,4.0,0.5,213.52846183348942,1
38.76759343789345,15.336565771040572,5.257341438636004,2.0,0.0,152.06798553733367,1
307.1880575574295,80.38237542699837,22.873274750860688,4.0,0.0,209.65528331640562,0
332.864013933533,90.00480531790004,20.561325720639054,7.0,0.0,163.04631124232645,0
91.18808020109378,51.248716322499774,20.237665337526664,5.0,0.08743686276559831,34.10030180994991,0
128.29351796156115,43.34858234126788,7.665404019462256,0.0,0.0,172.72406685750764,0
10.005703371759125,40.63321900798506,8.323677428378286,6.0,0.04849488973880245,51.672150984209246,0
5.916155045544059,13.370429845744397,18.54894306627095,6.0,0.0,176.15196765864218,0
378.16465171845726,93.20186493530164,22.809431132228575,6.0,0.0,235.0005625288894,0
163.99284596857595,15.86542926424881,10.19810082325823,6.0,0.0,54.882950280802774,0
260.4486203706974,62.36046100370441,11.573741635157916,8.0,0.18660502712500654,114.77551455206213,0
39.13749474929676,28.902414659400748,29.96713937707877,3.0,0.0,226.25342356337774,0
348.8831978542285,92.78964970505953,19.456484554347956,7.0,0.0,161.79793071276856,0
31.267885326934916,31.333982907870244,15.261681039698143,4.0,0.01045042977248134,34.59864174543675,0
44.664990590288724,7.905313080591636,5.414556394169216,3.0,0.0,175.27189300642863,0
46.232760072221524,20.204627556746928,15.297320434875495,2.0,0.0008019932355273207,97.75341256321775,0
88.944330221082,7.796330901650521,8.798148935844052,6.0,0.0,55.07424111827989,0
439.2712285624072,159.04806400796727,16.95032989899775,3.0,0.0828480107688429,156.29043254166436,0
266.627858516557,90.9409845486079,7.313953942404142,5.0,0.5240383967497194,73.45072675161268,0
254.92808033238163,77.80945571870356,17.641011852065958,4.0,0.0,133.95542434303033,0
142.24984059881476,68.29293695298661,11.766119676498136,4.0,0.2095485152625272,74.88532536504238,0
372.3547966949516,114.78615292313215,19.71193497131356,5.0,0.0,199.5227157946967,0
13.976162697293823,25.292113633977834,21.294895021111103,8.0,0.0,123.3141228231128,0
315.6121874324461,71.0255557090411,13.904789471764794,9.0,0.0,137.08998147416412,0
100.0205733704532,23.544650730034103,11.428770717502882,3.0,0.0,227.21550278727042,0
244.82476081256496,59.68049650080286,14.172749710428304,3.0,0.0,153.0957769914999,0
43.150454924579094,12.873419273212725,18.15370600482008,7.0,0.0,133.19893114174798,0
15.875732445799116,71.99024410064166,8.919379799015717,7.0,0.42284579911581743,193.00031499526372,0
240.53565868021465,62.835110521685046,17.326823231373865,4.0,0.0,138.53630094252236,0
341.3637610971215,93.02466370151889,26.232013841492844,5.0,0.0,184.1976140542983,0
11.051758290457634,8.23862254275496,12.57785930670094,3.0,0.14493171580250358,34.606915916305084,0
330.6674550767692,111.62953352391887,19.40740697685444,3.0,0.0,138.4254968816544,0
59.005344567837824,16.45584898380011,19.612406746659687,3.0,0.14510774370195512,108.24724538218763,0
86.81743276327461,47.980482286752476,18.042801771381335,1.0,0.0,323.46357024352096,0
37.05894244568407,9.828482278556795,12.333401106803802,2.0,0.09875629868172658,194.74652203700765,0
364.2571022314167,118.21030228023965,20.46733479104486,4.0,0.0,201.16593979868605,0
332.4272255962341,87.05583293224875,23.074953688896706,6.0,0.0,177.8362940837747,0
288.7706361989452,94.33439350778752,14.531386990804503,3.0,0.0,117.81008286159606,0
25.176887885047265,18.575700615610003,30.49696702992547,10.0,0.0,252.83245137401815,0
247.72581525075037,86.16041643544166,12.707871863560545,1.0,0.047320046952627426,104.16876180034686,0
197.89601157050748,60.48612376088509,11.191660670993619,4.0,0.2288151258296508,86.86489543116645,0
236.0984263282803,46.66129010835033,8.19566389020754,9.0,0.18592931327520412,57.00431031730305,0
395.37161138950097,125.52675133575534,20.69128626111781,3.0,0.0,169.17453943309172,0
274.85104088287005,71.35827600768457,18.48089391829208,7.0,0.0,117.49140779974076,0
187.00839662252582,49.66541668395421,3.3066683266182206,8.0,0.7311624933587964,81.13429168750042,0
97.28439184955349,26.96808385954874,12.693385648867155,2.0,0.0,141.44860798229095,0
173.66695266806968,44.688788575700464,12.166484144514289,3.0,0.0,127.36398976010315,0
281.59545891213304,69.98330231973148,22.76697455290741,5.0,0.0,197.75161849118984,0
153.4476958902174,32.693775768852504,13.53239342370994,2.0,0.0,113.17868037936842,0
8.167196288492889,46.01157031244108,10.650297374196011,7.0,0.0,108.64806642868108,0
26.250573454765515,23.945543850859863,18.3104394539736,4.0,0.0,85.06822886662957,0
24.401077833520446,39.02235155641387,13.005188577516254,9.0,0.0,102.04139628591403,0
52.12398675786434,4.384541825665934,18.526626002079972,5.0,0.0,121.57460384957417,0
45.900701417233975,31.45142507194837,21.038123414103683,6.0,0.0,153.29520473672545,0
29.53805276705377,25.024297500754457,15.898483288103103,5.0,0.09792744928882902,98.43303536825066,0
215.65935920833172,51.46284021949734,11.738533662168336,5.0,0.0,56.301001413056284,0
97.63388670527578,14.313258608758261,27.272743670422763,2.0,0.0,184.0411885823297,0
169.80882804151935,29.302294873872494,7.749389162214049,8.0,0.23187276974587762,61.667610137649575,0
170.2205307435479,26.01350926865684,10.890668674765863,7.0,0.041947335371086636,63.87070356730423,0
32.175651117304895,32.22002868757697,17.916863927148533,6.0,0.0,142.0086476415838,0
332.81484879481485,92.9575132004836,16.50473065831166,8.0,0.0599753136624529,111.74234557357957,0
313.3775977903658,75.49818770195951,15.019944911754923,6.0,0.0,165.63422450182517,0
20.019261295142435,43.65036189496671,16.505450830255725,9.0,0.0,79.96386241502726,0
32.32623458095094,33.921835213746476,18.28470664473611,5.0,0.0,106.1727649165963,0
88.61458142764285,22.74980781908929,14.67362236584619,10.0,0.0,125.85544092377864,0
206.01529531449341,64.60986663776875,18.681669212893798,1.0,0.0,178.5621620614845,0
11.137964650882555,59.63361281715329,12.183887341258744,10.0,0.0,187.43738802162977,1
325.0122702477905,78.3865362665388,18.52854174970019,8.0,0.0,179.6213646809946,0
50.21430332837494,10.028709147878843,16.82030977461455,2.0,0.0,215.08433349251655,0
32.1198178290727,28.22882598441514,4.771447557220686,6.0,0.0,109.08283052368836,1
297.10760025244076,81.24248951698732,18.03094364297956,4.0,0.0,160.87936230719498,0
317.7260194032533,107.05644404084923,19.26891370965179,3.0,0.0,153.28616347455204,0
371.95129349683793,88.05026882737943,24.131779937494585,10.0,0.0,153.6063664723615,0
204.38629964952395,43.50395230762879,17.94985159425481,5.0,0.0,154.4759884437774,0
234.61904140189935,71.84743882143837,14.803718222380702,5.0,0.1284033393525249,108.67182124516012,0
34.01599242313698,48.21874151347603,13.94851807753774,6.0,0.0,51.466195856478464,0
396.9376825957304,118.9190236219271,15.405521171747067,8.0,0.08766592891905572,91.72440840692406,0
26.89779218684318,89.67737795661301,18.045317714325925,1.0,0.5,92.92629423115679,0
416.16031842629775,133.68336152929817,28.294401253027257,5.0,0.0,195.66931618217504,0
3.9609643878137444,52.14986829867985,2.109244736968453,3.0,0.0,61.689678506346006,1
6.278544002959437,57.28805634371979,15.292991935201455,6.0,0.19564897975179674,95.15861235711579,1
172.73536005246658,29.745110282463383,11.720618357060093,7.0,0.10529023232700252,79.50570763308588,0
368.9793390611163,101.03392923405306,23.345349650345867,7.0,0.0,183.19713762227363,0
281.8883066173894,60.39534004135249,23.85657514126695,6.0,0.0,190.69462127113053,0
365.2658902938569,119.593462411541,31.15724833495186,1.0,0.0,265.52283859405617,0
82.75136543838948,42.67547074848327,16.289457672662046,0.0,0.0,210.19542401453947,0
272.6633026255254,67.14653200910894,14.916522853406608,4.0,0.0,155.36773158174833,0
13.739237695209383,46.18014462293375,10.998292533029993,8.0,0.0,118.87638157991799,0
369.8320635581369,126.19148581610013,26.740183876733425,1.0,0.0,241.53515069254956,0
258.75729283394764,44.88398793491051,12.440319111112794,11.0,0.038167705002014884,99.15819954872278,0
49.16227509262157,2.0989345434835585,24.08359834338016,2.0,0.0,210.2406428040431,0
379.4504526219417,122.18044134969787,21.401951979000298,5.0,0.0,133.18476285004596,0
23.09360222525307,67.8226141612403,11.73770456325426,2.0,0.5,181.28230153594535,1
331.37656975881254,93.60018080462933,19.250670842286993,5.0,0.0,179.78398720559156,0
42.836614278215634,44.0409797023522,20.98538538723762,7.0,0.0,73.36803261586748,0
24.385085382030987,58.32406859718472,14.20088166567129,4.0,0.0,135.15246920604753,1
6.9270944604400775,32.399919569600904,5.535938417717426,6.0,0.0,77.17569926256353,1
116.5425436710654,29.20065922873227,17.1009620658549,0.0,0.16810954064490397,115.83166499614262,0
19.66237541265835,42.407683166607924,16.256760269776464,8.0,0.0,92.1551495246637,0
40.27061122152513,46.931470853447266,14.51677627129898,6.0,0.0,62.985430609611484,0
18.175474057850884,4.194004577395958,32.67613341675984,8.0,0.0,222.68670184223353,0
262.3645273680485,102.0269576057541,13.60136601865165,2.0,0.41932552457751904,129.02100286255813,0
240.78938213944636,65.25811202565704,14.979546650765126,3.0,0.0,131.17899696357426,0
33.745255979075736,23.715665921121847,13.566517990255532,3.0,0.04376052808498898,30.43563914215562,0
49.737106423398814,7.906189279221092,23.286690676159292,6.0,0.0,200.5402141786824,0
277.23787886329546,45.477193004727454,19.5796218404666,7.0,0.0,209.55568051842891,0
331.6376609431058,73.3956855340026,20.562815971776175,7.0,0.0,151.91890795577035,0
267.96191654825026,55.046793400903674,15.575707337861068,8.0,0.0,120.12625562248917,0
329.5601656794795,107.66360311654108,25.109677327570207,2.0,0.0,193.34476039022695,0
116.82419956542759,23.402207463271903,20.173303385656943,6.0,0.0,212.86296926200677,0
375.6261118812693,117.6955288836619,18.999436154214553,5.0,0.0,145.2965648200004,0
331.11772145268213,84.8999604519754,19.416633447793757,6.0,0.0,163.096890885307,0
392.75872789236195,128.42533585833647,23.889273692956277,4.0,0.0,168.59599674494302,0
139.96676223277115,11.285500087063667,11.384526692307428,7.0,0.0,45.3072360322402,0
44.53792575316939,20.43253053268125,15.755423092076576,8.0,0.0,104.15448518711925,0
66.45572357727573,9.393569233693583,19.14338778240334,5.0,0.0,188.15320549496678,0
85.30744626603422,4.212480709495839,21.500109665412992,8.0,0.0,250.5482135180311,0
223.61598325898245,38.70884714968522,8.04647275800568,11.0,0.4185737852755458,68.62464622826523,0
305.46634749739064,106.36568426316938,13.585958178663049,4.0,0.28860246375781484,82.26834033087266,0
239.72972436553857,62.388379012509475,15.803281818558105,6.0,0.0,98.85943233704512,0
273.92683805829745,87.06330624205569,14.29259008840084,4.0,0.10459130524062482,89.63129783243738,0
186.2875418921063,28.241502268645753,9.959072464212293,8.0,0.0016387859021819717,37.21334744631513,0
64.25231792005118,26.266537333361377,17.952526921925944,3.0,0.1521828263960267,78.82282410050138,0
6.439002496717432,46.17028490750606,20.142363753541176,2.0,0.5,93.59866875026594,1
28.794065597294583,27.70761306258145,18.365544982902485,8.0,0.0,129.24826949028366,0
83.2478950840732,29.005145616148283,17.329348010240423,2.0,0.13786277371884353,101.277039782343,0
67.55607333315282,36.73276778656445,16.261818426851416,5.0,0.19056141148189254,96.3415154775767,0
278.2715058314294,45.2886699223504,11.854377827425502,10.0,0.0,92.24039924895624,0
332.46062609341027,73.20038111674765,20.72142888946512,7.0,0.0,201.20667491744183,0
17.243584196699267,70.58325315281733,2.2184487281782506,2.0,0.0,90.69404003078073,1
56.0551336602857,13.03602929628834,3.7426391346337553,10.0,0.0,122.63214001165264,1
312.95509538690396,81.48992299308645,17.967314032727597,6.0,0.0,173.3151257451631,0
15.373815411804344,37.58732475453783,20.907978989004505,8.0,0.0,103.94870019504971,0
32.705526577988316,44.617313139437286,0.21993977267218945,10.0,0.0,181.64035789174844,0
70.42644587545169,21.46139191946677,14.898911832389919,9.0,0.0,46.27138142342878,0
79.96969127787727,67.21754052379488,17.897856334323365,8.0,0.0,51.97425784338654,0
12.686869099904719,46.323218604012595,22.396234048954796,12.0,0.0,36.86434697752568,0
75.42398637603267,39.39853871341191,7.273116933123569,10.0,0.0,36.09949288481441,0
37.5069772986314,31.0014650792978,14.022140018009281,4.0,0.101217904629824,53.53523565889891,0
44.195891451552626,60.99736005340348,17.84691759634724,9.0,0.0,27.940697197806834,0
303.246849818059,70.61811076416387,10.951427369559656,8.0,0.0,125.25727914087528,0
24.75933325447835,23.40729083668002,22.789152433405356,6.0,0.0,120.36572195814666,0
17.765839844069333,7.023837621494387,3.3500584142553897,4.0,0.0,142.77808228740804,1
308.3561394444645,98.93062969007187,16.691125622828928,4.0,0.0,112.16754409274273,0
109.59013689787679,2.2424631991881903,8.84425967902351,6.0,0.0,50.15652295904839,0
62.70324540639768,5.679543908876738,25.996908413640167,9.0,0.0,222.7595197804629,0
2.9131154214074257,17.043568005876807,25.66571339932735,7.0,0.0,126.28655334777861,0
299.74406330886353,82.7213646098825,21.005803261539313,6.0,0.0,144.45308248004412,0
117.2437072634951,21.34901876729876,13.26192207208998,11.0,0.0,42.08689100799075,0
29.721820119406516,20.621676292399556,15.963881009122623,3.0,0.0,68.81454978855655,0
279.7363612572814,73.60732712983162,22.65161750740222,5.0,0.0,155.67637684490106,0
9.515319176948537,12.350271859892857,22.427874246157945,6.0,0.0,233.97883953172175,0
22.922502550046055,54.09576619878672,10.017654064148424,0.0,0.5,179.48417967774492,1
362.70349817734615,119.99554658737236,16.707204898484175,5.0,0.07852308840648853,132.89323632401988,0
5.370446649235859,13.619475283531884,17.433378128528304,1.0,0.0,181.253278574796,0
226.86439331752237,44.329613048935684,21.37960061593027,6.0,0.0,129.816032292238,0
47.03102165275814,35.18969390874534,23.661416986207083,7.0,0.0,127.35311446982266,0
80.39665776480533,2.413119025889536,8.287967128645985,4.0,0.0,60.95152901623638,0
15.378199517152979,31.310601897051846,21.48744592681662,8.0,0.0,87.96636279028033,0
48.877361240045204,64.77748503783738,12.684562006288212,0.0,1.0,26.50737286704075,0
134.6892456277349,32.92732855182379,11.505181481320523,4.0,0.0,186.88755791432482,0
60.669711188278285,18.61834614547959,20.9446407341442,3.0,0.0,160.8344260593153,0
295.7997466849567,79.45326852112079,13.922979108583585,8.0,0.19358415644210347,65.63344777475021,0
388.457826218946,117.37280702026666,24.96266717162582,5.0,0.0,172.67661172958844,0
2.9878721892967945,26.912107191729184,23.804881227875285,8.0,0.0,130.38062834583903,0
3.856631169549237,54.349940116235985,26.784368230187994,3.0,0.15391231373528202,133.3450927163746,1
222.76390601415886,45.86647322981724,10.129235760932637,7.0,0.19979185744887873,130.24756510551612,0
294.84159082452055,59.03643901276956,18.150287674648162,9.0,0.0,124.12048819524482,0
346.2139168276327,104.03202987508135,25.229993078872866,4.0,0.0,175.263875171991,0
9.560110509663218,16.096574495592122,16.265094334013412,4.0,0.0,129.54862849530605,0
110.10507082372922,3.482749680586572,12.262943880432553,6.0,0.0,77.47790448375243,0
10.578323171158658,12.268673565101878,21.588488264299276,6.0,0.0,143.18135109707498,0
18.460739644400817,46.326720103298214,13.401639316064696,8.0,0.0,72.84464418380333,0
13.82285088875389,34.123196510298996,12.571342387054031,7.0,0.0,28.91512264504313,0
260.8438394667761,75.63574760334056,21.431595064657433,2.0,0.0,193.49388748571715,0
304.6245808244289,97.19872535604247,21.76480574878034,2.0,0.0,238.61536812394814,0
15.476202164366773,80.33672492091219,19.93942379845782,7.0,0.18813911227014812,169.8730544498426,0
32.33551560651112,15.392338843596857,12.874923239735878,0.0,0.0,160.3678779415226,0
0.9352241108964989,11.874275194159239,12.450526181487305,4.0,0.0,128.54026108491297,0
15.232518786975604,0.31885566366314677,16.410618950426798,1.0,0.0,139.00309629312954,0
38.30740698966434,27.75430788791576,19.66155252771783,1.0,0.0,220.0436100148198,0
285.66084858263946,100.00702687115167,14.284202630578209,1.0,0.0,116.8760210259735,0
41.9763054668568,63.31060979975008,13.838762280875477,8.0,0.0,56.034831614500185,0
260.021392905257,78.90300440822114,18.471640680358632,2.0,0.0,231.22975913779766,0
235.4950640722292,82.92609076009505,13.803839382739705,3.0,0.21140467501138033,109.28972642217379,0
139.5455191826165,29.057648434987744,6.900060204620589,4.0,0.1372362630305618,42.99567638272883,0
362.016169804456,94.88304531938246,23.974255648250185,6.0,0.0,157.96314717379073,0
56.1560622011308,17.88063468536439,22.124707534476045,10.0,0.0,127.97902384271882,0
64.73330382328213,32.50736305834879,15.361406961517151,10.0,0.0,81.81075840408693,0
254.21653835326632,62.79562122720147,20.264907766753357,6.0,0.0,110.3673307138599,0
206.57768243792987,52.0771998354506,18.546213143949828,4.0,0.0,136.24070134086708,0
264.72528185471725,75.30702453732488,18.222039338080688,6.0,0.0,111.06943887898129,0
132.35144333415946,15.62504818836758,7.653078541356958,5.0,0.0,85.60432208614174,0
328.4356835603777,85.97936564488738,22.119249077482532,6.0,0.0,197.92436099842513,0
433.4197811975426,122.24055488148166,22.94779312142989,4.0,0.0,248.9817063308621,0
14.763372650237628,16.693234289283595,0.7598094416408543,4.0,0.0,123.07482972424279,1
86.10887133561552,10.623485884577747,10.370898729326797,7.0,0.0,85.44479852821192,0
40.991904946581215,8.108718550228751,7.310908113884166,4.0,0.06258591424457771,58.25050204548463,0
19.05175573971113,81.16038461414449,17.224298078293135,1.0,0.5,99.33573374566863,1
16.40070248221356,31.36371016689032,18.25495914811455,6.0,0.0,68.44067266165632,0
296.52113706269944,65.64735906766174,21.0471699467468,7.0,0.0,135.09847037342706,0
53.56214696749666,0.8997175799415587,22.964274445227034,1.0,0.04729689074663723,168.77989127127864,0
260.42487103553805,75.08103312169696,20.63532413403054,6.0,0.0,138.8737403451254,0
71.2477292886174,6.443353407674408,15.880375946643902,6.0,0.0,98.34657516247668,0
9.908198152065381,25.03684202191934,18.37898805918561,7.0,0.0,148.18051300828756,0
280.5844953813011,59.71766952017867,20.808362676899275,7.0,0.0,166.3657938579002,0
325.67095793169824,71.10758520206781,21.450254666703344,8.0,0.0,178.63482988776795,0
11.796894870396216,54.085022715638644,22.46942177411242,13.0,0.0,67.57174867069216,0
276.1700349616959,103.49488845512057,17.707158659521752,0.0,0.0,154.0253128449592,0
34.102122560848144,24.705081372569097,18.09262891344494,5.0,0.0,123.53733819346904,0
76.73659824909066,23.37739597898352,17.182091184227467,3.0,0.0,186.03029524380798,0
9.058190536743496,69.22620722159208,25.745230643634386,1.0,0.4982180972161143,76.63062555452991,1
140.4929622952728,14.280451421224974,14.224391255138627,7.0,0.0,142.72973362664297,0
36.6236842816368,27.652541453321007,8.669458315718167,6.0,0.0,73.14065951519194,0
69.87543577207586,0.5021111479175957,18.81122633684768,1.0,0.14686243830067192,187.37926515573832,0
3.102679688888472,24.68735771109779,14.961176406398998,5.0,0.0,88.72044423573746,0
328.50253780134574,92.6521483747495,26.911450624514615,2.0,0.0,249.38323264612958,0
370.17689101402533,119.00703781034514,26.366396098569936,5.0,0.0,198.0057028890089,0
378.41006349390483,111.92523113371267,21.813649326055412,5.0,0.0,219.69705482831364,0
138.46237069974518,51.52276281230256,20.68717618827982,3.0,0.0,307.08511631610804,0
17.519232592924144,92.70394796551452,16.1843310439223,4.0,0.5,91.66890991658008,1
4.384576786593726,26.042804525253146,12.2600234299133,5.0,0.0,136.49843289457135,0
377.7482064957759,99.00491732715473,20.159218731917242,7.0,0.0,192.20043629457942,0
272.60567144040874,47.384511322304405,16.166875479304817,10.0,0.0,116.72216382373875,0
180.43283688898578,29.86782886260113,18.819384665345005,9.0,0.0,285.9148777418818,0
308.6795884647437,87.63717585715551,13.80501783392908,6.0,0.07614550387928637,157.30732074278725,0
150.97603366451344,54.17286801586913,16.83444555278964,2.0,0.31937596487283054,33.85612599529276,0
34.12301469282507,2.200076180015216,17.642857971912527,5.0,0.0,172.14317053441198,0
318.70690441279316,84.7172970941144,17.74950773752349,7.0,0.0,183.97024966277453,0
62.84903129583425,21.864215237820154,14.98574437356635,7.0,0.0,45.50942241439933,0
312.6261765928302,106.9416353837566,17.4286911062544,2.0,0.0,115.933966674087,0
108.0793343354718,54.79146655307487,21.054517724862635,6.0,0.0317029708438511,78.0980085478653,0
167.13569848659594,24.436035312737864,16.219136195704177,5.0,0.0,130.88228222496699,0
87.78102873138981,19.529910317783465,15.02518130395177,4.0,0.0,187.27386328434295,0
291.61847940952447,82.57124718243651,21.734414445037178,5.0,0.0,142.21098115999297,0
5.605248403412972,26.559711466075306,7.953072177849471,4.0,0.09839908454370244,53.61791569686709,0
64.94539769609767,53.57084647249637,12.686486531597478,5.0,0.06377793746533567,74.16770717709853,0
301.26575373377864,95.72667636317323,18.15215003545208,4.0,0.0,148.57039863872168,0
209.18895575153593,67.93303754715075,17.28914241756831,3.0,0.0,97.67784240642061,0
272.7020572088236,86.81886790580313,20.108635272043006,1.0,0.0,189.9606861222538,0
26.23924817411867,13.011766414973756,13.79775586178988,2.0,0.03848510037623748,147.60301397325694,0
306.8373808235494,65.0849249699153,20.335196682716816,7.0,0.0,182.42501654664662,0
282.5100785898053,78.18244661002652,16.14911146263569,7.0,0.0721514496496431,139.69713351872716,0
350.4016265424241,88.6859180547007,18.735668002700056,8.0,0.0,137.2198557742566,0
69.1078105609237,18.959851678633015,22.512679818799317,5.0,0.0,237.7176603853205,0
223.12588999131611,89.11599031948508,13.841411337217822,1.0,0.2511649840617731,121.19701588439466,0
234.53693333113966,68.26893964273309,12.539646576646074,3.0,0.0,138.46917315008318,0
17.08900928643675,0.2962853588160428,7.666178117933693,1.0,0.09014252835996156,64.76996936187304,0
233.69218682322787,81.741123562817,9.989796860149424,2.0,0.219252513122481,96.14617843616472,0
347.7438882482916,118.09838927673553,23.76631581571592,4.0,0.0,182.23592868341836,0
0.1438352485173766,43.84009169493618,9.539995077888584,7.0,0.0,41.75137969431472,0
23.340645174839345,39.293362207638694,14.628809713291117,8.0,0.0,74.81526586840141,0
204.11785249804353,75.66653570636211,14.846834228480155,2.0,0.1132032196992881,56.207374786653496,0
12.330917744503246,1.8104474044127947,16.071528305620227,4.0,0.0,199.12328436285068,0
299.7241435070224,43.96471788609513,13.677018147227177,11.0,0.0,138.04388189848663,0
300.12547160776387,74.45723865284897,13.298226711293601,8.0,0.0,119.90949703779974,0
77.1028205777892,40.65356780603152,17.8513007179749,1.0,0.0,288.69438999273524,0
18.692742707884193,39.184997490424834,8.21024187597581,7.0,0.0,40.69937921598128,0
67.32747767839227,7.519286252912039,9.886560444876793,5.0,0.0,52.85529147070149,0
60.272450912237936,21.603500967357157,16.578356977258608,2.0,0.0,187.38869376078173,0
75.51813178913785,21.243841920551688,16.275470671411263,3.0,0.0,200.41354876159272,0
71.34767078573523,20.351614774986132,12.834716406664622,2.0,0.03881117464215561,30.575826117404876,0
294.44294792882965,81.00340730694057,16.523272998459667,5.0,0.0,171.45047831344596,0
223.21037393915145,49.337887214408404,11.452476663416029,7.0,0.09804624440410376,98.3433138299055,0
308.1448203051049,82.91423271367263,11.414572021592289,5.0,0.0,128.54948350342755,0
62.17237909756042,30.803109412980703,13.080351377680774,3.0,0.06522500697945643,92.3185578980785,0
48.893507854450306,29.29591387616412,15.076982334367555,9.0,0.0,69.2423508552354,0
1.1794038364531474,17.317503586684786,17.88266923280933,5.0,0.0,112.48310644014595,0
164.36463884530087,70.102527909934,22.160007476186404,5.0,0.22632158021305526,41.57721471850895,0
238.69423957189414,51.82337187953214,17.215643791897385,7.0,0.0,123.93406915270921,0
326.9350534521109,72.4823817356593,15.95104186778249,8.0,0.0,142.66447569884338,0
301.8122982834743,105.44866727690219,20.443834631356307,3.0,0.0,145.9677990040625,0
246.7741069343079,66.1552030679337,5.21556110509294,8.0,0.5906847843163116,40.51424638640192,0
94.63617086803268,62.70518185007397,22.98271918200038,8.0,0.0,100.36532936599136,0
173.14327607597352,40.11211880987561,14.23708810416263,5.0,0.0,192.75475875876955,0
230.98527061844896,77.0895572637392,9.045145090626804,6.0,0.6242543392379495,65.02875997332741,0
2.7172607911914497,45.49335236723353,20.770910119909757,11.0,0.0,121.76860756273412,0
58.46562437158019,34.49458700269676,15.634218226576703,10.0,0.0,27.820399731879075,0
60.828736249320414,2.330265950337278,16.13341639282244,6.0,0.0,155.97774992438175,0
376.98411605159816,88.1814553194816,30.62543367474703,7.0,0.0,242.52643066186468,0
287.17230164927594,52.905372936560276,21.985894743814516,7.0,0.0,165.63579563781474,0
52.925847830540775,18.396302862562344,7.204291027562082,9.0,0.0,196.51911245339573,1
44.78715899633063,44.59252867816696,20.52852209562172,7.0,0.0,100.43814381205664,0
291.0707506438445,83.70800393932794,19.95384731488533,4.0,0.0,156.54547455433024,0
5.480289078392602,2.156532735418498,13.29183427173596,1.0,0.001313604567391602,123.3974796212488,0
30.018714937717725,26.018270689137417,14.306638032613792,7.0,0.0,121.06175126303555,0
79.39667567683398,62.13045842825018,21.26562557573781,8.0,0.0,97.17672040592194,0
280.45573333209984,89.47500351175039,19.70046991482561,3.0,0.0,134.64142401564737,0
29.452852124051844,60.55747098785315,27.313129198805385,13.0,0.0,141.48004276608853,0
372.84170104758596,94.63482061943532,30.474953625247764,3.0,0.0,288.5243479882744,0
344.49883132276557,93.66634378003897,20.686084559601067,7.0,0.0,174.73495351387095,0
14.25314043868677,51.87877974328096,11.045902004746267,8.0,0.0,227.46300396364927,1
187.51654250489105,52.6963463350124,9.988512424437687,6.0,0.37060234340431697,27.258697530080287,0
53.67795474351145,30.123473324690487,9.976584750751533,10.0,0.0,183.1852925618388,1
174.10387734773676,33.22360448457408,14.013616595922052,5.0,0.0,82.10919760047578,0
284.27319834436804,69.62904674884211,11.19469222789534,9.0,0.1765253149143472,81.71613672284926,0
123.49638248376473,52.4657285367465,20.752601589002918,4.0,0.09011774156819186,107.46451479582169,0
8.843830105490767,6.819938080973028,26.284826167800702,4.0,0.0,191.7167205319351,0
116.30245986642055,1.965240613613517,11.183879591162253,8.0,0.0,75.0924069671301,0
319.7805915276515,89.45112520723725,23.967726336723373,4.0,0.0,213.71632900436913,0
84.82826471274147,3.0283150594612636,20.310190434538413,9.0,0.0,172.83376998172213,0
256.6773854111266,80.04093346718444,14.334379424637959,6.0,0.22798197762871736,54.760771055385376,0
215.51080326675577,49.63208830062594,10.35853918860923,7.0,0.2097063991534679,76.60309789672193,0
52.46785768768572,5.403971954876795,16.496759084229392,7.0,0.0,154.2670855885522,0
329.8072475148696,102.08524706513015,26.181748196251107,4.0,0.0,174.5572767078679,0
15.68000327647762,1.6765058139574833,28.15843368015958,4.0,0.0,210.7029520464042,0
1.7444799243788083,2.8567292778934643,25.03890568548514,4.0,0.0,224.33892871776695,0
230.13403087485148,49.36776571571901,10.984335292056219,6.0,0.0,106.0294739336258,0
12.81825583067338,42.07062288409,16.994796920740328,9.0,0.0,84.24357719464794,0
39.66291462703495,32.03912896933951,14.358991249170693,5.0,0.13244959291719066,57.41309980587342,0
311.9096193674517,97.77453930055776,17.104761860248693,3.0,0.0,129.39282779433225,0
39.42770816633143,3.0213113195097634,28.687334819288296,3.0,0.0,217.53790938720226,0
323.6081319072659,111.82033284317383,20.266977074209223,3.0,0.0,160.35012410041833,0
240.08177807131685,47.11324607192394,10.102882311679313,8.0,0.024215253235891798,107.92784513424233,0
265.74334385324914,79.69316976804305,17.370263036736624,4.0,0.0,136.17159463462366,0
118.96062639544834,28.493324585707693,16.723705883343346,5.0,0.0,286.64815795189463,0
352.08831974511094,114.53500024186405,17.510889671636466,6.0,0.1716948944497662,109.11090695171751,0
323.0862046504826,85.15850661349856,21.29511257408886,4.0,0.0,219.41757404658713,0
57.641445179845626,26.834362310221536,14.991489052521702,1.0,0.0,122.98520302725314,0
60.69101703719397,2.121216921933062,14.950496246029495,5.0,0.0,118.78806683090336,0
53.73060987381961,12.034274661989443,10.235235072791824,3.0,0.0,194.4585071263417,0
26.05112311959195,16.879830789070212,24.89419743559142,8.0,0.0,122.25517713519795,0
30.359842778244865,56.716720848882176,12.6029892567298,7.0,0.0,86.03064562359523,1
47.48941496484894,26.240303789112936,16.339350557569716,9.0,0.0,113.24366206285418,0
42.2789753632012,27.457599606321004,5.67430695685894,9.0,0.0,183.7504647794952,0
296.55312779108107,72.2044759687452,14.701981299301591,7.0,0.0,162.36841046699072,0
90.86492390212283,9.688091971107951,21.076911297605452,10.0,0.0,143.71013978075712,0
63.16729817902155,45.397412752100024,11.93574194955813,11.0,0.0,93.98529376752809,0
186.85225511287092,44.540906680441026,13.253700621573852,5.0,0.0,108.42039475110883,0
414.23421399011926,134.79773692417848,26.9641758008729,4.0,0.0,217.35183192124987,0
29.64328322368994,5.4002213822936085,18.993065833031814,5.0,0.0,134.82342645744177,0
361.15089802883074,85.1776286984889,19.58184563957575,9.0,0.0,137.0769541566,0
19.96688496298062,2.4167053318257103,14.930852000971573,4.0,0.0,164.4365491749117,0
313.59827769353564,82.74713918732758,18.13175013754804,8.0,0.0,130.7427990350481,0
10.234353720020437,9.27601141313913,21.89068214408436,5.0,0.0,179.42722194904525,0
286.2588004062161,94.72464047948448,17.32180491445819,5.0,0.0901628093164602,96.79118733767821,0
42.40667291722545,11.19996270742124,4.5869561854139755,8.0,0.0,170.26258694465338,1
22.717952453844006,24.582102082357252,21.4155254838832,8.0,0.0,92.4831978375909,0
366.9648648293716,97.4012923016758,15.366004951865488,8.0,0.0,171.28616951549043,0
324.01963857136025,71.80949076127165,16.667674768646666,8.0,0.0,159.5315545829934,0
1.0073784068058984,43.69222956961616,18.8507278858809,9.0,0.0,64.7002000406534,0
75.34229373408415,14.776949513653186,13.916689459257983,8.0,0.0,94.46816867617042,0
100.85318583513465,6.890001892858422,15.064733085666298,7.0,0.0,143.60589488050115,0
199.722599664279,57.221859626042715,5.430310472003935,4.0,0.34692873365513577,35.410026648418096,0
282.90941836304125,74.27426526584239,16.995826508864965,7.0,0.022455894486683836,120.53020694927301,0
8.690862785364715,29.124997547105366,8.398691027008644,5.0,0.0,49.91162640284837,0
79.32930240128871,34.42685541560351,14.092979403122749,2.0,0.14372832487089854,66.45700314773192,0
73.94963191405932,42.62320753059393,14.642657139177954,4.0,0.011609373445064297,82.63676770517438,0
2.620185866084441,21.46001669868909,17.860504019166235,5.0,0.0,112.12515313036899,0
292.99785267103323,71.37290555233278,18.666319737252714,5.0,0.0,178.18522851215704,0
309.8890667703913,43.47388364290779,21.09184878309391,12.0,0.0,150.47257329473612,0
14.286875814387926,30.573722176120917,9.149228462921766,6.0,0.0,77.09582207983914,0
49.07955097324599,8.074017101683037,18.532629963919153,4.0,0.0,147.74981922414315,0
1.9857468526935236,26.36784134203146,19.728373623526622,0.0,0.0,255.06485936209643,0
380.1239265154801,121.94699077084658,18.74173033640578,6.0,0.0,127.62812658955963,0
117.21204667912772,23.93382641151451,23.075385841330096,7.0,0.0,245.98616764683413,0
287.23137810625184,73.28786994463167,20.497733736285518,4.0,0.0,157.7400947222295,0
208.31036505957852,75.57452168846405,15.89542672994121,1.0,0.07435282793648929,128.2751140958713,0
325.02815551125616,63.68048044402337,22.435570512714566,10.0,0.0,154.60796160197026,0
199.4056811515709,57.58684841179768,11.026629992453529,7.0,0.4327861903266752,45.42749865228399,0
77.42082882460278,49.599524540641596,17.390181421930052,5.0,0.0,92.17778824943453,0
320.10307036660674,94.35022107951256,16.94167306182484,7.0,0.07178085746653817,141.27441894503187,0
167.39713095048336,22.14790471375356,13.495907315972733,6.0,0.0,117.06829205554715,0
18.66181149037905,27.268964030055763,20.83159394137524,9.0,0.0,130.11609685626524,0
261.121331970147,77.594714923755,14.275598204761039,3.0,0.0,154.60358569391795,0
308.83481371286007,71.57359190199698,18.731567827213624,6.0,0.0,133.56165435250063,0
45.41316507772217,43.60412736554355,15.89336586367455,7.0,0.06771940414533972,68.97967651379759,0
305.15471852008847,75.07496747962722,23.51369250689231,8.0,0.0,145.74866827576778,0
5.905798522600136,6.240609881561696,15.356322525692997,3.0,0.0,147.30542213727344,0
353.5892042774056,100.88566036989407,28.31614692117497,3.0,0.0,246.04665779488474,0
28.02001833936292,8.1730156530164,19.493412215673906,6.0,0.0,186.53260516575529,0
3.5283475870716785,58.01573092859901,18.556785019085233,2.0,0.5,62.43569912314163,0
324.1974226449799,101.57302506766311,18.73167055550805,5.0,0.0,98.3063740692164,0
86.84103524272041,43.69437787106472,26.79723769020299,7.0,0.026057595361583308,87.93509234316957,0
280.3875974759962,102.63682509528468,20.77607065754121,0.0,0.0,144.15191394428624,0
4.515513575174712,47.905583701128826,19.444458463410157,2.0,0.41661162907125837,117.82101172469442,0
361.36456858071733,97.09058211216242,20.597992399005896,6.0,0.0,154.1323679094515,0
52.244726860988365,18.058129585321467,19.240188087279467,3.0,0.0,217.35096028611122,0
376.8875195350893,92.63259556071868,26.295403012284147,8.0,0.0,203.1631791307634,0
108.88978379824039,14.57220257105292,10.904668389663112,8.0,0.0,58.7250867111672,0
308.72874870299177,100.09243418196404,23.837859974747587,2.0,0.0,230.63120968780817,0
237.23934526360603,46.28501882825361,5.030930620312617,9.0,0.2752198947040022,62.431398473567555,0
248.48517304170764,56.224188545172765,20.63381138492123,5.0,0.0,160.70921114473543,0
352.9584300452563,126.64449892698151,14.092573076671286,3.0,0.29547971207002494,133.75143887509725,0
284.2522499285012,58.577730450519915,13.336581155093725,7.0,0.0,85.8772163092618,0
374.1252069437984,126.27328186226855,21.397092099721917,2.0,0.0,171.55183241859703,0
278.92432406136805,56.1521570666558,13.382558979956517,10.0,0.02287355621489734,113.61313962455222,0
213.8181177611318,0.3439705082811706,12.389713109203004,13.0,0.0,103.17450229124458,0
311.476650325464,85.061118857032,17.962353300337156,5.0,0.0,145.56350826564977,0
227.3645052855156,43.632410708317316,8.326540101447595,9.0,0.24700949220866225,76.09387506052396,0
258.64477749786585,58.74559085552753,17.23504352694863,6.0,0.0,114.15380147623546,0
264.4228458181049,72.08914359957316,18.54523066269894,5.0,0.0,155.07326638421006,0
51.85535719091678,12.006944420020229,15.502677536635218,3.0,0.0,178.64099553005119,0
309.81129736533234,74.1717529766258,22.273840440445127,5.0,0.0,188.65000545062907,0
17.35923865540685,72.13720626942066,14.593396954893901,1.0,0.5,90.60248665982616,1
131.4008943776214,13.151340238963432,5.828103483986817,9.0,0.476825594993442,68.35492061340598,0
367.34719965414223,100.3601337320018,21.910232083202587,5.0,0.0,206.75534062498815,0
34.912002227459844,26.47601310782826,2.566331933841461,7.0,0.0,164.86328066790145,0
48.08210423369941,74.27491936919431,12.827840176188182,10.0,0.03920578404318348,121.07531822864304,0
32.40686464033485,34.70780438236078,11.076040358094453,9.0,0.0,87.14358769599282,0
230.83926007214905,58.202791388760716,19.33768943381436,5.0,0.0,165.5764890318236,0
25.69244952700707,27.240715981500884,24.014666679128794,6.0,0.0,134.58372604233492,0
183.9223397344582,22.462895716838762,18.542186417569084,5.0,0.0,128.55387284680742,0
119.78339101120505,20.996256886593248,10.938710546442504,4.0,0.0,94.99361352220666,0
378.5771675784586,91.11617801113965,17.442222804538716,8.0,0.0,154.21686528882174,0
252.81137924296067,68.41674806872948,17.37819007555884,3.0,0.0,194.3353358525177,0
194.73996351779167,34.01746834085961,6.474421865789894,7.0,0.08801187465377985,60.41197372361359,0
17.7254793344529,85.98069656999476,18.66281924065575,3.0,0.5,78.7732350391927,1
332.84238866901086,85.48411866863749,14.007546874317296,10.0,0.1634975870424386,64.27605185399456,0
36.31774730476994,31.825285071598223,22.499988497154398,6.0,0.0,44.52472371480548,0
171.66313055582643,26.264329964767903,3.9012493850554844,7.0,0.21926425536619104,45.43199013959694,0
54.860700273227366,13.318296297946539,17.260612178480017,2.0,0.006965811166974922,184.18112568738565,0
179.75226777818267,21.66105972137008,11.666281358309561,8.0,0.0,102.0933956529031,0
318.59833428210914,103.51882616566843,12.590418220978112,4.0,0.20225320026336563,105.97175398609738,0
67.92715884363966,23.085463332901313,16.43149358187154,2.0,0.0,166.3270901938548,0
332.67027882792434,100.94596845862723,15.254934644527644,5.0,0.0,117.53982237052628,0
279.7602960724443,71.2295208378233,16.123771573229398,6.0,0.0,127.35509463175453,0
41.27706850920709,5.518799941286758,4.541213361255098,5.0,0.0,138.0478370512451,1
30.178309265727002,29.326641711016578,13.57504082720182,7.0,0.0,83.95424718844733,0
39.63557179873245,2.759258325805682,20.170702947656146,6.0,0.0,178.1082644029231,0
105.44746641379638,79.64928029655972,19.75681627313095,9.0,0.12943734140395152,101.81464550819905,0
256.8055105741694,87.62804249338225,12.1651224359368,6.0,0.40498640766047667,49.37190563784257,0
47.00457277010402,21.845253359679937,28.655858758713578,6.0,0.0,185.3524143851888,0
27.83965263793138,37.826219959155026,10.726910233917504,5.0,0.08749350788189808,28.88428129162889,0
13.634742571441834,55.793595665072644,25.625589666970562,12.0,0.0,140.91127780108522,0
256.60432030732045,64.37530606898363,9.860076928684975,6.0,0.01089984869531968,93.43930929347978,0
293.3442708633331,81.4974307055544,20.10117278616365,6.0,0.0,128.74449630130934,0
88.23222642564428,30.951734052386975,26.325981933562154,5.0,0.0,165.98995204661898,0
205.76651652034448,48.515461474124116,13.930400087139567,6.0,0.0,61.32361497633818,0
12.530387474598818,41.00090147914544,23.449884414276667,8.0,0.0,146.69899903176483,1
122.99579346750008,20.816632895658298,7.067573824012989,8.0,0.4374159263374766,79.15836238185686,0
69.18154132020952,13.49576579801851,20.010977182151024,5.0,0.0,143.97338317194368,0
367.0375936024707,90.8222343005944,13.97762410943891,10.0,0.0,111.59751107341677,0
59.726888261313576,11.18292721814506,9.71484338665413,5.0,0.0,96.09770523355856,0
382.3474378176023,109.8831822528542,31.450811329459757,3.0,0.0,271.89922087669265,0
485.49037511333023,129.21397026835095,30.618976554038078,7.0,0.0,306.6825244869827,0
402.4844343407851,117.0205528351037,19.712268460112142,8.0,0.0,125.19401978275141,0
285.4343479447321,51.702917981704566,17.022134394575957,9.0,0.0,128.22253670198884,0
175.6171681188508,30.10600017438999,9.57390833465174,8.0,0.23740656393960996,63.32843186326393,0
208.07163169516582,42.33599084640863,11.201927539677301,7.0,0.04213465176149345,56.10158206480473,0
15.394241756534813,98.51205408922985,24.561022968786318,5.0,0.5,81.30099069029131,1
169.3527092702389,57.14284078578936,10.79739110219511,5.0,0.4401978436129833,50.1312480486904,0
284.83264035751415,53.6776388460218,19.70416353633179,7.0,0.0,207.85316182237904,0
16.589104457393507,61.587156079624876,12.186395811314615,6.0,0.11671248134378498,207.38398414792232,1
18.730861402855332,7.774194686755926,6.974808799665048,5.0,0.0,47.96672645902722,0
2.7156596384178613,33.34480581940552,17.575267635751963,7.0,0.0,47.38403720247771,0
28.527675492180954,17.644279903159223,4.201438198208987,3.0,0.0,94.28195752044883,1
71.01979487278145,6.740199413551231,21.155166307981244,7.0,0.0,201.6112102931835,0
11.594439410165702,52.790139190355994,16.24136325352879,1.0,0.4610276427673621,145.8254661668551,0
69.6728427896839,29.216012109461786,14.877814459988796,9.0,0.0,56.683853380012465,0
13.01116845007742,42.79264948227035,17.393923841223373,8.0,0.0,34.525991665773404,0
219.58849994153752,75.07091161790858,16.63502937978182,2.0,0.0,111.90689593285052,0
360.6293551779768,112.17560955017973,19.08882997332625,6.0,0.015059462621223152,133.41829405350214,0
33.819373891643096,48.710846589541404,13.334074981314684,6.0,0.0,88.00490864815569,0
160.75983969852868,30.691741093094002,13.634972733962538,5.0,0.0,85.85524382365224,0
5.7046919905808835,31.76602883230528,15.646042298229215,7.0,0.0,64.16727198087713,0
106.1690761659293,21.995119584706334,13.928924994470872,4.0,0.0,148.64734255489725,0
270.6400145638113,68.69214547441976,22.07559524333005,4.0,0.0,173.14881258120784,0
495.562228051803,154.28323394420704,33.127202735850375,5.0,0.0,255.3676191685992,0
257.0539836734333,79.5325315801185,11.258917178213352,5.0,0.275219158821175,91.8104266529516,0
271.4236616454624,66.81177204103966,13.896587031446817,8.0,0.13654650182295125,111.74171089759022,0
48.90581600235778,0.5790338022169159,11.024485140369743,3.0,0.0,143.14234366776327,0
299.1230197708567,81.00450579176716,20.83448937402866,3.0,0.0,173.8328449398491,0
236.93511939944958,70.29673323064051,18.85708026631641,5.0,0.0,83.64352137891257,0
270.2716005771032,71.73922419177478,17.10304398762713,5.0,0.0,151.31869300866995,0
254.7741599616414,48.397686875202595,17.40081768494438,7.0,0.0,169.50941543878588,0
47.482544645837095,17.87713499898274,12.19787598920524,1.0,0.0,149.58651660658896,0
41.72805871635151,3.16500458524251,22.102872518491495,5.0,0.0,162.45794082760543,0
85.98972002843819,16.03618118974537,5.950493513288206,6.0,0.0,68.35091378235909,0
281.1590020119819,79.4253308834385,22.175276423928157,2.0,0.0,194.93872823859837,0
264.58078589046806,64.90356270662951,23.522369641979786,5.0,0.0,192.17895579189548,0
329.0743831322353,75.15386173830912,15.45505823031401,7.0,0.0,184.06082779834793,0
23.30394487797166,81.10427330004286,19.180432143016194,0.0,0.5,82.29973719928458,1
59.61366667718934,31.0121046030142,19.29240267575436,4.0,0.0,121.13237314030481,0
254.85138557027386,64.64038784824886,16.124850532963684,6.0,0.0,104.82403159404782,0
18.876656241429252,26.153079860552637,4.4366739656605105,5.0,0.0,109.84482247409817,0
257.6018274991915,95.86898403000929,14.693989679201438,3.0,0.35145254588630603,110.87269012867765,0
6.130759939981937,86.94132714582068,18.126874951861563,1.0,0.5,73.81732345883157,0
315.58016149731304,98.48349748645894,16.768623947742224,4.0,0.0,178.63867014221697,0
349.3668019871913,122.51222203814672,16.617061109376706,2.0,0.0,190.87741639735796,0
12.678742498386296,53.75750336906847,10.857253776436172,2.0,0.5,154.13370869625425,1
258.73270124450596,75.16551454035962,13.362719848275464,6.0,0.10825041512065459,75.23375769386452,0
213.06196970633763,43.671228143023946,9.071380343796136,9.0,0.2387888768992249,21.718102075789258,0
217.18743772783813,55.12840397931895,17.803296267321045,4.0,0.0,98.64640060859125,0
36.11371731820516,21.534319929856565,20.21683306068926,4.0,0.0,108.92569507996873,0
129.35618787511962,61.50523642644485,18.84527559028252,5.0,0.2081753154204179,49.42792787510696,0
332.8030284254948,104.26198720991037,23.14599348104262,2.0,0.0,180.56053088797495,0
343.3285658598501,74.53475227871604,22.349332843566504,8.0,0.0,177.7789236258077,0
254.7641906396952,86.00944164624853,27.03034469893717,3.0,0.0,129.7296990227369,0
79.41121722591932,4.792122615494854,17.367454966411028,8.0,0.0,128.8427107473591,0
79.79752914674059,2.6192274429501268,16.949650369065917,7.0,0.0,90.06877961874464,0
44.61221243539461,26.623255648345662,25.48896677626692,6.0,0.0,146.32465150078087,0
210.99204441717458,65.29516674909418,10.528680918689892,4.0,0.26427356120201473,106.61470707483137,0
300.86739727675774,57.62224333515949,18.705635138084823,9.0,0.0,136.5124719360739,0
40.10852142856902,12.20884323459519,0.4090005690391081,5.0,0.0,93.92076129148536,1
48.72779637963161,1.8194791725144484,21.993815030594746,7.0,0.0,155.3309076160337,0
47.55929305206837,6.141576861799216,22.390129852862145,6.0,0.0,154.0375047610356,0
248.42752138005258,58.786930048175634,13.309618212161766,7.0,0.0,114.11804028646384,0
277.2472995858399,65.4827679078648,16.54870287698632,7.0,0.0,132.26429352869232,0
16.809706856697257,79.53351195901341,17.51885601526775,4.0,0.5,142.54044290973923,1
264.1250293592843,72.38304955190368,23.796408601767546,6.0,0.0,140.71235631566879,0
137.8870057129315,37.57133795729705,3.6813406822551045,4.0,0.44527679806033293,51.38965329361135,0
18.457523162615004,79.26777592736022,18.70874617080451,6.0,0.38126542715238076,257.6008375622553,0
277.37201908032284,59.017627834343514,27.73367942317178,4.0,0.0,201.5495338723808,0
268.7129077371227,73.874917406141,18.40433799597559,5.0,0.0,97.47892555697521,0
256.5115332206908,71.23995258782745,17.353022027246453,5.0,0.0,136.55315673824325,0
29.857378675870024,28.176526369647384,25.406133183985013,8.0,0.0,172.67666538641308,0
33.78997333157112,56.19146838870206,19.207940064491066,9.0,0.0,78.1532111897832,0
92.13218835281427,22.19045450291914,19.224129990286645,4.0,0.0,173.66751370936493,0
20.460197814500333,5.392816607365262,24.41405659656249,6.0,0.0,205.53190888613648,0
32.04899596492009,44.20848724126415,13.036258638167638,9.0,0.0,60.14531151600879,0
101.15371683212949,22.98687840301081,19.579915162135162,5.0,0.0,136.60845564308516,0
207.62467665856008,44.08709564115087,21.58007854058016,5.0,0.0,169.40902853310786,0
312.00383925121696,81.99673276146876,13.158451190291498,8.0,0.1320053544240835,98.99506231154122,0
291.6360980560303,64.68008215491848,20.394331784716073,7.0,0.0,174.89341954626104,0
43.91466611492304,3.1264233280217013,22.51960240858412,7.0,0.0,205.41213254134325,0
24.44218186046553,78.02553043733323,12.779678497180237,0.0,0.5,135.7562785212341,0
67.1779153773028,6.274176557461892,17.323189065787773,6.0,0.0,104.98946125012783,0
81.41120504544853,46.938071514981516,19.531961683575645,6.0,0.021807709574654777,67.9170891920032,0
15.779818371604208,37.12886088501051,19.63671351455709,8.0,0.0,106.33029138112079,0
106.37068722331375,62.50159274695437,18.089089243162494,6.0,0.2975653039591364,92.57080906550902,0
50.84251922250132,12.009496478702992,13.74587063491982,6.0,0.0,141.81310084084672,0
35.93736492788439,34.9543571082841,7.88090273655591,7.0,0.0,49.06441002517573,0
3.350539895731986,48.236122361790976,13.386908446375234,7.0,0.12975836997882562,204.81709611527094,0
289.06980161183117,83.463769556583,13.412770594862288,7.0,0.22807739446339392,93.2645870174195,0
288.87094068672724,84.14526927940017,26.36626557977562,3.0,0.0,242.43002164508948,0
33.74992358300748,15.77849285536066,16.491147897759454,2.0,0.0,214.03321497397835,0
360.89348845279557,115.46262904522096,21.828952842722064,2.0,0.0,199.39095896489812,0
333.76159491736274,90.55510389933913,20.051159905517178,4.0,0.0,232.51435198801602,0
404.9223713400631,110.00954767011484,28.529314843924105,8.0,0.0,200.58292482570315,0
27.98460809406911,19.213825510683485,11.567810242317584,5.0,0.0,42.86521779063934,0
344.54488681465733,105.59996864604283,19.535253720569656,4.0,0.0,198.02629840646068,0
60.530966713060195,16.435767487674482,12.306327835722726,6.0,0.0,97.00714234365094,0
46.94749565605328,15.576779515705901,0.7184313694966118,9.0,0.0,148.7473767559557,1
109.30934296356236,5.988087800083612,20.273100400724253,10.0,0.0,125.47359131448876,0
243.39504680384368,71.82813669982139,11.945010354569696,6.0,0.2284217260578374,70.49380464740958,0
257.5147139546217,63.717557895894245,8.907860441137235,8.0,0.35235592850419906,69.38131270523033,0
62.422650769895625,27.80242664238098,22.214634788815964,5.0,0.0,186.27263490495102,0
92.14563437237359,27.469980611751893,15.497042799113194,1.0,0.11437363996256872,136.68616117288087,0
309.09548567166587,98.13011845214996,15.620847192565746,6.0,0.20091703506290337,66.46315107832123,0
275.40904607166374,74.7572208163799,19.89260967539073,4.0,0.0,201.70328968968403,0
131.907579435363,91.281747453788,9.542569484580198,7.0,0.8444462885842989,250.96244362979104,0
307.4618089144444,77.5417206191353,17.077667534313385,9.0,0.0,72.23639216515848,0
1.2266273902131921,56.010997407524236,13.937651948472705,4.0,0.5,46.02845621680925,1
402.62925730376,113.70125025668742,24.612370056706297,6.0,0.0,198.02755566926353,0
120.34462403626068,30.523368619007044,21.34066829037704,2.0,0.08872974457109156,210.40597578376247,0
185.71580957453398,36.93569235771668,2.771407218443551,4.0,0.0,114.11677636447342,0
85.12954694757953,8.261639629618728,17.415073524331433,8.0,0.0,159.8126302322581,0
10.303732532629155,11.46082285941452,15.795436958377268,4.0,0.0,67.3423524853874,0
295.113374879716,110.4171444009021,18.700791073671425,0.0,0.0,149.92826088650537,0
16.01257881832062,10.784923750007422,24.55191624353589,6.0,0.0,201.6564124621486,0
308.0261673134677,96.14460971817594,20.16803353157922,2.0,0.0,187.64738365709746,0
302.52958017643857,91.40771336147974,13.586646443460651,3.0,0.0,181.88529668852271,0
262.9776620336117,57.62624849361514,11.978275175792856,8.0,0.0,106.80767307328114,0
374.6436462411245,97.78553041418589,24.72718617369962,6.0,0.0,261.6611842409762,0
234.53104769125622,40.390575384709344,18.130075268769716,6.0,0.0,171.92473958094274,0
17.241188321715004,81.36535688915018,19.20251149784564,6.0,0.2970314240972022,131.71451227856693,1
26.64945902872755,44.51819487637161,21.18277959718915,9.0,0.0,117.14987847067887,0
25.77290074371234,43.96793061801628,11.701198705456637,9.0,0.0,102.36052138704625,0
21.459443854926036,18.308620057566394,18.072700389312303,5.0,0.0,150.50290111312074,0
367.2298926932775,107.78866577186005,20.900952679998994,6.0,0.0,209.01003537950396,0
232.09627451656905,65.99590996729931,12.904992074247815,6.0,0.2104313323239932,79.38903238970616,0
11.248858768500284,22.502465209748408,22.490914771518803,6.0,0.0,163.16014769571603,0
200.04712245746904,13.132525952581176,12.805563502958147,9.0,0.0,133.47056074374714,0
72.04737596494218,29.70863967409378,2.7523426174852474,9.0,0.0,190.14112761887696,1
281.13122185494547,78.46900768561827,17.174764924537442,6.0,0.0,106.39746643445442,0
86.9053169596608,28.709687271907818,11.743577932882589,1.0,0.0,151.54419502067543,0
306.36365521939894,87.63715289704848,23.11364602179032,5.0,0.0,163.08830544850773,0
