transaction_amount,account_age_months,login_frequency,failed_passwords,device_risk_score,location_distance_km,is_fraud
346.2579223591274,103.57292839167643,18.919495407446,8.0,0.08403320579588336,92.62782890658484,0
52.35096070695422,46.50077789785624,10.444990697504148,11.0,0.0,74.89842126073327,0
51.32929879937474,34.18075284766856,24.570117056816137,6.0,0.0,85.04419883565832,0
338.24579457164947,75.0668335909452,17.066745765973966,7.0,0.0,134.16873473630858,0
3.0417219721196176,23.119858055349,21.139479923095323,7.0,0.0,106.6355430541695,0
289.4274098159747,72.77328965405636,16.847064448584845,5.0,0.0,116.75846876465747,0
43.44653359372772,54.22700926220932,14.238537002389007,8.0,0.09093957262816316,35.591398129868836,0
233.35568292338542,20.875156836430392,5.798471804543841,11.0,0.0,111.74730983384609,1
263.39984177014793,80.35339120117797,12.661943413948944,6.0,0.34060309797782096,54.308713961084166,0
50.58582206202166,12.691283233433808,11.583914932074574,1.0,1.0,56.432141012254675,1
280.15282956889234,83.90567357105319,24.425144633496494,1.0,0.0,183.6996445140408,0
71.11751331430754,79.60840804749756,17.246903741518835,0.0,1.0,60.88433329134216,1
50.19395642170797,19.068362431949204,21.369843385767084,10.0,0.0,66.77783422934291,0
178.78907364075803,35.08411619354732,12.074161604665598,6.0,0.0,116.46590347511548,0
378.11094825403615,118.13425206522598,24.733641024296112,3.0,0.0,180.12310639554482,0
18.708568505319462,12.586835062211279,21.115114149282153,5.0,0.0,148.8640398539727,0
339.8296832783743,99.69135765841386,18.6661219915676,4.0,0.0,122.34651815206333,0
355.13249420529013,89.33455104872924,26.519053377253414,6.0,0.0,186.34779766608256,0
51.181567486331055,20.81999961244584,20.12814762376463,9.0,0.0,67.35439614169195,0
292.9881673041342,79.90927267261296,17.98472522383458,5.0,0.0,126.43382043790801,0
200.24676210214758,40.475439950944924,1.4114221415844614,9.0,0.49309145954978906,23.727751489236,0
152.04875781359993,21.611696160714786,10.190215085180773,5.0,0.0,58.67492027836765,0
33.07467583252083,29.12822897594851,17.060133501137223,9.0,0.0,39.105993585543466,0
138.74781518311846,47.44968816676523,8.458561247533883,7.0,0.0,87.93462692240632,1
55.894617046559105,9.308973827233768,12.139929292903325,3.0,0.0,103.96891056938188,0
48.222232397152354,20.821827052985725,15.491752424528446,2.0,0.0,82.90512522798895,0
84.4189310327054,67.76933345034286,17.023036357159107,3.0,0.8094910369964664,127.44818518214123,1
184.49320377818964,31.036420713622164,8.73489806510849,6.0,0.029348490278258588,64.2930641116009,0
57.753354083370255,45.82513836301287,20.42583126974729,6.0,0.002699811979592903,14.531417639730613,0
19.578840857448164,31.08318227531548,21.25348002883952,9.0,0.0,75.24941745126613,0
244.18155064861637,98.22723579564644,12.802767360118267,2.0,0.36391326297150395,31.646046657076834,0
239.19823066676292,50.66246201671849,13.281527852040236,6.0,0.0,88.30451710963632,0
66.7284990643671,61.84622472034043,20.258366487930054,9.0,0.0,20.946211736660363,0
10.163977830751264,25.282811772451694,17.417031445396596,7.0,0.0,110.77668728822283,0
142.54018923467729,36.65267024097956,17.99908453226884,5.0,0.0,145.58459966309314,0
352.76693435235,143.19130752259173,25.413982023189625,3.0,0.0,187.05559780183918,0
77.43623169812128,39.90763588885089,18.261386828495368,5.0,0.12790408487276894,32.97689234805432,0
337.69784446341794,101.15919301586425,19.077962382302285,5.0,0.0,113.98133073797739,0
35.891351013246364,33.10313768036649,23.521313979656497,6.0,0.0,67.69782558574215,0
11.040213128345215,14.677129592459302,15.187213035571402,3.0,0.0,63.949495761947816,0
351.5917163537143,74.26712065380599,20.235461798326128,11.0,0.0,105.98342850357758,0
147.45133865458558,27.569479403327264,10.532711373579993,4.0,0.0,12.266313722290914,0
38.36704636167138,10.908641685805907,17.449949944351353,3.0,0.0,176.81371765814959,0
231.55434249173157,54.11531382677726,8.45641462401373,8.0,0.23521170222430327,25.90480022798138,0
370.45217289414694,105.7546031425394,23.439827537330313,5.0,0.0,166.5732229703458,0
227.56654998475628,58.630979670514805,15.676335902244633,4.0,0.0,130.6225889794195,0
130.65180899028678,8.872601980340832,8.936824219463306,9.0,0.0,36.4937977755328,0
41.0285562324203,30.83362694486965,27.025561588431167,7.0,0.0,166.03024135354246,0
367.3826335001786,115.49900429797225,24.360488215822713,5.0,0.0,152.4060965360448,0
334.9675889195238,85.01740063742957,18.602134685792628,8.0,0.0,106.80023215121162,0
258.4807906921061,63.82975307980474,16.041933219308884,7.0,0.0,94.12341637614203,0
48.467000375580426,58.23532296415789,15.18096998641054,7.0,0.0,8.534622706508195,0
45.07726186025066,3.3054142078220465,13.827415521411805,3.0,0.0,116.15086240930047,0
17.3935307715374,30.01512216388651,23.401362013022435,1.0,0.0,208.75465132654432,0
228.10457063873034,49.352416241448246,20.35512720872068,5.0,0.0,120.38601941241465,0
134.5824327992981,15.432504346530472,6.464380580458238,2.0,0.0,116.8237089822581,1
188.69403144858427,21.2468995224096,12.190416888241487,9.0,0.0,51.05592648344243,0
64.70377895705363,3.9804851079047587,18.714282143165377,6.0,0.0,111.79072518771267,0
39.662249068038506,44.61115185038638,14.032572534187414,6.0,0.0401100483813166,11.501466567783432,0
234.61623418631842,59.82219891330576,16.946093744135194,3.0,0.0,124.76107602340494,0
86.69756764207257,16.46055574008622,18.43355813455625,5.0,0.0,196.99048690149016,0
364.17450063822076,71.40054227629302,23.58285379602188,10.0,0.0,131.1779923187697,0
38.46693101525597,18.680656951037633,22.811367848762004,9.0,0.0,121.09204367904488,0
262.8123350706499,90.7300830040537,16.162914964036812,2.0,0.0,73.05963086713572,0
271.0950656960348,63.78304913900659,11.742217641988713,6.0,0.0,82.03661866650309,0
31.37013036988982,44.185653238182596,17.59917821693061,0.0,1.0,14.849896537010192,1
6.547276439539758,5.010796996419199,16.547315449428467,2.0,0.0,182.08994503245015,0
344.448324376832,79.97796002058432,18.149558086154972,8.0,0.0,145.66871480984622,0
312.7545669675815,58.42718367056949,20.525886759365353,8.0,0.0,158.32759441901968,0
141.37904284048102,7.010059924433136,2.300117937031308,7.0,0.0,35.84063213856736,0
292.5065113864562,74.07683128445743,19.780084300856405,6.0,0.0,124.11893239443029,0
46.209412840598276,9.48288082654651,20.114293046855934,0.0,0.10519846693287171,159.4149352979208,0
57.57562824423431,13.575046770201414,18.222250773788296,4.0,0.0,129.95576669595582,0
234.061803604013,32.03192632371895,6.1035453200652725,9.0,0.0,43.37071633349463,0
303.98273970009876,80.2152196015181,22.436614714226,6.0,0.0,115.49715485008164,0
343.0099738450112,97.67562421368484,25.193445302173114,5.0,0.0,141.18144676933088,0
291.8123198054491,80.51289502954123,18.03716357760135,5.0,0.0,128.03153173050873,0
11.912448854774397,6.940496645516745,5.787404965293481,0.0,0.1468316552213122,69.25678611512336,0
49.01375811128156,15.729616455905484,20.609304433294838,4.0,0.0,251.1686315105935,0
191.5739710766751,54.89324026972142,12.706015241108064,2.0,0.0,79.8248500155075,0
3.0809983873344464,18.392826065638623,19.410619988474885,6.0,0.0,79.95140521854351,0
307.0706432785453,71.1944908527949,23.059592615176932,7.0,0.0,153.20401426536566,0
112.08478434226924,11.294179290459489,17.243197352363097,6.0,0.0,83.53730436249064,0
14.624979525907094,32.162020500402235,15.993808721121912,6.0,0.0,62.711279626142,0
161.7963957366288,39.97498918897513,1.8592317175167619,6.0,0.6631177339095075,0.31652371981760297,0
185.74147845756974,50.15643175716164,12.700187246586973,8.0,0.5246928541820631,30.906024304500228,0
8.237652200185153,19.01264851400846,22.474887353012697,7.0,0.0,105.54787829188533,0
310.95557052345873,89.36126086462009,25.01130371644838,5.0,0.0,144.62481984694958,0
301.3691980763309,75.4038405786949,19.614480967220686,6.0,0.0,143.185430457183,0
248.00086235156508,8.686646002710063,10.801178576258572,9.0,0.0,124.5513100505518,0
394.5027034492079,100.81764043782347,15.689382851437824,11.0,0.0,50.45789965186348,0
18.032085122137815,21.20185041105269,24.73437822630791,7.0,0.0,131.59170355090558,0
47.699864890226365,5.9737593897988575,19.80167127134931,5.0,0.0,162.49092432066192,0
67.33481960795868,33.77315129424224,17.076225979696233,11.0,0.0,3.41546532865185,0
146.8381286796618,112.40485814405866,10.289491731034698,4.0,1.0,128.81681463217848,1
79.37251518773016,35.46407771615084,6.035275968811895,4.0,0.0,94.86173447650441,1
11.89406949033534,24.209495634857603,13.311654935430463,5.0,0.06657518056554973,39.94953951449539,0
267.15659140183493,55.37276822343868,14.804883969855378,7.0,0.0,95.44586442814291,0
219.2239727560831,6.1061629014843,2.7734980628843964,10.0,0.0,187.266749560349,1
243.93935352518864,53.268507822160494,14.74816424945995,6.0,0.0,103.1181200267583,0
5.913917606032413,8.592560053280536,12.177226268741876,2.0,0.0,93.0460182881734,0
60.4943369113963,25.325138246290607,8.16396740200701,0.0,0.0,59.312608119026784,1
4.379789559270492,7.999812034304881,19.786683585467898,4.0,0.0,120.77007901860352,0
107.90375950760313,54.908845641720646,17.41124970355319,4.0,0.05396401067037676,36.480546347530336,0
281.7512919445846,61.32312586266832,18.494160341114387,6.0,0.0,86.6366881334826,0
339.7514612651562,87.59355551458256,26.438512687427576,5.0,0.0,211.68995574274538,0
256.7525601762784,44.6188187922968,8.117336363552601,11.0,0.26388066691401674,46.51467826009735,0
36.41792468434468,22.34136566087814,20.536662116884337,6.0,0.037036206076488776,124.50896933884454,0
197.97934377219477,59.08912229566798,8.783741515110782,5.0,0.43589011790417964,28.2471502368847,0
21.565219344743497,4.819805929741392,23.59005047727979,4.0,0.0,161.98959273568255,0
39.32392237527374,53.92327559262468,20.905498856568613,9.0,0.0,34.94473539907888,0
87.86943167087566,8.758157279377372,8.290423083399572,3.0,0.0,36.49770327583659,0
391.7677932046912,95.62257355659405,24.982270182415803,8.0,0.0,155.38410994396853,0
320.4934679403326,88.8525322764126,16.17903231968114,7.0,0.0,90.9077091390853,0
28.338962302126717,19.092635121424838,18.08425835478104,1.0,0.0,102.87347785514751,0
367.3315107234358,114.72183547425928,11.099266076239434,6.0,0.23679654127521688,60.26471709749141,0
25.779726137307563,8.840091296786284,20.946018465441163,3.0,0.0,148.70556135138486,0
198.99267673829456,29.480648091652924,6.971216596069308,12.0,0.39879642315377783,35.17170819841333,0
117.3064770981519,50.083644065039266,23.818787042599098,5.0,0.18820282867438415,35.26185204853421,0
70.72570201130304,25.981757517842382,22.696436170410088,4.0,0.0,121.793712017008,0
268.18728418034607,72.06807172722475,17.4235994612213,7.0,0.03201214952799125,60.01580103451148,0
10.599085329354722,0.5310041196061093,10.863357752437938,1.0,0.0,106.6669231340874,0
261.11707289008723,67.80472270761871,19.667851914767187,5.0,0.0,108.40159672861915,0
37.812712867755764,20.963134747151813,16.167159656138715,3.0,0.01233403775599029,52.825372893086744,0
284.5782751673015,35.90996749783397,23.590206789260545,9.0,0.0,209.0254556967128,0
259.5189516867837,73.66555762897399,15.272537456542214,6.0,0.0,50.47048713130853,0
70.968836054121,42.19710263241281,8.318916896953471,3.0,0.07426233878157351,53.70947705742686,0
189.2302635589316,39.82574416415722,12.697842328516511,5.0,0.0,120.44520896674115,0
117.27326748380064,8.89651091576198,17.063185023556798,8.0,0.0,161.31828782943032,0
8.092108473644217,22.588639718343686,18.20117786001462,6.0,0.0,96.67526504975669,0
178.45108896693023,48.17284679794699,13.333523907534225,4.0,0.09982385229615731,53.09656514033325,0
166.04014733455625,31.129185326502125,14.763564685112943,3.0,0.0,84.1085447242655,0
306.5132432999561,63.83684663281875,25.96002845624649,7.0,0.0,194.1678115869977,0
153.57391872939553,68.13536012340859,22.548795508231425,5.0,0.0021584048075214968,75.98589505411005,0
278.46800623092827,77.67484206925455,15.377763308456998,6.0,0.0,65.67499748613284,0
296.4021030529079,94.97046629809134,16.113915825165343,5.0,0.028746380819323902,63.14969210382223,0
191.2994934638171,72.6657463262957,23.80065092988334,4.0,0.17619228597567188,56.98462592072792,0
297.66270058423345,83.9880216669041,18.214613298005627,6.0,0.0,65.96009787296144,0
62.272873887616335,72.05949297601798,23.213990529608335,8.0,0.28129882817603546,143.03904420096183,1
354.3117105651314,112.7918577388864,18.392133454032493,1.0,0.0,178.95851219436366,0
232.14640593673485,54.046917083189605,16.966766757528394,5.0,0.0,102.3732245253155,0
104.9363287980302,13.716120082673797,4.453424754324219,3.0,0.0,22.230326310456093,0
43.57206380054576,4.998215041966123,18.046200039686994,4.0,0.0,97.0609907193102,0
98.70055393967924,14.007965236145047,12.5237687369154,6.0,0.0,58.202826992987866,0
352.6399214901543,105.77667271614759,18.1208300715817,5.0,0.0,129.18243618004578,0
228.3659313764265,46.06653687756647,15.229915049376997,6.0,0.0,100.84662043753029,0
359.04541040512953,93.64158008477169,19.267125553799694,8.0,0.0,106.980835965515,0
96.4508582130495,36.88727190566033,14.447448496441538,2.0,0.0,191.99867608968265,0
230.98175618395214,59.64464733579792,22.209485903354278,4.0,0.0,112.1205759361866,0
294.31019114724893,64.60977181785432,15.311647719629978,8.0,0.0,103.73454246201388,0
134.47091492116704,25.995853574758,15.469391328778654,6.0,0.0,146.86895083478976,0
319.19388154170196,91.31838975549037,21.253717806589634,5.0,0.0,166.14567621401568,0
498.6207034709186,128.7655498483025,26.737355904975878,8.0,0.0,221.9968934247301,0
279.2845972483726,109.35243910683425,11.721410797026936,1.0,0.30805295755774964,57.62843195818994,0
85.20222935027255,25.96530186747141,19.94469115822791,4.0,0.0,155.9436548236891,0
1.3395752723280907,3.4107227593602545,3.2143483132567745,0.0,0.6636086270449335,61.00721387956399,1
23.652058603269076,27.921266987656324,21.149807263809556,9.0,0.0,102.92256994293274,0
233.7724774231111,41.1043964804108,12.541779271663739,6.0,0.0,100.4892188598329,0
255.43644135774818,84.82668636082114,13.783223149760545,2.0,0.0449253046810828,79.16714258754867,0
309.8457084688592,75.15859031486335,15.585597288926062,8.0,0.0,74.75258590701584,0
264.50432879252435,80.6073624097695,16.448603275299394,3.0,0.0,116.51776278997707,0
81.62075195134305,6.243170990514045,16.31304079742981,8.0,0.0,124.17493860561646,0
157.6923032513455,8.992384974277464,1.728084645354345,7.0,0.0,77.14659789093461,1
62.263906638564606,75.67309593596927,14.000023836250664,7.0,0.8055789902997903,108.43641575468439,1
69.20615310211674,8.364492917673871,11.79893461526104,3.0,0.14384799684533311,54.60323223126959,0
174.15069969802434,16.463056391753376,9.596134228414407,7.0,0.0,60.90517365098199,0
24.83112947980949,15.803688164001393,12.160417778884177,5.0,0.0,47.719349932407255,0
42.126647510197664,20.950921342635652,13.634005976794388,6.0,0.0,44.42181408290422,0
218.05154613022242,40.83460665135486,10.664458982256706,7.0,0.0,69.43168292691135,0
93.80491067328674,52.84382147031832,26.28679112790108,9.0,0.0,132.6109525526135,0
67.3421912651326,32.50946635730728,17.48429681272067,2.0,0.0,153.77463094954385,0
48.80060257293474,8.653867786358077,10.258253846766264,4.0,0.0,32.91291524799395,0
17.191483366072674,60.04897308102858,14.858444471894245,9.0,0.0,57.56383010692385,0
24.31047782166963,9.74095497818113,21.54396540137858,4.0,0.0,197.25042235401838,0
39.568043414692795,44.880639906297986,18.18913658601325,7.0,0.0,20.306082303401702,0
296.3191721105689,79.7456823522661,18.464359756718622,7.0,0.027696634524760788,126.57976992691351,0
39.98080437593276,45.27851656728912,18.966335137689363,8.0,0.0,64.0269084928394,0
89.63452756544933,15.176615221077977,16.993275185380725,5.0,0.0,156.49325329467587,0
38.773741313306715,34.111030980181084,9.884649589845552,3.0,0.19852245676014163,49.3647621672997,0
311.90229512201074,95.85731728169806,15.433834479437424,6.0,0.13962639905166374,86.67345182784588,0
303.7162510187237,70.59645335531312,19.72523495112614,6.0,0.0,160.02669270811663,0
6.06564039573442,15.946865528418847,16.754313086987995,5.0,0.0,110.81762218492446,0
364.2463498519667,113.79954957251243,23.25999199190541,2.0,0.0,187.94596105264566,0
123.73304235261492,9.32376322598779,16.34197047457875,10.0,0.0,17.03533740108149,0
1.0421425962172464,10.632340108336365,15.447617642350174,3.0,0.0,78.51194887124171,0
122.5280994717225,16.00224740365593,8.450899425753285,6.0,0.0,138.68525811477443,0
6.146403193685217,69.27031588227976,18.123895735123348,3.0,1.0,0.08551465577649964,1
324.0468532757491,82.20749268510593,24.363441025866628,5.0,0.0,167.62999639596362,0
340.12081539104383,103.22933962926872,15.162540267097453,5.0,0.0,84.33989307003708,0
120.32317869337072,13.438290108247045,18.434342713573617,7.0,0.0,57.22154730609657,0
158.15071284746543,40.24407327956904,8.786124548991848,4.0,0.18455910370284795,7.518295138968227,0
332.1214166367811,108.26519856129138,19.45498724034556,4.0,0.0,108.1436179663995,0
33.53306942130841,4.428766533136546,18.898781398344372,5.0,0.0,114.61315472526756,0
161.71500525967787,33.34777391614794,6.097359079876201,9.0,0.5440965852728775,37.70095037200633,0
5.572972790061797,18.011680094614192,18.924470780492786,5.0,0.0,93.24937361367134,0
98.01437923744695,14.993576827591593,11.491733573013438,4.0,0.0,117.66824633536979,0
94.00210481965735,64.21776441862298,11.152684141131196,5.0,0.7332226325970409,200.2710299979952,1
297.229935240574,76.53471338795077,20.467661934583354,5.0,0.0,107.91555629537889,0
74.77852279952643,13.63126786243869,23.29089165448313,9.0,0.0,47.47698534677808,0
378.5498824991713,103.62961920110635,19.33700705875951,5.0,0.0,153.8190170100125,0
27.598808507222287,0.8734389001399023,23.45302010907604,3.0,0.0,223.22065100817565,0
24.3242740002797,37.28314723699765,14.765159138711113,6.0,0.019096154373988983,21.23649181314225,0
54.27024535141237,33.11504058530498,23.454756061243227,6.0,0.0,106.44563650011357,0
58.26866232866027,12.828400622892048,17.193162308379286,7.0,0.0,42.8695990355932,0
417.97979733070815,102.63619402921245,20.603881749546105,9.0,0.0,175.59904925931272,0
50.5718863164122,18.819581466653474,21.36164395081198,9.0,0.0,177.53624156926804,0
321.9086108470434,69.56394247267556,19.710529276119217,10.0,0.0,56.240640559770526,0
247.25673211124086,75.84604039978822,13.617397188427985,5.0,0.21766837253936283,63.34445808358094,0
11.105797061739409,1.0887484896921151,16.906167009941566,3.0,0.0,130.26335232835268,0
17.90876926281723,46.780872957955935,13.8715269380927,8.0,0.0,37.37969704766208,0
445.97911008117484,142.09303097985537,26.724512245504965,5.0,0.0,179.3693644185285,0
333.22231496704666,88.82402861539572,15.010071659684968,8.0,0.05565487972502703,77.66430738758389,0
62.132645840094696,5.162619306955904,17.66099936315505,6.0,0.0,55.00083714196353,0
86.84777859395936,67.68883953260129,8.132538808521373,5.0,0.904472245332912,176.30354239586217,1
236.0510295616511,60.8982154448243,11.192773562293203,6.0,0.1800042341499956,54.03346803102466,0
215.529617882779,53.343424422971474,8.453118832701538,6.0,0.21360608193962288,13.367813935887618,0
313.0244692793908,98.7277721940953,17.69264440083287,4.0,0.0,90.01719551655009,0
282.56158168490424,59.48814738742388,16.88239899775946,7.0,0.0,147.37633066599523,0
209.2454745818487,15.909640180273229,0.20034264588990425,10.0,0.0,139.11041312917138,1
83.54815516625214,7.773530708175361,6.830253237860873,3.0,0.0,91.94192257373322,0
192.2933992833553,26.559738701163784,15.026665014116006,8.0,0.0,85.13766322649252,0
136.84231942977465,12.125799006314466,14.8853613290311,8.0,0.0,60.33432922228623,0
73.60048983514399,50.8330851716606,6.53656107505628,6.0,0.0,40.863668542754496,1
269.49903709083435,57.4719769238,20.400686535882414,7.0,0.0,103.88647051734114,0
114.96467601466134,5.631017762124635,13.017178326946372,6.0,0.0,82.90220948242057,0
12.445575161482417,34.25841488252098,21.207942004834393,10.0,0.0,93.76898717815126,0
220.26064047521373,76.56332939549438,18.698839370254056,2.0,0.0,81.46156972376374,0
260.70801530928543,56.85031075797738,11.865989414090155,5.0,0.0,117.33429704931865,0
256.75753281687406,80.52358177068669,7.405686703721299,5.0,0.3582314183610763,28.149204850544372,0
264.59274488626045,89.25110492470182,18.752460933014586,3.0,0.02415238800651298,101.04337196263799,0
119.12916557838034,59.186662437573275,21.594698665466467,7.0,0.08982277082446027,97.2419515082884,0
257.744094237778,35.01178357767241,20.60823759816471,8.0,0.0,123.68600694006363,0
162.3772444307163,20.97302838057506,6.4853639425440655,7.0,0.0,84.17969254284228,1
233.97962177103258,45.77845122865773,17.506267079726122,6.0,0.0,102.04120011008442,0
280.4198809021423,72.40169514298128,15.897503637912298,8.0,0.10911112865680817,86.99895089037541,0
336.62725583430245,88.5231360424376,27.93031579942271,2.0,0.0,241.96112814361956,0
57.027186772148866,33.53889812517096,14.358848798051845,9.0,0.0,19.291129525577972,0
395.38373988102455,109.0331017901205,19.35741612232684,10.0,0.0,85.18053767038178,0
16.187699862249836,7.919677639442675,24.483931277520075,4.0,0.0,141.31920237740698,0
85.2357609291015,76.87897612803118,12.77963109601158,6.0,0.7984408490589419,172.7368075362151,1
307.8741051260746,66.86299653664928,12.61180545545003,9.0,0.0,94.50322286577922,0
100.3602684810368,12.957166458630525,9.696912755864691,5.0,0.1808864013752387,43.6394952963545,0
186.58648610255165,56.9652267760394,3.593708103466854,0.0,0.0,95.30647833517727,0
22.659120536553218,43.40920041275419,11.392306529580628,6.0,0.13773073103221123,42.254766848066616,0
51.447160560630685,26.21448794969325,18.94451828321099,10.0,0.0,76.53187742569017,0
245.8458442005751,78.57607984437088,21.81716200020236,1.0,0.0,177.13777010712016,0
55.48144594648113,1.1997618768500296,14.93257940486695,5.0,0.0,126.34886964951755,0
421.01756736369487,88.20717016779419,25.585984574329807,10.0,0.0,193.20601471105502,0
56.662549149580855,21.338246730835586,19.070337442493148,4.0,0.09191752960106642,90.38421853436154,0
123.40508892163913,5.871109289477374,3.4044513410530133,10.0,0.4362007108120308,50.55965175608318,0
26.630561646204086,37.56697759359939,16.34292984445583,4.0,0.48315002167080795,158.01877036256593,1
27.406503694707425,47.57633621058102,6.353227270369736,8.0,0.0,52.28490435651832,0
12.804958410244382,14.06715847459207,17.782226461777277,6.0,0.0,127.75443348937023,0
97.8821205211539,0.08040030529742381,13.20588066957498,7.0,0.0,49.92893134504702,0
236.64637717933212,46.236298243198945,13.917955784821002,10.0,0.02195303937740334,8.217007914777863,0
229.2490017965303,54.590699820495445,18.183142082260353,4.0,0.0,104.96222270943133,0
260.21766507840175,59.54704938551485,8.667537271779066,8.0,0.23245174276506375,72.30132735347678,0
191.43104082038678,59.76897333865181,17.062173918651816,3.0,0.0066326120887670315,60.285437752342254,0
329.24839017375473,70.091219294535,14.025358646085222,10.0,0.0,92.18242123101483,0
281.54806158326426,80.3733926037581,14.76806903629301,6.0,0.07130373715085203,82.70010667449202,0
320.3040846081337,109.46729856550922,25.199157347112152,1.0,0.0,194.76137815193866,0
73.13615158788767,29.319054731193944,11.192219365082982,9.0,0.0,57.695671357714076,0
412.71955267082285,134.03245793936006,29.415409928579827,3.0,0.0,177.9383435118225,0
307.1679255116087,109.4451084158513,14.71600132854211,3.0,0.2210413627090862,67.82053914336308,0
71.0993165793956,1.211992978449672,19.165709956048914,8.0,0.0,103.67359960068092,0
70.7202512566565,49.0812565512022,15.204416306701514,6.0,0.0359894206926995,44.809584137733225,0
263.82973296428463,70.83759895942882,12.84426350253512,6.0,0.071242701920321,80.66224189521988,0
44.99144081908888,2.650232106672057,7.509277760309649,3.0,0.3690721458472602,23.445665403231963,0
285.6038090950707,74.62436906989348,14.509809227452463,6.0,0.0,101.67717996446001,1
287.3438956838945,85.36263396269788,13.876810272401741,7.0,0.2589903250145569,68.20436225010639,0
0.2644771296914712,38.2402684476335,16.22482218713049,8.0,0.0,41.33775666490217,0
312.81584865526327,96.47894780008217,20.325957622769597,3.0,0.0,144.45992086239187,0
222.4066953330896,52.290196356830094,14.661796790604736,6.0,0.0,58.905840807436675,0
90.71375038450955,33.3131935792961,17.111848392073995,3.0,0.08463711588783762,112.56647097028227,0
302.70113842311054,65.39646113078834,13.733940322739896,9.0,0.0,85.6787152813442,0
255.71152551769632,45.17816230228756,15.550857836675739,10.0,0.0,85.05633730476062,0
19.486717767441853,17.043604851194168,15.489033504625422,6.0,0.0,54.31692772014236,0
196.98280397694057,19.710415863849423,4.256218476359699,2.0,0.0,110.00151035254558,1
240.11873646679967,79.79253981808156,18.69338891922064,3.0,0.0,82.64587236398694,0
318.3103605955109,108.74851192142322,17.227132924421056,3.0,0.0,95.06328481745045,0
342.2865013035437,87.6450807828326,16.932381013268454,7.0,0.0,113.88466662502971,0
346.59845280258037,72.4911145025426,11.507470481133204,12.0,0.028490923747492736,62.85355946792173,0
21.408435841029636,45.6305055250332,6.936058618037173,7.0,0.0,20.147112865957055,0
329.6955456809658,91.01300706781663,20.009001676514774,7.0,0.0,111.74379333201644,0
19.620702025373795,49.00709640292166,14.062663997073955,2.0,1.0,69.62855395828484,1
382.3014566995306,147.7644000451868,17.48212252831626,1.0,0.1986198465530764,117.22702775515359,0
1.6610714309031778,22.79965643129244,12.501169707669115,5.0,0.02819031525300808,14.11017358033435,0
263.8241944073832,98.31684038508227,25.232425402405543,2.0,0.0,190.48761641799922,0
160.2665637082945,32.706780806108824,8.414605057486826,7.0,0.3639306020642973,23.20225015373273,0
240.48521038586966,57.64370714565176,17.85264284681319,4.0,0.0,124.30451778091424,0
95.87308296278938,4.446888839294452,13.492824467060576,6.0,0.0,88.47459149348013,0
130.02943283745645,14.291432697170293,17.110680121539815,8.0,0.0,137.32673138169582,0
224.42362144890132,56.16872835378943,9.399087650388882,7.0,0.27353084889223367,29.84830657704314,0
332.53786685065705,105.51619310777863,27.39279847467452,2.0,0.0,159.6427724496792,0
296.40863704021143,84.69926646767806,16.709424020479474,6.0,0.0,95.6367249870049,0
86.67443417123997,32.511602543119395,21.9673429222103,4.0,0.015157098222639664,84.45639899119035,0
30.670198604385092,26.169587245065927,19.37677503207211,9.0,0.0,51.40431532828202,0
57.546501014748145,51.90243431081336,16.322034828433573,8.0,0.0,62.42842066111439,0
343.19698196892693,71.05086979762214,19.381446211676952,12.0,0.0,89.9121491852234,0
204.28314587205412,41.83225786059932,13.027176433837434,7.0,0.04045767601289363,83.84688917963503,0
216.1226586283507,17.34250489336989,5.412158999529977,4.0,0.0,180.9826209967237,1
67.0620640102752,28.015891662493377,7.7694798458256304,2.0,0.5373000330577461,9.645972984864386,0
29.40643299365398,25.169548969756363,14.794118277184566,0.0,0.0,173.1822812456859,0
325.96074368415833,88.0242376396931,11.025362824796854,11.0,0.37827269615492454,1.6481489317384401,0
396.44266467841925,84.63715609523265,26.8847437750523,9.0,0.0,197.17216781886603,0
355.32508130378943,73.40293339167002,24.168951465346286,9.0,0.0,166.55813882757585,0
361.8324298882938,119.64690665101895,25.818311890667893,3.0,0.0,157.57017856328923,0
240.3888321751753,72.59912823811777,15.15325408298737,5.0,0.03687219996785529,44.91945469801244,0
297.23696478833335,83.62045690474648,22.00820688946284,5.0,0.0,95.07837822445833,0
82.68119602021343,22.875572560761075,24.035431358114536,6.0,0.0,186.85445159572964,0
253.1064252521657,48.949852192211594,16.66757487013161,7.0,0.0,106.03335218755304,0
63.82285817233674,45.295156956605766,14.521794077460497,13.0,0.0,15.029285362213809,0
0.1285137731370014,12.500479751981608,15.268117102717586,4.0,0.0,92.38679692357937,0
39.91216246624745,19.755033784194012,20.9859858242226,5.0,0.0,141.35826151174865,0
29.931871361328398,8.374276317401623,21.887147598729545,6.0,0.0,115.13817760240576,0
290.25881279432707,79.32844154981895,20.441200363842007,6.0,0.0,115.03983775819106,0
412.24937369833106,130.61904833761815,28.15759485207267,2.0,0.0,216.24067948792913,0
240.76585948232733,41.61908847580076,10.283120119705348,8.0,0.0,38.01198441006831,0
18.988340876005367,29.974065906611727,18.361586299914084,6.0,0.0,55.231185092918864,0
250.67445984553555,71.61090910389836,12.587991340335122,5.0,0.0864969888418271,56.19163596459029,0
267.15610770969374,79.30372962981065,22.482994794534648,2.0,0.0,120.10465667380058,0
383.46198432974285,111.97891067758412,31.10306162373915,3.0,0.0,198.5534211919849,0
21.63035271950318,10.923269690292102,18.65419453866091,6.0,0.0,45.636071286871285,0
7.931230000304964,10.145104214131003,16.76957968802282,4.0,0.0,105.19651842272017,0
316.99903466841795,83.23852463646845,16.016415429980338,7.0,0.035176449548785516,126.18799467461255,0
39.477008275162795,29.732925742194205,9.420668604192578,7.0,0.0,9.114414753760407,0
88.32529307840741,112.42251789255434,31.579896523337762,7.0,0.7456085171522492,73.75494752663764,1
53.39589706822442,33.8310141738065,17.30584715044254,1.0,0.0,239.09920381169115,0
85.33938344688892,11.135773946606147,15.743863882411807,4.0,0.2850339218209866,128.38840491923662,0
144.95491247785344,52.33553046690105,22.457668877380307,4.0,0.16648870771663227,66.19557004584073,0
189.76268206353632,29.555464355892962,17.308951794795625,4.0,0.0,146.41822146416365,0
310.7127080021859,75.38861408701834,18.405059714044206,7.0,0.0,110.48233234964412,0
368.9382379013037,129.19704915331317,28.278058945761693,2.0,0.0,136.87747108972644,0
302.0734014626969,94.15988861231509,20.406673431393077,3.0,0.0,138.52190318802798,0
291.49810800044713,95.37458223409136,21.543632723374643,1.0,0.0,145.5150038674438,0
307.53190567692064,99.89942909226741,15.796799468689997,6.0,0.25002752151925556,71.6562298946299,0
190.80793720442702,53.133854065891924,8.93841369838584,7.0,0.5346712789879066,20.34481490298676,0
7.9479036697811125,35.097221306193546,0.5430384118396905,4.0,0.18238123483692092,75.71451113648816,1
339.5498600772432,102.62499597137831,31.82011830806932,2.0,0.0,207.91412506753588,0
350.6701941526305,105.14010638255579,17.92834484689233,6.0,0.0,95.94861322335225,0
72.5948944161638,10.838340271562767,22.813551899885983,6.0,0.0,82.87807933238766,0
45.6073232498355,55.35639893752244,23.893833757001076,11.0,0.0,135.28266067736595,0
102.17328620639421,15.534461516607983,13.008721654221816,4.0,0.0,107.36795089661513,0
130.14354308981575,22.86834382103432,17.238200218296335,6.0,0.0,115.12304897847692,0
85.82432965323346,17.857508713470768,7.010468155790136,2.0,0.0,137.5161806316424,0
11.748757096449268,2.1295394626613273,18.518855564666772,4.0,0.0,118.40557939476102,0
318.61252720849825,60.18715246432815,18.192573892293787,9.0,0.0,106.83988386525061,0
161.51066737005652,16.396505231073597,1.03653778548113,9.0,0.0,139.43270669254653,1
21.475680927984065,2.8968903508924697,15.90367800128762,4.0,0.0,48.68448569199636,0
185.01098288588565,2.770423405378999,6.338665605691082,11.0,0.0,66.80211018445077,0
254.95137703967464,67.94224130286476,10.96413555472587,7.0,0.201252529462218,26.937572449903946,0
282.0726648614303,87.96806184565835,16.145691905787622,4.0,0.0,68.1981975769171,0
139.00438832481,47.44232580875042,7.733489770684601,3.0,0.46986801787705157,4.254987806620658,0
354.8348025900851,109.13917770941089,20.682279606884844,1.0,0.0,173.9059039918584,0
370.4611223614484,95.88834970052548,21.328413090089025,7.0,0.0,138.74927778061587,0
20.957761109021135,19.701841994886813,14.657052269086385,6.0,0.0,126.26690622921078,0
13.410307405438871,34.40167159243978,24.114773443741726,11.0,0.0,127.13537736325722,0
4.982855798368632,57.710112589896525,10.53392329017248,9.0,0.0,80.69931599036164,0
46.14209445122259,30.43783543356379,14.55407719486627,9.0,0.0,0.9571120767257035,0
53.958890004087976,7.838520199887377,19.839585635545472,7.0,0.0,128.16409440225647,0
32.39474057485509,12.19201999834867,16.851612483313318,2.0,0.0,136.01773498725348,0
43.54711674672755,24.610440290573266,13.362607618307923,3.0,0.195696320328486,38.58943464616147,0
2.0608662583945403,6.32400505415216,19.729352649261084,5.0,0.0,176.2495104540649,0
10.137945724262948,36.501904139897135,18.136608873724917,8.0,0.0,24.192311579627848,0
36.97209849323256,20.95477555162006,13.898874295281155,7.0,0.0,68.63840034099985,0
254.8218701952852,95.82564728648777,14.481817902730864,3.0,0.2727652858786288,37.36391385304776,0
268.4390460934746,87.84434279821546,16.13681992217228,2.0,0.0,128.01908589481388,0
86.22784954519312,62.33507904302435,17.767160208334328,7.0,0.2034734385881795,67.32365556999268,0
297.7249404391636,105.88413220394496,23.26210140561863,2.0,0.0,120.40330523926886,0
118.86205455977063,56.29503598155293,24.191267431333838,6.0,0.0,83.55469511783355,0
323.46503152109165,68.60963329062774,16.938434386615604,9.0,0.0,123.26558125699513,0
321.91689466625496,73.7355419483724,8.772433729842904,10.0,0.16712620716803606,75.36644489900878,0
39.73237297997139,14.477184814209814,14.406796859426148,2.0,0.0,176.94372771674696,0
1.5493382761837466,0.35655035778565036,18.9963974939352,2.0,0.0,101.40942196779726,0
26.137768611330017,49.343201660215925,13.622004940018797,8.0,0.0,20.99145577916201,0
89.84897753681669,109.48563717556246,22.050542312923145,5.0,1.0,70.79849703204168,1
122.25236179989352,1.2533534635395505,11.081873917961488,7.0,0.0,36.46427446550929,0
106.1340271541162,0.14147285903475648,8.010291053322963,5.0,0.0,11.273684732654363,0
324.8203787202689,86.4333065181291,18.69516019280536,7.0,0.0,128.77982213414998,0
32.43571794441607,14.87499423638441,12.579589792023413,2.0,0.13780997511308113,72.03020622145884,0
283.38410486866366,99.06792650121814,15.558704872009482,3.0,0.20919203877186782,89.96350399012151,0
56.71385579850389,12.284981133675466,14.51615550829713,6.0,0.0,66.21149260807636,0
352.2348464862482,118.35087797862451,19.96444299490302,6.0,0.10485747650386668,66.29795770970209,0
115.78201750358141,29.907940709774564,2.059463496182701,6.0,0.0,73.67825363849681,1
205.39538294065764,54.206610280860474,9.878102866577837,7.0,0.35586586444318513,15.989341203880922,0
312.5986858805745,72.41896345316718,14.746263665239983,10.0,0.04465654658240514,91.18684720624275,0
227.08765787914314,93.53774816183221,12.315691091585405,2.0,0.12233946709105858,106.75280033394904,0
395.9586625958419,129.5323528153925,26.24317084722488,2.0,0.0,190.17371710338423,0
157.94788995829686,14.295402559072276,10.101621013226785,7.0,0.0,73.19826079355911,0
55.647573258846364,40.93840420884527,21.60463469220296,6.0,0.0,110.85091938871143,0
327.1964339086436,109.08713602853743,12.997752083890926,2.0,0.07285616114798421,129.57359648473556,0
189.15988988610061,36.08684643749924,9.032162139854513,8.0,0.2610449097634562,16.74182591917285,0
374.1424804870213,69.19960395091684,23.036810030941886,11.0,0.0,156.59253956531887,0
68.6373671631129,33.15777571430754,2.3638202834234576,7.0,0.0,82.54785251995483,1
34.430084719787175,3.6401591135595552,30.08069545842563,3.0,0.0,257.7129103708419,0
32.46050562049586,12.04566365464639,24.192176632045598,5.0,0.0,192.5675782195807,0
76.13941947924971,45.21411476239925,9.790894215158266,4.0,0.22076360118819077,10.981020506699437,0
8.857861109012916,3.821762826309172,25.7183866897239,4.0,0.0,189.48187960323418,0
7.176408400319673,47.26755662767657,5.780039771509397,0.0,0.0,45.043475792854586,1
362.9173274858139,87.7660744736234,21.712711867560607,7.0,0.0,168.58662920175846,0
87.37227585925476,33.40492177241656,19.731015125468343,3.0,0.0,180.28020937216274,0
37.92701339398414,19.74380305231741,16.182562222341915,3.0,0.0,93.21808809022357,0
391.4686998094703,92.04322797579933,26.063619230068916,7.0,0.0,221.8469846533681,0
296.55924161743826,89.2337048478898,11.491490892295499,6.0,0.33630086796286063,71.88132006688585,0
100.62041755873186,24.994879195824026,15.340123587830801,3.0,0.0,157.95511331264407,0
234.42278987625406,68.41432462481554,19.306559493390523,6.0,0.02535512658673006,48.09055144244272,0
185.86606118316422,10.992222930450964,6.647356269414098,7.0,0.0,129.0550702351784,1
401.1740183035202,102.46770837672133,22.154362444330104,8.0,0.0,189.18145989343026,0
78.74591151040129,29.08512775383885,11.697586499750905,0.0,0.0,83.4342529876781,0
14.808497551569019,6.624601194338894,15.90021554247815,2.0,0.08396635266576685,61.51171029995848,0
45.251946084841094,25.502909847885896,16.092675472231008,3.0,0.043771420755336354,39.29350815921936,0
27.858479246369413,26.213726425964996,27.47058529394901,0.0,0.0,297.18791371956945,0
3.1200578113351156,14.31164975370421,12.079560011940256,4.0,0.0,92.75689682329403,0
42.863973632652524,17.283164724507518,22.753834430992626,4.0,0.0,180.8197349446678,0
456.14714164297243,144.94319379700735,28.716249437036353,1.0,0.0,227.68335681920533,0
237.32430408640644,76.95894149362395,15.178779249983815,2.0,0.0,69.04227489685992,0
258.7088929696256,41.92900182082547,19.452832466163986,9.0,0.0,150.4819846851517,0
24.613824819689597,0.2707688220077351,10.34083242736817,3.0,0.0,122.59524771843078,0
290.23996686506484,58.551853560696394,14.396866556280845,9.0,0.0,75.9965010497468,0
49.852000081508365,22.37854110268514,17.072334148180023,3.0,0.0721413346523061,77.2685321599417,0
202.37603164071902,36.13705045762117,14.659803745134457,5.0,0.0,86.99784227901884,0
18.515865452464062,20.670473639323063,17.67799552211342,6.0,0.0,28.489733831654362,0
248.95885383609587,86.62274809002889,17.46089068747417,3.0,0.13564087859178675,65.37190250924971,0
21.287544475327046,61.727175727237906,10.832046652088376,3.0,1.0,27.446323087511956,1
317.40208981368835,84.64393816168143,20.94237983557107,6.0,0.0,111.55379358637018,0
204.47135858312285,48.88933890940265,13.94105965405516,5.0,0.0,63.55533685558644,0
157.6096591451717,33.101208312792885,9.992457099210448,4.0,0.0,160.14489498871433,0
151.87789354262742,34.42387432902297,16.47018593823307,3.0,0.0,66.07223728540822,0
338.8598101070784,79.37572969011995,22.17706340861596,8.0,0.0,138.138567416548,0
87.84396437028556,25.8335377358853,10.969857195465057,1.0,0.0,132.28243883415124,0
277.8219990707455,99.1406762621728,18.30784005281222,1.0,0.0,107.12937211100376,0
192.56346113268665,17.489040745159258,1.157225342303449,5.0,0.0,154.55136053351683,1
311.65944269575226,56.61795444002513,26.775657479314155,6.0,0.0,224.8822352299322,0
114.07095772493125,28.28178245558174,8.126346204810343,3.0,0.20382469962769034,15.713597274970539,0
61.294621319672245,4.2882002263817185,7.504978643150627,4.0,0.0,29.446403099193496,0
314.24566172946663,87.35982483874614,19.296334368146375,4.0,0.0,133.1921371134415,0
358.1881619883484,114.55888648655164,16.970561479736215,5.0,0.0,118.96021694628679,0
283.35078480244266,63.27136950500664,13.497943545478279,7.0,0.0,89.69249369174763,0
58.31692408647723,42.00210447829761,13.135664870533244,4.0,0.0,39.07946464519627,0
298.09736638287984,54.36804506856688,14.6694656528507,10.0,0.0,102.63346321457077,0
361.27135884921654,79.45957596109092,20.434841820933496,8.0,0.0,151.76024220757213,0
21.504026940397694,46.287412569794114,11.491490216998443,9.0,0.0,30.877637012651995,0
14.747513168846382,23.91829100186324,26.043244154876724,8.0,0.0,94.03587290564579,0
40.429620521327394,24.534782184594057,16.69525926464257,4.0,0.0,92.95347512336866,0
307.33615137980405,79.55621200333024,14.127639217866674,6.0,0.0,89.19749148157665,0
373.016994726656,111.87239815005128,24.59504954843188,4.0,0.0,153.94839104890815,0
317.53186773063976,83.74105248475317,20.696797995503225,5.0,0.0,92.29749351907797,0
66.5744655915783,73.81478203306409,17.902271054843755,6.0,0.7131248675765925,152.23085696701457,1
81.46824561457183,19.94364637189709,13.253871844460885,8.0,0.0,17.09189556432029,0
254.13014929304308,67.32716507337645,16.522209354232807,5.0,0.0,101.21996106743887,0
343.73270755299694,118.79966291076272,27.233336758447297,3.0,0.0,134.54146755206335,0
8.94035266825027,46.30894716266468,21.27308322121957,10.0,0.0,29.988144679201753,0
238.00785285781328,66.4879352459738,16.60216006895325,4.0,0.0,86.03666031435249,0
20.854857484446015,42.86746362065597,12.149094521530088,1.0,1.0,7.458327514381615,1
206.24063463025843,44.15774827035861,20.61264095186028,4.0,0.0,116.42113230132493,0
391.21013580901547,96.57188509163444,27.69506866514365,5.0,0.0,211.99909375853076,0
13.040387910067096,56.77575828486847,21.68186467241421,1.0,1.0,25.921862310149983,1
286.9599440634955,83.25187398395775,11.96549847646888,6.0,0.18274723487561145,76.40406941554465,0
16.824599357795258,6.508184429615717,18.83446173411072,4.0,0.0,86.4173250524886,0
299.06977482296793,82.61264446543397,12.123613959839803,6.0,0.027600823517668793,93.60284699273036,0
192.65515189666593,36.53135648977665,15.35169486869782,7.0,0.0,78.54884015794221,0
272.50177691373483,56.807462996405235,21.199673889205442,6.0,0.0,128.2582728268554,0
157.97802742611123,24.59346102674673,15.713758647756634,3.0,0.0,106.3442380781096,0
202.53023154735854,37.878946073921185,14.107008801799235,7.0,0.0,145.13719901156372,0
95.67740284259465,2.2239846164516592,23.236275539943314,8.0,0.0,158.60286288928418,0
60.02633352134665,11.480586110871528,4.124649128680954,1.0,0.015962945088076275,37.517299182496366,1
17.29980980310564,20.738848502388578,12.069221417400946,5.0,0.0,50.55581246532743,0
301.72358401817394,56.49487509043334,14.295696071175966,8.0,0.0,122.24275402836135,0
156.7098886477154,31.399526997385088,0.19766507739465133,1.0,0.11108821125792134,135.56114511504825,1
255.1289927675702,63.06302347540597,24.330779129426258,1.0,0.0,187.60426809895057,0
30.649806716163354,13.743883407431277,20.36381112832778,3.0,0.0794593937137677,33.75627861285304,0
215.7861705597968,72.00528869670777,16.126979549426842,2.0,0.0,99.7453966925909,0
236.18340039080573,52.99309857152802,7.021928309637602,7.0,0.21608160505317148,63.82182138281101,0
46.834538860205555,15.486462394245194,17.550773612978823,7.0,0.0,56.015114868781225,0
113.871183524368,33.95455678000884,30.410793601126166,4.0,0.0,98.96529707395813,0
289.4678459658146,63.69105063796696,17.134328506490043,8.0,0.0,104.86437365414733,0
225.56722476868927,68.75006678942873,14.535328823247248,6.0,0.2967902775860543,53.021449154409524,0
8.107454584339393,15.7761707325838,20.42267859838949,7.0,0.0,136.78967434218865,0
185.47476269911732,57.30416549270259,10.81690605767523,5.0,0.4463393522233424,49.494015188601864,0
268.2110029462409,91.32683586553777,11.997668763372015,5.0,0.43125300828143964,55.25952167489667,0
373.0141683520992,121.52320559627026,25.841715363062413,2.0,0.0,165.49355596199572,0
76.6803819868432,15.847859462263465,11.219767910471756,8.0,0.0,78.28312464237469,0
40.62526669595576,30.780965295501836,11.054409237109287,3.0,0.02681472663128437,48.25413798146747,0
62.19664391714096,7.5149038391667276,16.42078138759035,7.0,0.0,135.52132026556063,0
47.52398472665542,18.880473735854082,12.94054977008908,6.0,0.0,13.076612125413611,0
242.2713543453435,53.91665516715932,11.3650013086136,9.0,0.15337139876936062,32.65657112181371,0
116.69422140369159,35.439576086328174,27.15460817008025,4.0,0.010100364294915398,134.71743549603755,0
27.479183827976662,25.38551544567688,10.705550896835023,6.0,0.0,36.78406265386565,0
79.21019105086438,35.96650647742963,26.36820945031215,6.0,0.0,102.73404826096296,0
33.231489072506236,6.662161864379883,17.103795778998567,2.0,0.0,150.69065133709694,0
411.2204999819099,144.1804761499964,25.41351712699334,0.0,0.0,209.00819308771338,0
171.42630890009377,48.365505895877476,14.464103035010101,3.0,0.0,134.71999898247975,0
407.1644667915675,128.620911044347,20.8694406886965,5.0,0.0,122.94820062035969,0
301.584768967734,108.77659756811234,23.010062556119536,1.0,0.0,133.46580548419607,0
203.36269272824387,48.87435561832773,14.994873297040836,4.0,0.0,94.19460895984606,0
21.699959989053752,61.81100240195062,15.615756290251275,10.0,0.0,24.331433629423827,0
35.84134253094036,3.9668717568835064,20.80578674498844,6.0,0.0,160.2187296262834,0
289.59609074740246,82.57150523008417,15.210817097021671,4.0,0.0,124.1869681470076,0
462.2196145303646,155.86637141752425,32.1258549706753,2.0,0.0,211.50771221599726,0
238.47979702116007,70.38100471887985,14.359549774936697,4.0,0.0,70.17207201536364,0
340.1173119749386,106.46143015187177,21.92926192993515,4.0,0.0,136.80456354230174,0
102.2418613754048,48.12699530212595,32.889380348414804,8.0,0.0,145.69093194538982,0
320.6626660234246,103.47692308715862,13.759383854734043,5.0,0.17488278277368774,59.3349411754603,0
74.55107204830594,81.85260628048097,19.793389220398964,1.0,1.0,34.01311272693864,1
3.686607233622496,29.754436418221736,16.214745990609885,7.0,0.0,44.09192576113042,0
251.05280986465854,58.19373987416888,16.650189054982697,8.0,0.0,78.49299390556057,0
326.8724652881732,87.33010966208268,25.055972339173902,6.0,0.0,177.9228456770176,0
137.07390292635213,121.88048191266486,24.487040165570605,2.0,1.0,3.3963259638703924,1
8.188813501198084,15.576501313723142,20.32489695041057,6.0,0.0,112.55379113414321,0
115.68934763502725,0.35856671833791864,10.407111469633819,7.0,0.0,54.48900318098006,0
60.94249198028356,31.347607514052356,17.476600828646042,1.0,0.0,214.1393623709642,0
270.35568437425195,85.21567201266066,22.13553090230585,2.0,0.0,153.4880876103277,0
19.509724084019332,20.505707155440298,17.96772854171258,7.0,0.0,106.17636003011728,0
52.90396792541907,9.542215432805449,25.75998657417596,3.0,0.0,177.41902801487922,0
205.0281202451143,41.31796574940793,12.170318352464779,8.0,0.06312900732564586,40.31435878449209,0
229.5443617908982,83.62609616168228,19.22616325793222,0.0,0.0,138.95477994794388,0
337.73830254683736,85.7331053847221,19.70913722968027,7.0,0.0,127.54044225187,0
182.70502143866287,37.378981671838126,16.77027960592422,4.0,0.0,118.00629435760786,0
265.38134530316427,74.69718258282668,15.938699550767122,5.0,0.0,88.92191789534381,0
1.0774134687702883,2.4811290628420863,20.672595745735254,4.0,0.07576853580343651,75.11800108908022,0
46.15597957622843,12.376064249333709,17.39703202197147,7.0,0.0,66.75707313236359,0
10.58808662342092,1.4010218640735133,16.74756595588467,3.0,0.0,88.39849259331835,0
52.63285350300913,10.604201674713813,8.135533021955952,2.0,0.03024718316673275,86.00958435359271,0
379.98302719924203,132.49610336969877,24.03141085482749,1.0,0.0,184.69352042061718,0
175.89201070601482,27.219563355326386,10.28714176262962,7.0,0.0,45.39528598666875,0
59.94265320701382,77.05806915937302,18.794590276164502,2.0,1.0,60.135294374475336,1
9.705169549033258,15.056777417452366,22.04260413331338,7.0,0.0,159.18710404145148,0
196.67490501795862,50.51547877696795,13.122238272473245,5.0,0.028290633558270883,66.34348945183346,0
333.0461981162508,91.66114506004376,18.1892961924419,6.0,0.0,109.41114238305994,0
19.33165680702365,32.53135639145002,14.0913476660653,5.0,0.0,38.42349115353194,0
42.98068750160171,17.977057506768084,18.786092921476218,8.0,0.0,17.664351596979202,0
85.67405401938537,27.70051230168842,15.22500929638867,3.0,0.0,112.65277032133257,0
264.3733773200205,49.93091887964056,15.352018980645646,9.0,0.0,100.08350930095331,0
371.4506216671373,118.91368718784076,28.079458789014218,2.0,0.0,204.25431978234246,0
299.2171074469759,100.04285866689915,21.178175994429715,2.0,0.0,112.89044703050689,0
306.18214787630427,67.7335682536218,9.412691490986427,11.0,0.18745068226391676,17.25784514012684,0
258.4097652431144,57.10114493576892,15.223058717227723,5.0,0.0,126.33067446553405,0
319.69439927207077,101.22435700558339,17.56748690776573,4.0,0.0,88.94477459950546,0
9.608291580759882,32.254977219608605,15.516819262616476,8.0,0.0,43.603425453779806,0
124.1377221979765,19.185818833072297,15.9968740481866,11.0,0.0,17.025544906729017,0
336.3524702883176,40.4378850928028,1.4099788061048972,11.0,0.0,167.90369573315874,1
61.72618398761677,13.496821627088487,17.389149399348995,8.0,0.0,120.27864158534726,0
235.7900060608896,51.31056072889902,15.51004369371687,4.0,0.0,127.8338613063864,0
69.3500524347908,4.365993348882682,19.598523641780673,7.0,0.0,99.53806257936195,0
261.1981102570205,57.08390503691759,16.39684865267232,8.0,0.0,110.79126429062633,0
227.0939333103773,62.89127225349137,3.409596177112105,8.0,0.629112324366318,41.96379489886631,0
157.51622703516372,39.08522823905615,14.116054199953465,4.0,0.03574815977925133,69.75446910462338,0
37.06709839706807,7.297275835595499,16.100149865083672,3.0,0.0,120.44155177005521,0
227.7528234996457,65.9153235115236,11.657364763052481,4.0,0.0,154.21832752045765,0
16.099362459653733,22.118969503308044,21.398950958430046,5.0,0.0,45.835485556161316,0
70.19653922457725,3.3874178698452013,13.704769636094206,5.0,0.0,39.51899757583257,0
247.02998004684713,58.96144389129723,14.685482987420421,6.0,0.0,108.76449890898174,0
286.01890789866513,54.61085426098278,11.80992957357342,9.0,0.0,98.48604889645912,0
128.6602964381564,104.88566603922955,11.252184011641862,7.0,0.9703434108238349,101.1390459978004,1
129.99556616741248,46.07578992265318,3.1423002896989782,2.0,0.49109240708176305,10.841267454115844,0
25.1581276459236,38.4244368076547,7.5423752089021825,7.0,0.0,4.0381603697688995,0
129.13015166167557,17.721783805111542,3.839957792017337,5.0,0.0,97.57183555802534,1
137.13764752275296,28.78328593003907,19.976021007775877,6.0,0.0,132.06140027696867,0
191.58711650592952,38.978280135350104,9.532775308600376,6.0,0.17957675935931583,84.92644097394341,0
12.035729769296054,13.876579587548193,9.370662221347569,4.0,0.0,77.41519000656018,0
78.01788760088635,47.45174092373807,18.003511681881477,6.0,0.02120706526467042,52.146098551389585,0
112.43385596472382,25.008600561253076,12.295122239631343,2.0,0.006664030526014386,69.77451349193375,0
10.616356807732444,7.3771455176820595,16.158151122165716,3.0,0.013492553850542932,86.56886865471512,0
206.00990189367064,35.85793150831114,3.2480988302477414,3.0,0.0,141.2923375249689,1
457.23359015283165,115.92798922799756,26.44052559113089,10.0,0.0,165.73154460051992,0
3.336990483656507,49.460857589075786,16.31215766174961,10.0,0.0,40.60969802448927,0
58.977772194404096,20.311165224606484,8.96818806222388,6.0,0.0,35.51272228133689,0
311.1964199539184,84.71095961946938,23.387120728168053,4.0,0.0,185.87444046589246,0
297.15073835347823,61.100723012056804,19.908488040608006,11.0,0.0,60.79290802234068,0
171.6193661330352,63.74651369225621,12.73336470023964,1.0,0.23003307839932374,78.01071995450174,0
39.18873535036577,38.68954223510832,18.51976697851386,10.0,0.0,45.32933802826502,0
69.535185444818,2.2517983685845095,16.166763211216853,7.0,0.0,123.34104095545831,0
14.710181677642481,25.670691207104532,8.995152242768443,3.0,0.05550681860213558,11.670468464865724,0
13.954278982828313,16.891480280361073,3.228185128545668,1.0,0.18030982826002123,94.74080149620262,1
82.86013982410262,8.143558287535019,25.1953142018042,8.0,0.0,165.1630113835733,0
35.82028894510092,21.803792934628575,16.727377386311836,1.0,0.0,162.82642370997195,0
393.71265093629677,99.6007963311391,22.20630010162316,6.0,0.0,184.43804893499973,0
250.67406585016317,81.24558189192354,18.43127884129493,5.0,0.15717133882878292,63.583387029676395,0
304.78738237928485,60.78234666780985,23.18629329222921,7.0,0.0,160.41994775116,0
213.78181098245327,42.37331024816767,17.61104424642788,3.0,0.0,142.80714066772953,0
189.57883934681422,45.467513527772,7.923438576299761,5.0,0.07508363906423382,24.035994781706343,0
37.60826353936123,69.78605342504713,20.9264843588066,4.0,0.8220519826069036,66.26298754863444,1
25.042901939319677,13.1854353047732,27.822365518169086,8.0,0.0,75.7692519443215,0
117.35952961250925,25.731369078718828,15.36173885998117,1.0,0.24405468934643626,91.47333458335588,0
97.65428816955736,3.3358429670617795,8.890595888103196,8.0,0.1898627176232492,20.54134638290085,0
289.79616369883774,91.84710238068283,19.968887273229328,3.0,0.0,116.53641673372128,0
331.2328834726579,82.31680963011163,19.63910865983385,7.0,0.0,145.11882868836753,0
3.1869207094600682,25.95785417612808,14.80538218944147,5.0,0.0,34.83835793068267,0
129.63934349442226,41.608422111207034,13.732508710858056,3.0,0.0,77.17635267306696,1
337.2582790494404,106.98494433551457,15.15443073390308,5.0,0.07960769936931122,117.729778241449,0
333.86800514261256,106.60590012238661,21.32340975968815,1.0,0.0,169.41367122390272,0
299.25543909379604,65.36573695391917,14.587822328488214,7.0,0.0,106.3094130827909,0
2.2751328118634575,33.195519375374744,16.042943572675597,8.0,0.0,92.20352822516747,0
251.89558328485046,81.54042617693527,15.078570348927109,5.0,0.2027479991503962,62.422050397580485,0
264.4881782921352,57.07977298567421,19.37948442467912,6.0,0.0,129.0171835369279,0
209.7457749752405,26.75495545589504,11.205822154787224,10.0,0.0,53.42335571464794,0
245.50503655206816,40.017484409713624,13.896185419320307,8.0,0.0,98.22106282937906,0
297.54857049979944,103.43088775307766,18.925101172552292,1.0,0.0,123.9451431307441,0
277.09836232070546,23.63667571466623,4.114045270244363,8.0,0.0,150.56286640767158,1
71.81090564520115,35.45580161317689,16.337248752120104,11.0,0.0,20.149370486165623,0
305.406935145358,83.6463595889286,20.834517416813732,4.0,0.0,156.1398022088474,0
10.739337664672632,7.4385590582760805,18.05578854793466,1.0,0.0,73.5618549105257,0
196.11789445655853,53.97165619658285,13.971641806907051,5.0,0.0,143.83086221952487,0
140.04318934006545,28.85828521461473,15.660218410503933,5.0,0.0,145.02594621752036,0
102.13515451027291,17.037756178419443,0.16648994034284037,7.0,0.09073817313242533,93.9820134566064,1
258.9410017783907,52.65179933925864,20.926053340719434,5.0,0.0,150.37156668624132,0
137.28102390113395,36.61427304832959,12.504049010156999,3.0,0.0,144.07499343763124,0
3.6706729396226194,40.62526741903214,14.180169778221037,8.0,0.0,39.270252111739055,0
168.3073125017671,19.879467945285285,3.5789243082862487,11.0,0.0,109.81140416607965,1
61.284750504097005,1.8071380484921384,15.135375574902698,5.0,0.0,47.883128040666705,0
3.7306572636426267,16.476983455995097,10.335877712461652,3.0,0.0,35.54799264647006,0
153.05776643337066,22.802390650312102,6.251754162039484,4.0,0.13226768654138654,147.43297724718985,1
117.75057305511862,101.60870383396797,12.866074685326925,3.0,1.0,56.792564221261834,1
14.795667855349102,56.32942622628039,16.265408421542773,11.0,0.0,43.10161866868144,0
114.43740019464364,82.02252131774607,17.52870150668557,2.0,1.0,98.48068126615414,1
242.60022124799818,47.709903679744734,16.131555993173322,6.0,0.0,130.6609391150617,0
37.22861543028175,16.734706873797037,21.299400269663895,4.0,0.0,119.7348817020409,0
47.258247515379225,15.878443430679837,20.26476018730269,3.0,0.0,217.1044186083762,0
259.85945489542024,69.9352354318786,8.172794749430663,6.0,0.2128560768612472,24.214932138281007,0
269.80391685176926,89.15368918157765,15.619012337235537,1.0,0.0,115.3196529762725,0
177.04580521990277,24.473110317577024,12.414926846851774,7.0,0.0,63.94194149113208,0
69.45527727282783,35.6940384850615,18.90790011990765,4.0,0.0,58.87725524162768,0
91.1336247168325,12.388575969129022,19.230101796009265,7.0,0.0,241.66407544399038,0
492.48561615789487,146.439668233771,27.14679868075616,7.0,0.0,186.79520032863792,0
85.50692389847028,62.278563490868734,11.589117924462169,5.0,0.649975821118232,154.03205435086176,1
338.19407662670875,74.101480067648,22.19203619600755,10.0,0.0,137.0191609644906,0
9.035731519798247,5.280173436271369,18.436680114909564,3.0,0.0,48.15217689323014,0
0.8794351923650225,55.75727538702439,1.4510255291838412,6.0,0.03261323565034946,54.41706149240032,1
344.431108144507,79.24565565768219,17.18389696901258,9.0,0.0,116.14734625912538,0
52.337894185348006,29.969740705723133,20.260976253966078,5.0,0.02905967439974788,46.96026990305769,0
213.145118691248,18.074665656418027,19.441673578801545,10.0,0.0,113.77100123543252,0
362.4927461797305,139.72209119542447,13.250069924659158,3.0,0.5095471967971444,70.65455003363476,0
461.98973070356845,136.51577456554642,33.70247308917816,5.0,0.0,238.96586874321883,0
62.53623407162573,42.12460586621711,14.38878216096672,4.0,0.02439956254586584,21.252349964724324,0
82.24947999569525,9.780494575351327,10.062180518467974,6.0,0.0,1.0703695654111023,0
451.35914643408256,131.05850400740508,28.347769343007542,7.0,0.0,173.80583135582893,0
286.1874730799559,77.73346622910879,17.81931279553725,6.0,0.0,109.0217010425767,0
141.33844864324215,13.847669093241741,12.345598457539179,7.0,0.0,79.45303441343123,0
80.84178538655006,77.31472434399855,14.859944295593664,10.0,0.32878598244032775,189.3552871504728,1
19.49561465647833,47.483703605523615,20.222900789558544,11.0,0.0,97.36858592847466,0
361.5883917201847,84.23441407936647,19.691800658185542,9.0,0.0,138.7682271432806,0
371.2717914587686,98.52661182461075,24.810084287640347,5.0,0.0,165.16643530038215,0
323.78155626350576,84.51387525180357,19.35533726489399,5.0,0.0,122.74569901086457,0
239.4475078396848,52.79873728404354,14.018290074319106,5.0,0.0,95.08712091026653,0
125.22290437207359,27.845256182989118,11.55064354208081,12.0,0.0,22.407221558657106,0
308.72915912700796,67.22746824142357,18.878902476651554,10.0,0.0,101.92089966918117,0
29.232889784609654,4.277691279004298,18.670424904338326,4.0,0.0,132.10569200957323,0
66.24230397934258,21.962562104732687,16.86436058663732,3.0,0.0,138.83388826127208,0
62.92233129369293,20.44196005702841,15.389657529441873,9.0,0.0,91.7914438756419,0
106.26169135576268,83.28579943844808,24.050897429741646,10.0,0.0,26.22217552642205,0
26.38482418596793,29.60047346800259,16.20032618681922,5.0,0.05991733574305347,22.281075535823575,0
85.26276637061173,14.443150603283392,10.583456306031259,3.0,0.0,78.62342905866738,0
170.43879805838992,24.241869832292355,5.269589446601742,4.0,0.07367499357905799,141.36463837288997,1
408.7596625677705,101.56994880152615,26.983661700558073,8.0,0.0,208.4271715544365,0
312.8736330638814,88.67366422897902,20.700345432150176,6.0,0.0,100.94893141950587,0
40.58211560278949,18.907244567898438,17.930626623106335,8.0,0.0,109.78006625798986,0
42.84415760465886,4.407751981574165,16.68840986246129,5.0,0.0,69.93368148950145,0
334.4852438117425,126.51455855975613,18.272132275908348,0.0,0.0,92.42286866346143,0
43.50652469292227,13.434509462670661,27.881442814296523,5.0,0.0,114.74073684736095,0
228.6997445876017,61.899077366150514,17.464915430390388,4.0,0.0,107.10112689444925,0
374.3748171142403,82.98594565063753,17.529750620435248,8.0,0.0,163.09993117074447,0
12.056079598317993,52.32939723464101,16.779167078860084,10.0,0.0,22.5712285617862,0
296.1334200468169,85.57325513486236,16.148534012734245,6.0,0.0,94.29584040326468,0
44.7937821900659,0.12216118267592435,15.711584839632431,4.0,0.0,106.17781992892988,0
54.307460428100214,28.782643939306283,8.966201975603948,1.0,0.0,109.48301642583587,0
67.42371685431465,44.956716003188404,25.061692313308118,8.0,0.0,95.15014466761389,0
79.14305817370891,23.88278294713149,10.843173654750487,4.0,0.39988523578872814,16.80070720366757,0
70.85602290869497,19.76982311972074,16.2162728823267,9.0,0.0,43.45732651650948,0
265.7183036827964,98.55406633076095,14.199633518832341,1.0,0.23270840489778527,116.94622605516781,0
308.76303551535796,93.22864060384977,23.93287240987608,2.0,0.0,188.93862477534475,0
87.15959033601334,47.80162665720073,30.274900884501086,8.0,0.0,56.3548334746267,0
83.07639112353252,69.76884794509336,16.69079859881574,3.0,0.889790043872158,135.38591477916546,1
106.59315113795472,8.735146976072812,12.339620758094947,6.0,0.0,113.93544139899468,0
294.18014021963165,108.69365500238823,16.985851489654273,0.0,0.0,116.04889223479815,0
383.98548701115,109.29675805858713,27.274200046476757,5.0,0.0,188.26826851040727,0
255.7705580802311,96.10972878659362,15.122525660915354,3.0,0.27408462768917663,47.89273716007415,0
24.634605384600235,1.4555720278046458,28.114509619577763,4.0,0.0,125.93899509928957,0
10.761690815993902,14.099034700694432,13.99743437187493,5.0,0.0,81.92718665461243,0
119.44085987430088,24.27976553143437,0.07548699583244023,7.0,0.0,121.51725185140067,1
0.30660085514143987,32.36892225676017,7.997158630427073,5.0,0.0,6.967736036720247,0
95.15973563401825,19.216829451091336,23.105377449688287,6.0,0.0,196.58453069207198,0
112.27080654182559,89.96631952611236,15.066904121014906,1.0,1.0,82.01141196219739,1
275.0623473752173,65.68528517101333,15.166209433265593,7.0,0.0,54.804817383192926,0
98.83122457447163,42.35912900707828,29.446789277289533,7.0,0.0,111.86867365913761,0
173.381013660941,46.13956960119196,12.160922975694897,5.0,0.1803634338473155,52.43258654334313,0
24.404402294399475,12.102176230061524,23.542126472122078,5.0,0.0,177.89409779245398,0
193.85854426636277,53.44885363426765,18.167349185732085,3.0,0.0,116.64600820327635,0
319.96146671944484,88.56903838406652,14.576991271557075,8.0,0.08084634519559741,68.72258953371716,0
323.79338956793003,74.71537156718,18.11099745187803,7.0,0.0,168.93253984530614,0
2.102770050649255,6.099504312318395,9.953412918392377,1.0,0.025943168663426497,24.077978605579204,0
325.7853616871887,80.89678806154438,23.298847890139918,6.0,0.0,182.87597150255718,0
437.6120028170154,152.30319950375844,32.47344642113946,2.0,0.0,196.60572965125647,0
363.26385721878717,120.35483575415405,25.670384343553003,2.0,0.0,165.6990902322816,0
37.65663134547701,13.884861445345436,19.682328222398798,4.0,0.02435010398672477,123.12531124831239,0
199.80586564489107,57.20736056021957,13.960822043447429,5.0,0.1599956436067641,39.9868850713098,0
386.68711536110317,129.39803080351615,33.4343690531274,1.0,0.0,252.68189118944238,0
66.3636474813766,4.831972279999125,23.553542634077687,6.0,0.0,182.91312777368304,0
40.54125736251004,54.61576189113275,22.850524237648113,11.0,0.0,105.62888326847806,0
321.7838263952681,110.61579086918024,22.69528782913988,1.0,0.0,149.30240534766943,0
68.97778979788609,89.12187603843685,18.7792421640483,2.0,1.0,22.856069389438986,1
83.92451133240493,7.029869542309179,12.89008526652832,4.0,0.0,37.99245560701415,0
391.0396333269504,101.03230747280377,22.5187142460771,7.0,0.0,179.59489702896263,0
229.5589846542789,44.11486151900904,10.495499368637503,6.0,0.0,79.17168068793133,0
308.206525373972,67.5864561860677,18.505206379244427,8.0,0.0,147.83489244632952,0
72.15266840714392,8.61722641663588,22.579064001755498,1.0,0.025111571274540223,120.72020256840986,0
291.2241836480659,78.63553603763563,16.636995558250504,5.0,0.0,107.10616870431434,0
75.88630997859741,34.400351186761526,0.8035308349334613,6.0,0.0,82.95763615215799,1
57.21121590495083,107.00600684675312,23.85022471353459,5.0,1.0,35.26249670490235,1
27.827496437334503,58.43430236450318,30.53460189152332,14.0,0.0,61.33543023414265,0
58.86021501375595,1.3178857672388489,21.117029456931654,6.0,0.0,100.6130824991055,0
265.2822753988844,60.7951200335162,22.067876708582798,5.0,0.0,128.87858033277814,0
110.54460291270007,12.965196832357023,23.353624616293892,9.0,0.0,182.77248682359286,0
370.24047887717654,110.43716302705982,26.13120905505371,2.0,0.0,185.3969905194657,0
86.467767635111,10.278629148341246,8.722881124961276,7.0,0.0,24.345818642106096,0
56.588577781729185,13.341458164577503,17.159084875160417,7.0,0.0,54.299799233509276,0
43.11361056389453,24.802412309777765,12.880523520341093,7.0,0.0,2.2064734621195203,0
96.65520316032924,37.524925150877735,9.811369078910209,0.0,0.0,152.69725067821625,0
41.92485046386945,3.9764508985442433,17.364973074866526,1.0,0.1013610081384595,88.2659160008779,0
315.69201232960484,78.75460361121631,12.55051519084194,7.0,0.0,114.36552558194172,0
8.07902496848584,46.96651873924573,10.595893790342823,8.0,0.0,58.90201216607744,0
367.099838747059,94.04216990330448,19.351260358062703,6.0,0.0,167.97625300242453,0
19.962573281372684,12.096798715749756,19.73361397989393,3.0,0.0,86.64217141514482,0
12.154013710905211,38.146524717561476,19.197488369899375,9.0,0.0,56.137726159677015,0
95.248942125014,2.1181017542906915,13.348770670645422,7.0,0.0,58.82463125993581,0
117.61614741510583,39.713601015988154,15.747773071357027,1.0,0.0,143.6446406480174,0
103.43114324910547,61.34801448584241,25.192063572640187,8.0,0.04066453139632331,47.920483286186766,0
254.54947623715785,32.87278543101274,12.629805385454812,12.0,0.0,52.8127144064628,0
378.86661634743507,149.61622550427006,18.819160842828367,0.0,0.03713303440733562,133.79560110085447,0
245.40137633945128,60.84369965168311,16.075516491618245,5.0,0.0,115.39503134653026,0
243.95292328214848,54.360523629035036,10.266044554777167,8.0,0.2584829734122109,73.5524467611857,0
174.64950882557383,61.29245973210328,10.130038402790564,3.0,0.37110326878304745,20.605097948195237,0
363.74375345849205,94.55069359255882,23.106876998555236,6.0,0.0,168.0166415738461,0
80.98772517647356,14.098365344897603,19.800127674493616,5.0,0.0,162.15808261963923,0
87.60491350690148,4.3718806353206645,15.816893879819622,7.0,0.0,73.52259824211419,0
262.08912518140664,79.42251367451362,19.10565710814382,5.0,0.0,93.5384077963283,0
150.0496394710176,33.172581644746764,15.659321695987995,6.0,0.0,221.39234657241118,0
75.87730468210984,47.16658759109946,19.939141799834367,6.0,0.062054488586393175,39.70488685896984,0
48.73642154207987,101.50851952010336,24.201265360829204,4.0,1.0,27.463771243070063,1
307.7418263902209,60.89505609444248,22.821097750840394,9.0,0.0,151.86931807765205,0
44.494287344543196,16.381366867283447,6.892320121328025,0.0,0.1842306802821682,76.73544262213348,0
28.30834470102215,15.395180897946057,20.30868411180213,0.0,0.042304470558938934,175.6564650488486,0
56.23561028581744,21.74064933702119,12.508134714112057,8.0,0.0,28.856248930061533,0
112.18564835366945,124.24411695630924,22.224528582914115,3.0,1.0,2.283826273270133,1
46.4436832214667,5.66126838409145,19.646191644948264,0.0,0.029442508712800297,187.0509191189187,0
256.05051959426675,81.009703737294,13.269874113617155,7.0,0.43672471751806474,37.30830358800443,0
151.83962653873908,10.083622991827035,4.061483861394862,6.0,0.0,104.98988812119057,1
265.11529795837447,64.75054579735989,17.33455093014139,6.0,0.0,95.44561517594022,0
36.70866873064147,78.46631077230677,17.697195039063274,13.0,0.22451699644644063,170.9382293011471,1
253.18896877997412,84.1308442178753,13.527024824285832,2.0,0.0,66.71806415544862,0
275.4280733105602,47.686947999393496,19.28324868019338,9.0,0.0,117.08594946654223,0
37.61726176925638,31.181262945907655,2.067504325238211,5.0,0.21596681880604623,121.23641692864723,1
15.253640073428173,23.690707880795514,18.549245639896363,8.0,0.0,81.15808029783489,0
250.02056144141665,64.9067418172101,16.291046393312456,3.0,0.0,117.81933373547874,0
124.93952968822938,14.87519527598434,16.668377476075193,7.0,0.0,134.9373061129343,0
127.6478075392547,1.7937443251896958,4.476960458702912,6.0,0.0,32.71935890134495,0
28.424662235142492,81.750908257211,19.291147920328413,4.0,1.0,40.37097708486813,1
342.9841707292533,97.37520498439522,19.34458814267091,5.0,0.0,136.430077965279,0
148.26536916689014,45.99129999460167,14.854984440959626,3.0,0.0,250.3259652979459,0
46.75989968350525,37.87102163303664,22.274572651452164,2.0,0.0,286.3766071073806,0
360.68321258758544,106.13655627216693,16.895940080197917,5.0,0.0,95.13202761702419,0
244.47873830784687,47.99104683324633,12.76992947987661,9.0,0.0999641206778164,68.61838446598153,0
281.50248993706293,95.51558993505859,10.758692970143668,5.0,0.3195745378358847,16.41066892989638,0
16.213901254827917,38.50752223247876,23.76573337298187,10.0,0.0,163.97486040308445,0
37.00897596932704,27.02836566935744,22.38340972691189,7.0,0.0,138.64834888006305,0
175.4060419500263,7.088386765540392,1.4155580052921213,8.0,0.0,118.87295352241236,1
232.4666177101666,46.12774481955428,18.493605660580833,6.0,0.0,118.9661621188456,0
245.07549451462185,34.5749953947536,10.616096280907492,13.0,0.16824763486205802,34.35724394716122,0
7.436414366454784,21.473434892226138,13.54435674913572,6.0,0.0,114.21714090853335,0
265.28852778728515,63.35684721037143,23.705501329372765,7.0,0.0,98.91112378634736,0
311.4515756069121,105.55990875924363,21.34976930325888,1.0,0.0,148.19724624989686,0
60.59180552649197,17.465368642509524,19.454682273733038,3.0,0.0,127.5917043147206,0
15.137786434370796,2.3419715875286897,14.01613075333611,1.0,0.03037710471699795,69.87560479971252,0
76.99065044185495,73.16924525107686,22.791212760267936,0.0,1.0,85.55220432948998,1
254.85035486202767,58.82872815215418,20.889143175913084,5.0,0.0,119.31726235167426,0
244.16858372509446,16.524514710357188,0.5755951643560095,9.0,0.01312929246881267,190.23866016853904,1
12.969440376412678,66.38298130629738,3.5069843162537975,3.0,0.0,13.368799721529054,1
243.36335976578573,55.1275326419526,18.55385297632504,6.0,0.0,103.024164694027,0
282.6106077277391,85.72051512450918,23.631654076805887,0.0,0.0,198.50671503084428,0
216.29769063130874,64.97424480439886,13.424754051294695,2.0,0.0,92.43140213361335,0
292.9084311179789,59.46801132067246,19.709969251837165,6.0,0.0,149.4243443540499,0
21.855151947189533,4.858904206775627,13.460837108298225,3.0,0.0,31.33405409953169,0
13.60114235122974,22.51342883615615,6.136742295896665,2.0,0.21758134131892226,48.35633190189155,0
269.63418887884563,72.2234438137665,15.272752832333012,5.0,0.0,112.43104441185824,0
70.31734642168658,18.6494452518957,0.011346061753274128,5.0,0.304747387272392,147.12467228139184,1
129.86868901860691,25.651930672019727,15.754916550579104,6.0,0.0,106.26058793125281,0
237.85024245130938,69.73809001457894,18.171341009210284,4.0,0.0,87.08669897572109,0
86.81592701705256,36.866823712469746,18.705869568324566,2.0,0.0,218.80253192395597,0
51.58491153433103,41.78824479488449,27.233534500633844,9.0,0.0,95.21738870623625,0
127.1666406828839,83.72910595624505,6.851338021613424,5.0,0.9533911615890563,181.84795803058876,1
357.64960369466024,82.59263909558085,17.81607326993431,8.0,0.0,163.8358155950255,0
226.86123252557584,60.03343614804795,2.9304956090895775,9.0,0.7118946214318169,24.629924611580023,0
112.19177069123896,13.344137675611943,21.633242264574065,8.0,0.0,196.54086508469675,0
16.021819315667656,22.258595288385543,26.05032951803021,7.0,0.0,88.14944862516903,0
42.173841764029746,2.259065424194663,16.77608506497861,5.0,0.0,125.76519856577892,0
65.81880497017181,36.44074336662568,24.256213837084545,6.0,0.0,134.26021487243122,0
484.50454783475027,113.32199975044061,26.455878512883203,10.0,0.0,200.14745796672855,0
293.4672891470046,67.18266079194669,21.22052755745446,6.0,0.0,135.9983558085457,0
153.1572097828294,7.926802913419195,0.6317996696872576,6.0,0.0,111.8845860275386,1
27.68479769889037,3.0134483012868287,15.753974608506766,4.0,0.0,171.95585598056596,0
94.96652862506048,43.46800525527955,18.673478853384694,5.0,0.11653155041169233,91.65227151716664,0
17.390665701089176,2.2853906821031345,22.24777911355003,2.0,0.0,144.23275917716535,0
206.45419695726326,54.623985149101514,13.336967784541837,5.0,0.12605985285369437,61.91995983704156,0
38.09732639047692,33.22893075102607,16.82234670178232,5.0,0.0,84.60692350019265,0
124.38308242619658,10.251339581596113,15.257778631506168,8.0,0.0,77.51533962885165,0
14.471299150609497,1.8513613734862417,20.207281825012082,4.0,0.0,162.75931646218964,0
270.6545436027649,59.80646962469163,20.29631140636699,5.0,0.0,116.68050914677202,0
351.103127938636,109.12466417952353,24.77575542760364,3.0,0.0,162.32391995629774,0
31.09060772621715,14.957370358222008,23.219509665082818,8.0,0.0,120.27318507637926,0
6.695551544157112,38.09291217290465,14.688257963005452,7.0,0.0,22.49972332436095,0
50.174198641326214,34.42452248953593,16.50275965451651,4.0,0.0,47.91752871727916,0
382.5316160496381,116.26078121466514,19.73873555938359,5.0,0.0,143.6413069479672,0
205.64688814378954,60.25627815952558,16.989711448481803,2.0,0.0,74.20187228134132,0
50.27751328293967,11.700654658347986,12.532718075607253,2.0,0.0,158.54592554761626,0
38.145037141275594,47.2643973636864,12.87600773940286,5.0,0.023502603492852048,48.7979385011074,0
110.32844134471347,11.694778392462805,6.631079233639991,4.0,0.0,27.499079142877903,0
9.566780597518331,10.007232847449586,19.192838904158318,5.0,0.0,90.15758307262959,0
311.6121129675937,93.10489270354778,24.065969505827077,3.0,0.0,144.92157027828614,0
319.87950783650496,96.85976848303629,21.541552724414146,5.0,0.0,129.92768755328865,0
16.239218396145652,9.040490070212492,17.804640074903755,4.0,0.0,72.57267908010635,0
5.4198843360404965,24.571377295976816,26.07841991693504,8.0,0.0,91.12381434476605,0
200.77493699135863,42.59528733357311,11.61544740397774,7.0,0.15653730186760573,67.02559742544821,0
52.200105692862316,15.504084240142774,11.765183655687139,6.0,0.0,25.42395682983347,0
89.07528529023426,30.486354104481777,21.09074740596992,3.0,0.0,134.89060430788106,0
227.04668851156302,63.554852372058754,17.66526594588888,5.0,0.0,97.6944932043391,0
46.73755788303626,38.567615122184606,19.497016200306398,7.0,0.0,62.23678613707651,0
227.5789452381308,68.28752583857451,9.790040582678252,4.0,0.22575980621204733,59.55975706685659,0
331.37573937974906,107.59049446786896,18.947516475945015,1.0,0.0,139.14175718483622,0
347.45186620861114,94.50095424207585,18.0919489274054,6.0,0.0,111.20705647375081,0
258.8237639131082,1.3858688445259304,1.5479017738448828,14.0,0.0,145.77823389158706,1
47.727093620498806,64.13499808353708,14.355826577760874,8.0,0.02990056417842679,76.21276356752495,0
55.24060834258893,34.943715346344575,24.989970413095403,7.0,0.0,112.27845165196734,0
240.08519081785352,40.07435762299088,15.978283778910704,10.0,0.0,43.49316584028362,0
295.904690901701,88.74552138175153,23.77367216390542,1.0,0.0,147.63641371421835,0
45.34203485648938,34.53291109768442,25.65041117617984,7.0,0.0,75.76616193206583,0
362.6967247156504,98.09567226862798,26.279005357756873,5.0,0.0,205.39256596971654,0
71.62246951171235,0.7583345980087586,14.776971494424798,6.0,0.0,86.63044738539685,0
26.28264987561279,27.59818962631754,19.10836850173316,6.0,0.0,123.06640019905632,0
60.942753993748255,26.159107985279164,28.71104431535636,5.0,0.0,268.79702496521566,0
289.6011598097243,92.37258979302831,24.465737289986684,0.0,0.0,180.75377664090013,0
359.65495396704324,105.72943192098107,25.674342054934602,3.0,0.0,194.96996499501955,0
44.55778580066365,26.65626405950249,19.682978914806004,5.0,0.0,86.68724960548795,0
209.60385151135407,65.95926498989579,12.487430705611898,2.0,0.034191818772686955,57.57806412061748,0
333.66936284579947,81.36217635345274,20.77951316672514,7.0,0.0,139.41824718519103,0
309.4680589939727,101.47000669619067,24.631045194810635,2.0,0.0,143.41546560939096,0
181.63007289785563,45.44993351869181,10.851810869427982,4.0,0.05328181424194334,53.40668466359196,0
307.09211756540986,83.90116035806676,22.09418637940729,4.0,0.0,135.96571701371397,0
452.8463223013395,146.50817758197638,26.00063907856933,1.0,0.0,220.00557775653363,0
277.0142118221534,67.97996805675982,24.380362718174332,3.0,0.0,177.85677200914733,0
221.55074662610983,69.8533923498111,10.309751235854286,5.0,0.3162467556918518,15.54900032668467,0
125.6725196042722,20.51854043577404,22.774604397088304,8.0,0.0,179.98870656669723,0
137.37676921248834,7.963405667123304,8.690109681061141,7.0,0.0,39.96181115100406,0
84.97578610535597,16.57013410171495,13.569358763132554,4.0,0.0,102.70323476290997,0
306.52843351191416,64.92842629605957,19.022822266775165,6.0,0.0,176.44139077569804,0
230.6891670212615,80.02653184453027,18.287382190635963,2.0,0.036048350382906214,109.64471590786461,0
375.7095518127987,99.14783078151473,19.805074216934713,7.0,0.0,152.72831725894454,0
316.00940074430423,108.12394828828522,14.88326238347834,4.0,0.22727073961759126,71.4786253136194,0
43.82394141620638,26.472156811101435,26.393857132903833,6.0,0.0,155.12617274156258,0
137.4969788354874,54.402126435637285,5.619314232928158,1.0,0.46069569304554236,11.366769196779778,0
26.111492622690776,31.718418002056055,12.873641643453013,7.0,0.0,10.619858075338797,0
386.3190832559225,100.36300631405317,23.43293063427762,7.0,0.0,156.02373297652971,0
180.6365918515445,67.15594802106922,18.837031350977625,2.0,0.24012373932810943,17.146953382919303,0
273.9852929486859,69.10426196081511,21.125455350257678,5.0,0.0,142.8741151528193,0
54.35748317654392,46.74244779495862,13.702453505957937,5.0,0.0,17.61365732873947,0
33.56798118219867,46.940939445598886,23.445010027555412,12.0,0.0,48.783864078740876,0
51.044787721075615,74.44978856969752,21.353774209962403,5.0,0.8808482498836508,120.49747754507521,1
219.74250805665997,41.74282886232967,11.421991650530348,6.0,0.0,75.43294715273981,0
88.25643245819523,8.161401085178461,18.25196557590549,6.0,0.0,124.53286167860031,0
116.91807680526367,18.192197736495913,19.61849207626958,8.0,0.0,199.81386788489255,0
293.3734679259852,76.42043404689218,21.551076048691584,6.0,0.0,80.65507430591325,0
325.76418433182863,105.77255734185414,20.310135927370638,2.0,0.0,125.82573218270895,0
351.7147338349698,114.43175859269562,20.027883772470545,6.0,0.04704991942497816,105.96734027702489,0
23.969860201609315,28.585161795003003,16.230407811339134,8.0,0.0,105.96237579203837,0
17.170864955032457,15.707448735291088,19.942097993240147,5.0,0.0,198.26987512465303,0
42.97529055031116,25.938491249174326,21.776674153077018,5.0,0.0,150.1279093458987,0
42.977836886618704,4.035444731816643,17.702880534758187,5.0,0.0,170.00918435731649,0
439.55199104128343,127.77187176606472,19.05032277570249,8.0,0.0,130.9550270671923,0
0.8460476819316654,18.19706514506889,13.6656148547644,4.0,0.0,58.124574891748665,0
207.2127882398057,54.82513568390913,13.902397616990214,5.0,0.004731305959188026,55.089153252090654,0
3.8179815683256066,15.917785270785885,15.23544748641598,5.0,0.08532971103710546,20.128417770595,0
161.25430919819507,42.21633694020262,10.379896784795122,4.0,0.13172390371106557,25.199726395852416,0
19.76430095553158,11.148967530844288,27.065262997738003,5.0,0.0,186.11398920940357,0
316.3036740651618,92.6723638063693,19.590935803156377,4.0,0.0,146.79639109328093,0
72.84026110510128,11.231126894527883,15.547229969645153,8.0,0.0,121.0591311714735,0
24.027371067952913,13.084159160326585,23.82856308654121,5.0,0.0,74.68979283698297,1
466.48092797413096,125.91790079086752,28.0958126149256,8.0,0.0,197.3292920423762,0
48.058955369323556,3.4170608560035056,12.6825806588225,3.0,0.0,25.26747133898455,0
83.26265446485255,75.01943444901184,11.930771862342784,6.0,0.8215111467366037,136.43870603475432,1
68.08862523695826,78.15173280515916,22.630900280254174,1.0,1.0,75.81131624460127,1
36.426262427615114,9.466524221238714,16.55339522316209,6.0,0.0,102.22691740781956,0
34.39330280393302,32.52091158886044,16.29754059619418,9.0,0.0,6.001247212634944,0
134.95223131817147,25.491308414135226,8.803260383423556,4.0,0.0,101.59889106849079,1
33.194136376407215,38.90045829017767,16.29007814490695,9.0,0.0,8.289370541963077,0
40.605101946402414,36.775726405221675,24.0771649166704,8.0,0.0,87.1436636127403,0
106.65074962937774,28.692917155974136,11.424592106212874,3.0,0.0,93.35911006409127,0
79.9071830364667,65.19737901782268,11.72932725139541,8.0,0.3864232309857665,165.13411125579668,1
249.83588535512715,85.57102818715354,21.258990372585842,1.0,0.0,110.92185071863398,0
350.58103985658124,94.50894554054067,17.51468966172255,8.0,0.0,121.40637318955127,0
237.5255922589061,76.62754356048083,16.80349601093672,1.0,0.0,79.28631002822192,0
8.063998088198673,67.12569626195105,12.079169230846361,10.0,0.0,118.50520259959393,0
23.718924677100816,17.951337836159254,20.505988930365426,4.0,0.0,73.62168992340744,0
288.9030570029182,62.64698680044678,11.836157305779604,10.0,0.16323028705410159,51.72043617155406,0
35.73486225635216,8.797155534944366,16.673229555620118,6.0,0.0,99.33745295799224,0
78.24167495511803,10.880372046310242,9.580568326319543,3.0,0.0,52.881261999656616,0
207.05336250123457,45.185028959559375,15.223753409652023,7.0,0.0,62.107456359125166,0
0.32667948114483636,36.387986910053996,13.41636534104698,7.0,0.0,32.27881622139792,0
272.23756158000594,49.89093553828506,14.10207487411433,9.0,0.0,82.29568045961918,0
12.21072625574385,35.71436462759726,11.917965510840657,7.0,0.0,35.495419392912204,0
29.392271042894905,13.593336545385327,17.253381968218644,6.0,0.0,90.34495966935914,0
321.59997376080366,70.44001135267088,14.013273057743213,8.0,0.0,127.04757949070071,0
305.76231478344954,87.6147359857838,17.60220899276846,3.0,0.0,120.52820994315931,0
96.73807190164823,36.62126105660536,23.337358111944315,4.0,0.0,117.69695554324251,0
82.93749360095242,23.938893295256648,21.34448363852001,2.0,0.0,93.60876107772785,0
39.13999215641617,42.47899318386416,17.95392185508743,7.0,0.0,49.86118613066992,0
47.66742723675567,56.78083190331674,15.527710735324197,7.0,0.03726162867861793,74.64019259369756,0
129.30092766244488,11.502506611347108,8.152725526395301,8.0,0.4950020911527321,134.819605460508,1
108.6605675526244,4.384440079140177,14.381063346957392,8.0,0.0,84.9124028246119,0
275.39507934485357,70.38764315513878,21.969117540993707,4.0,0.0,125.2622952294982,0
63.77138528934947,14.671016580376694,7.116209279045085,5.0,0.0,23.308228406645284,0
71.87557089965844,12.904362961573291,18.22834195842318,3.0,0.23946980933463535,135.13092689543643,0
320.403723340743,109.7641468627669,23.835912458566174,1.0,0.0,153.3379757547055,0
296.624413899882,107.48187832919778,21.751967164245016,1.0,0.0,109.94062818305858,0
34.549928890466155,2.7225175797324255,12.568897522340272,3.0,0.0,96.18844130175837,0
313.35567331119205,114.10256120046287,18.354992401325926,1.0,0.0,105.4095118423703,0
84.39142034005414,71.00454743050493,16.291094645955358,9.0,0.2030985215020788,57.905405725642524,1
272.4693436547036,33.32987519795193,17.3379822130189,9.0,0.0,129.54606651837392,0
143.56066761352622,7.780982988490123,9.557763818891793,7.0,0.0,64.15889797127498,0
256.80909094576253,61.345603836195295,24.373042130469482,4.0,0.0,150.53743224232673,0
62.19436277247718,48.59158632976268,14.096292662023142,5.0,0.002881761291212037,6.251133529619821,0
158.06522404351915,25.349398636373046,15.397720870158306,7.0,0.0,160.35229521711494,0
16.651187882454806,14.252435026015313,22.915566971544976,5.0,0.0,97.97228334841355,0
239.94750790320475,45.76611142984729,12.9877409133395,7.0,0.0,71.48394109444253,0
30.38330868158505,43.830845150479576,26.38629635497839,9.0,0.0,100.05901084986455,0
68.35464411809537,46.5468072112474,22.64015064414484,8.0,0.0,85.69776323249263,0
304.5337126075578,95.02848836461905,16.26078103732442,5.0,0.010314388096067051,88.78141631894869,0
177.95710835757842,37.454708023768156,7.8719674147972825,4.0,0.0,145.97573770368302,0
222.5139442580252,26.185430688897142,5.298838004990285,9.0,0.18222375403678187,151.25305742076753,1
300.4486856829041,62.85904345987304,15.436783125925206,10.0,0.0,89.56721225200366,0
109.69539979007352,22.665218181377224,13.415723115995156,4.0,0.0,83.29106104868589,0
230.2528035050677,22.836507402652174,9.76282272130203,1.0,0.0,132.33379788555825,1
383.1735500865518,80.87438866909528,21.37204336692197,10.0,0.0,169.78899268254202,0
256.0474030290549,36.50920951242976,10.171153744296115,10.0,0.0,81.3261349861702,0
74.68621357167756,8.475299047935415,17.680692358155923,9.0,0.0,131.71830465225378,0
92.98313432941003,6.389279618878774,7.666910883192802,6.0,0.0,11.771208475605484,0
329.37961044603423,106.76272436582907,22.6029080188721,1.0,0.0,174.02685977141124,0
121.84315405699161,25.997167672215262,15.605447363337452,5.0,0.0,127.45591707256528,0
83.03361342351786,13.810562267349795,20.565505254000744,7.0,0.0,156.8017126589334,0
9.557979679685829,13.187891046359006,19.726974385134213,6.0,0.0,128.49721979600045,0
355.6660621517207,122.98004753155838,20.04311459519547,4.0,0.05532194946712776,116.57952802283775,0
58.44114520296296,22.171614357068247,21.831931646694436,3.0,0.0,154.53616625892892,0
41.30850979428579,22.20014750299319,16.858746397291014,9.0,0.0,85.92016553404758,0
316.2263375952973,86.26231049713715,21.655907621785047,6.0,0.0,95.70889294493958,0
2.048081872907588,27.743128448160085,23.63430501021586,8.0,0.0,155.2628658340098,0
123.10475198385133,8.985787265110261,3.0718521333171136,6.0,0.0,81.40912782155553,0
312.8179325133606,73.79462939632889,18.386880990444652,9.0,0.0,117.97220285927517,0
158.37703462529618,70.16194364593329,17.396473663076726,9.0,0.0,17.240590461027185,1
63.12046182773307,28.058229571919284,21.71671358565579,2.0,0.0,146.18890236370655,0
137.62493341023378,26.68928739595429,9.264627027413209,8.0,0.4838038191344909,12.005803801913881,0
229.73824036109977,67.57460104544231,10.391113673723286,5.0,0.252099203001847,62.636315255083574,0
352.37859202385795,79.11483389023101,16.16123876509215,10.0,0.0,71.96123177351873,0
16.8040340136708,3.576472194020482,13.763718245611585,3.0,0.0,105.40660916215428,0
20.47025116114962,7.005127667039336,21.23064022590566,4.0,0.0,175.08715389548024,0
0.9659644795468694,12.128676953361122,20.63561723993696,5.0,0.0,176.93734038790916,0
157.8943937792679,72.8879765954561,12.424528867171837,1.0,0.7709607665598508,202.8099665777861,1
142.2464392752284,40.2275299549847,20.557458609665268,4.0,0.0,196.05537684820334,0
90.40052166771413,2.678310349024713,5.347907252695119,4.0,0.07357346958344058,24.393624743531994,0
67.06849041731297,28.239317617440534,28.280798630945377,7.0,0.0,139.86706000737794,0
307.36784495318113,66.16755742662934,21.372675625781433,5.0,0.0,207.18662760491537,0
326.49837674072955,98.40662058885458,17.84327482316219,5.0,0.0,107.59046187522733,0
299.32683903554494,100.82149486172301,18.496792568833108,3.0,0.0,101.45524705098232,0
49.25831007124426,20.700971414521156,9.56275789120144,6.0,0.0,28.422447462973324,0
82.45473624394523,44.27364044774585,15.240169968568143,1.0,0.0,205.21644919802029,0
59.63970970241551,18.490719835403524,21.415336361894532,9.0,0.0,114.29776658253883,0
44.156712483074976,10.560612426533247,12.866762106064419,2.0,0.0,64.9342284271542,0
290.7794507428106,73.19883258992603,19.48102617910885,5.0,0.0,155.95599020647262,0
414.66168422351797,119.08793339571695,21.14587006279318,7.0,0.0,160.80418760782888,0
3.36539690918805,8.804920279091228,24.212977283866568,5.0,0.0,98.91974674318922,0
27.946649407536782,0.33833558306501743,6.146578630859787,0.0,0.0,63.8522275762638,0
33.13216343779648,44.63977960954112,19.500328358351044,7.0,0.017914391185484435,46.600091216864676,0
40.85270150010342,26.680670911185004,12.589992000693417,3.0,0.012270815466946194,77.72016486844197,0
83.61282580814685,12.815354687159768,14.684443288077077,8.0,0.0,113.67251018369106,0
297.6105208859233,110.79033056596751,12.26484074345311,1.0,0.0,110.55992946297141,0
358.80861387886523,84.37926900765233,25.458277246403846,6.0,0.0,194.3304362877277,0
311.799448287481,101.04232848931667,25.355496667933902,2.0,0.0,168.91910923597072,0
6.703287026756158,4.128880918313051,14.203788128607577,1.0,0.0,108.39080705854444,0
50.08972201027494,11.268092993562597,16.035653669910097,7.0,0.0,150.39090763981432,0
136.87097852340787,80.72435033338404,5.783128068964377,2.0,1.0,165.72871864631648,1
260.35514405034183,73.21325388300114,22.820130470416288,1.0,0.0,141.8897804182664,0
6.851623519577927,23.407823703418487,13.820971717835885,6.0,0.1584650780130482,16.783526035187997,0
105.12084106769419,16.022356150505992,7.279061320083837,2.0,0.0,87.9448389454539,1
377.9702780886217,113.90159821475676,23.023523125154004,2.0,0.0,208.41826824969706,0
45.72303820794748,13.002594353275398,12.05946306797965,6.0,0.0,83.50688393209097,0
169.0015230941317,18.944405877996395,10.230126315753461,9.0,0.07898106630635882,38.954786264751505,0
296.36375725832943,76.9236429900414,19.608501665842503,9.0,0.0,66.27516373261514,0
79.4897304877616,43.11375454772141,11.38407204572782,1.0,0.0,56.6256958659728,1
282.38108829043665,68.91555650510536,11.465559133106954,9.0,0.21492371408021665,24.459579223013066,0
136.71732014577475,57.42094833380044,26.31722798356855,6.0,0.0,122.47642672284334,0
39.888372102633525,23.726509180498496,21.318237971819944,5.0,0.0,136.10096343984333,0
125.62571024356838,19.78671451062411,14.279095099171109,8.0,0.2684634690993011,1.2462310515596542,0
348.4388577854365,84.10271678146692,20.025332299997714,7.0,0.0,145.15417574085578,0
195.39176370854108,28.781532029277663,13.478662262587733,8.0,0.0,44.38305860299796,0
6.435788011691287,27.58836017995243,13.98121640364398,5.0,0.0,34.692737275248184,0
2.216041598623036,30.688442684842812,16.483772070090982,7.0,0.0,11.47097780866071,0
42.70624367996326,65.3223941210727,16.858059159523478,1.0,1.0,17.610013329679397,1
331.64568806506435,79.94503338903323,23.955984313407388,7.0,0.0,147.11966696633476,0
252.25776279756764,68.74120079360532,11.31956217119258,6.0,0.1384065730592895,43.152376205416516,0
326.43881650270305,98.08544714403821,14.68379208631564,7.0,0.191797623077415,87.81093397161841,0
164.87941986268217,22.421879469803212,3.8725425342162225,10.0,0.44575488645186423,24.83298927485812,0
329.1729747931522,106.0671674110026,19.382684219361693,5.0,0.0,81.61100826076584,0
57.16119573169064,38.03489777071691,26.564427484862946,7.0,0.0,134.1893813974097,0
52.45125985738173,23.800457868952943,24.311083074309455,4.0,0.0,187.93888883410017,0
22.882471188258236,0.8460329056968909,15.662747027474207,2.0,0.0,160.2881297398545,0
162.06726855924677,50.709764693227314,15.134464822139922,2.0,0.056745395735431525,70.97464847238098,0
192.5888219156808,135.69967478236066,14.746191423036274,1.0,1.0,69.40730474567627,1
395.87007816698235,136.15175616050703,24.900812016271274,4.0,0.0,143.88957492671275,0
35.53533591146348,32.38195726715928,22.7310091587035,6.0,0.0,70.99766725677883,0
263.8073111616137,63.853543981900884,13.005535085165182,7.0,0.0,41.04256194512339,0
43.674098871556,21.185848576291512,29.02477260791921,7.0,0.0,139.2695196027446,0
282.5493110019088,54.99695085300778,15.733843493400201,8.0,0.0,124.60550579555323,0
182.96432152149066,17.446065965442585,12.107503736284368,8.0,0.0,71.39376499285781,0
280.8345207946159,82.27177543531045,14.66975983793656,5.0,0.021252727070921518,76.90732278264416,0
22.001348321023073,24.12057714922434,23.273261852681806,9.0,0.0,80.88157158437909,0
33.81798267936439,19.33756694106588,22.10957033995627,8.0,0.0,107.32513092564929,0
152.34329833272375,3.773340240574612,8.475252055186322,9.0,0.0,53.24145383024998,0
77.1420338680554,83.12582524181983,16.085642415833966,4.0,1.0,85.88092815218404,1
107.24838521176058,26.911865937068722,19.06538676114274,5.0,0.0,234.48995326621286,0
77.1184023163251,31.17277848474089,10.12081238470637,9.0,0.0,11.88081698588812,0
57.24256241644896,9.584795841161984,16.47692347783267,6.0,0.0,43.059718512652445,0
14.972379187410546,11.464254066105497,13.247870710330314,4.0,0.0,59.09633500497199,0
229.3503964118546,65.07491281148816,5.747000852989608,5.0,0.38415656767756323,45.60775297499675,0
52.81505201918496,7.31555295804079,17.542384769385677,7.0,0.0,85.11385297585986,0
21.632584008066956,7.987152457455316,19.005693897311005,3.0,0.0,101.3749709314991,0
32.26794087183188,23.606330292481204,18.950030528837367,8.0,0.0,120.64914461258837,0
55.41093075605502,45.99432344542166,14.368596193244262,5.0,0.061434209508467674,0.5411963982182577,0
347.56530555617206,98.14198112191819,19.134921741798685,8.0,0.0,91.91250264927815,0
99.43968338312459,7.391827580824227,19.859429482975315,9.0,0.0,30.63677812130146,0
97.78157900059102,57.87327226198161,19.660091150751647,5.0,0.096083772688142,38.41581215557552,0
55.584606857439084,62.89593763618159,5.871325609127821,5.0,1.0,146.73808127762135,1
20.04022959025363,1.7028901855274228,12.948697681537467,3.0,0.0,118.64990073209034,0
337.88389562693794,88.12157008709727,22.521450185353263,5.0,0.0,180.89462239151487,0
255.79011378357785,74.36861334870636,14.068385627814486,6.0,0.1544285763649696,49.27378221048764,0
250.15290970509932,65.35628698867349,17.362150057351087,4.0,0.0,145.81067067900858,0
318.9728862190015,108.60665865730893,19.766706151170684,4.0,0.0036938721688329346,92.96301149039701,0
75.82784692533303,6.364028078803166,9.866354447390801,3.0,0.0,58.73632358722274,0
84.5938882426965,10.604412358751429,17.633915104706706,6.0,0.0,139.43315587465068,0
360.03904763726536,81.42245491809528,23.52506769203572,7.0,0.0,176.22056444008663,0
217.95575266123578,8.329191115880477,0.2128342514046606,10.0,0.0,130.19986310204746,1
71.58199330512134,32.886195383169145,17.082734959275193,11.0,0.0,86.8711057138335,0
267.53596994091555,58.10790642342172,14.22470687690837,8.0,0.0,102.12227476347888,0
2.8204654309107866,2.9255509648358355,19.416317857742072,4.0,0.0,97.13639809858364,0
139.72344428974458,71.94010556691914,10.175073236219927,6.0,1.0,111.48524709865413,1
377.30074961907076,127.1740110308533,18.13384919307444,3.0,0.0,107.93337997863745,0
285.89370232782176,81.66207789791773,14.281649097318255,3.0,0.0,127.24238491866728,0
85.64620277125442,45.95994133664573,25.448840398366478,7.0,0.047710051007196774,46.516639235906595,0
64.38193721246412,18.472416056460958,13.297808331384536,7.0,0.0,29.54702780588873,0
297.9676763054224,52.34565742745325,20.891113524282193,10.0,0.0,115.78607246493084,0
332.8489860994085,96.3513858192116,19.578992259253187,5.0,0.0,143.4202250342091,0
51.64747664103899,3.633477459325036,14.575367565356578,5.0,0.0,95.80372489102331,0
43.1155491303804,26.235721246341697,10.272430362420437,7.0,0.0,17.625924479306782,0
40.77230415825035,9.149429106675449,14.695231283816893,6.0,0.0,105.06646553738409,0
239.16243668244707,66.86687262298429,20.266547765718403,3.0,0.0,117.70040235770738,0
20.727269674892867,78.69328835701896,11.256468861804176,4.0,1.0,4.11645206216944,1
5.328973920984453,7.627578575521426,15.78339463508248,3.0,0.04370343449247982,36.979500949666715,0
4.5450832250187005,6.070562990461951,19.9315071022081,5.0,0.0,163.18262987578365,0
0.726386801005404,38.953855136745645,9.918578051202516,6.0,0.0,7.635549954857641,0
64.69497629756692,10.824383152011606,20.848190212501947,9.0,0.0,65.49984883916076,0
57.092123688167064,48.74326628362509,10.369164846186624,5.0,0.6040000837913938,178.21692552998826,1
148.15343658298522,8.18448770440203,10.730547183217006,10.0,0.0,1.6018964566365845,0
397.24547994359847,95.37647411727234,28.29451170020564,8.0,0.0,173.67039868186174,0
177.89001701393457,151.7951471868398,25.770117585306803,3.0,1.0,75.35716169195824,1
216.5884052964914,60.2233596690608,18.15254440849477,0.0,0.0,123.75633643267315,0
28.580105803096274,15.296321185699398,13.242682968402962,6.0,0.0,68.03061403329511,0
301.1764009280887,93.66097251791541,18.440492743050584,5.0,0.0,77.1841582351441,0
18.520140964374818,38.73081095371809,20.758720869530126,8.0,0.0,55.0552922700397,0
43.51105175495506,16.690995860854947,13.759852521765938,2.0,0.1281006313223748,61.40354091431813,0
64.04369834515947,33.312635824816105,17.7423345090344,5.0,0.14899071406136344,57.82973036862542,0
115.64677714045413,36.89126247825695,7.980240593064041,2.0,0.3985108464542101,46.266235893417935,0
285.4892196285308,46.77889129165753,13.033033111876048,11.0,0.0,70.5354815418641,0
103.117236494383,3.0312127637254704,15.35973295305253,8.0,0.0,117.52536517287027,0
203.86443503895504,54.3329932559334,15.8357033120652,3.0,0.0,122.78755968421306,0
264.8104216830517,87.8172676027329,17.256624892657015,3.0,0.020210958690717984,94.71642833739439,0
241.81986180235876,56.97174372531881,13.530412244577038,6.0,0.0,50.83649127564128,0
37.14016275155059,34.8401729004366,21.899854674573334,6.0,0.0,53.002290110423104,0
331.6467927344793,79.11404127061692,10.855523563559736,10.0,0.14119599146314699,75.78691755344138,0
83.60164428832132,21.729821114470035,24.447295463655536,6.0,0.0,231.6305686748467,0
101.27319553135473,45.283701269713305,9.382825148458682,5.0,0.0,60.36361911866561,1
18.661148021014704,5.947262367461228,23.843818183056882,6.0,0.0,182.64464802257922,0
36.570459060717795,62.4904768551294,20.317703445219585,3.0,0.9630937373800399,88.99276067159747,1
102.10203741658103,33.52455161628525,23.66101625761456,5.0,0.12445249656319579,128.738381181156,0
295.55090760005214,64.08775029408355,15.95243533060823,10.0,0.022698033801827888,91.35213642676976,0
112.57831493721497,48.49685356986099,10.196818692287792,6.0,0.0,104.37650996339327,1
389.7622039274577,109.54357193238897,25.81724991741369,5.0,0.0,181.94738349772396,0
375.24442408029694,75.72241904185975,21.07667980518145,11.0,0.0,148.19634493236907,0
278.97391976860234,29.259210201995757,3.9896288595794935,17.0,0.0,144.39258080887376,1
83.92237293395846,46.73879016021195,18.043843063583147,5.0,0.0,82.33570595060556,0
66.58179716047631,9.463727570671793,15.37910700757981,7.0,0.0,12.916299307719939,0
272.18891626412585,53.29323391757011,18.73921423634313,7.0,0.0,129.8523495604201,0
127.77697186297644,128.01035403411834,17.992282618353993,8.0,1.0,97.60713345021172,1
1.8818696363559297,40.90273165640335,18.3730428025297,10.0,0.0,73.69451199989655,0
303.878005552726,101.03473593819571,25.12720971070621,1.0,0.0,160.3375640912592,0
278.147067879716,76.22366875840613,15.449612836960792,7.0,0.14763472746798278,71.68068242778453,0
54.968839860760454,37.37702317526431,15.895296916295244,5.0,0.12226522997223055,1.9796489073429946,0
134.02389623201861,1.0928579119174486,0.560984170824188,4.0,0.0,83.63529822372828,1
35.886105793869035,17.909066781865974,9.754163890595919,2.0,0.21645779009482946,51.188115983954674,0
137.3943388551641,35.77682516592357,17.209750935663912,5.0,0.0,139.31146661987353,0
84.66558707218033,15.157313687887344,19.07879824685382,5.0,0.0,154.36183611221077,0
44.63577938611573,5.371364745698301,12.863465987898323,5.0,0.0,52.78736444538929,0
41.593016915115726,57.819184113497286,13.32636436569205,8.0,0.0,0.9593970944283114,0
3.9921552993242955,22.34444541549847,18.335404011242147,6.0,0.0,108.0148330122207,0
231.3797480196896,35.838349837480656,14.359343819625263,8.0,0.0,81.73040819606548,0
34.551201219909274,13.48845392281126,14.490458950585488,5.0,0.0,11.292658790593286,0
249.8089463974805,65.68682371373428,24.738721255816472,4.0,0.0,125.53122996088246,0
140.0925464024594,27.192516341543673,9.036977280514952,4.0,0.0,63.33431781106542,0
93.02798958557324,2.803441266262894,19.4684528368934,9.0,0.0,162.68735147842366,0
382.1354141810187,97.14969733416909,20.369877721609942,8.0,0.0,164.3616806905416,0
33.45312114898126,22.813208108794583,8.263839991741916,5.0,0.0,22.449909760050488,0
56.54971818171167,17.102719754787614,22.200239436903782,4.0,0.0,156.90263825835035,0
3.8648568458220183,30.77765913766763,11.923344300052307,0.0,1.0,44.20201402355283,1
38.82941474796385,12.997646155189983,14.328334989299574,6.0,0.0,91.46705799946272,0
57.03391180781237,0.21506313773299723,27.724852493012158,9.0,0.0,191.21958950017876,0
328.91848399229264,88.83266623663486,21.229177414662537,6.0,0.0,121.83610564196796,0
340.73821421379483,74.58710291218082,17.244186443255142,9.0,0.0,110.53586043833906,0
142.81289933951274,17.280005724817187,8.964137035124851,8.0,0.25146790773967936,20.20733229124744,0
48.20433649940033,0.3293891730206333,18.791872676383296,6.0,0.0,121.97656871500453,0
119.5206535896285,121.13775531709207,18.003115793987938,3.0,1.0,20.343935104768907,1
309.8535379466995,79.3780528791354,16.793280776332068,7.0,0.0,94.04657291552353,0
21.441476536543092,33.66847346314156,14.45548133495755,8.0,0.0,65.52701961974213,0
138.528109623037,45.06827375534834,7.178589132779974,3.0,0.449766306308245,10.913266687708383,0
122.3612153795117,3.394474323030046,15.82667398697568,9.0,0.0,80.95776683222688,0
100.13123247632322,48.54520275805899,23.031595643532057,5.0,0.0,71.77207061306562,0
6.342135892792271,5.8867551743630315,12.294974770815323,2.0,0.0028959659855831155,91.59232255255571,0
259.7416625264848,79.75585323647957,14.97648285307861,6.0,0.16900487916847157,45.36019432026674,0
37.562509291968105,61.49031632965331,9.554406579048965,12.0,0.0,26.696906777392115,0
347.794985162195,94.09178360124801,18.61761700177616,6.0,0.0,130.2448486279982,0
25.60629682363789,42.94673333927963,13.188808364575449,6.0,0.0,28.08692585974697,0
131.14802900536327,17.65808756219257,5.940664616303821,4.0,0.29233567466114996,142.76545951033623,1
55.43044889696969,9.713063372831211,17.965781855799094,5.0,0.0,110.58478112688236,0
290.8896457648429,90.34937889316195,25.480461071079294,2.0,0.0,166.45122689560273,0
159.2611081806184,4.644653146536875,1.0808957101400978,8.0,0.1043740317510864,142.45142519455368,1
185.32230874846746,53.63609901386705,6.060500842908583,2.0,0.0,108.31989728827611,0
8.608671003344242,56.02505453984776,16.06638082366104,10.0,0.0,58.63684163905898,0
114.67300978984517,34.39797676230751,15.13582993625403,3.0,0.0,199.45973803452233,0
80.2744825534847,5.625423181169179,12.817280102712274,5.0,0.0,83.2045430436027,0
376.0197746989648,99.93075850990051,23.939663623416312,6.0,0.0,129.5559137845376,0
36.50699897070628,3.2049563955738023,3.3502398193130674,1.0,0.043927636000972825,3.291051515035015,0
52.864863758432826,48.984603151380725,10.265535938365772,10.0,0.0,14.66022736367174,0
261.37374518217723,58.874613900541945,24.2055880932407,4.0,0.0,167.1956956250899,0
92.16034437254463,1.2269005307183107,16.549798076095144,7.0,0.0,73.01669620037848,0
124.15876310869177,2.790284253770565,2.630936986738913,2.0,0.0,137.54447758574847,1
159.0940840201211,15.272263175137617,12.004856842271845,12.0,0.0,67.02261405115145,0
155.41749026338584,9.157372871255749,8.641846024598825,9.0,0.04900477320403196,19.42889476365888,0
86.83356773298019,8.525997433551758,1.8983665623464283,5.0,0.0,23.234626700354582,0
85.86666208440022,19.061090528054756,11.577350315670543,9.0,0.0,8.676137681996767,0
291.0246277215263,87.1590590298284,18.792191365328513,3.0,0.0,125.7799738358436,0
43.545975697599616,13.812441532038527,23.913879627677364,4.0,0.0,190.39007115830924,0
77.45366298317452,5.205917074667006,23.903312402747055,1.0,0.11968826051759668,152.00022650297495,0
84.47172273618214,16.621127163710277,12.050835016158171,3.0,0.0,126.96774299305648,0
18.595842176615207,10.164563110764803,25.893529174318868,7.0,0.0,152.9445596362907,0
112.1674401668643,85.05994573243885,17.566131900368394,3.0,0.9311798428227178,160.01869784735976,1
360.7166635081904,80.01946410646576,19.778534094337143,9.0,0.0,137.28426118844686,0
13.027034537660853,1.8141999536069946,25.707204867440375,5.0,0.0,185.5683465513547,0
22.880849502743274,5.324297584118515,20.371132453365092,4.0,0.0,162.2202177970841,0
417.0930013683931,127.49172022452882,37.05713460681396,2.0,0.0,267.07725032031544,0
163.81537654008923,29.219434743765333,9.532688054160024,6.0,0.05420157237566203,46.922269752145816,0
7.1412848217562725,5.55399572298078,23.53194875489977,5.0,0.0,136.85465716424187,0
336.1669678880504,125.32314293966024,19.351826498167092,1.0,0.0,128.36523145290812,0
35.3477932715894,35.52316395084402,17.376811311970826,10.0,0.0,89.7130302500718,0
57.14756487302611,22.891250924574244,26.168562345272726,5.0,0.0,106.63541000749379,0
299.08735542771973,70.93808190750579,21.55015808288476,7.0,0.0,118.49654964450033,0
360.21705180499,110.65003336869992,23.45762472027493,5.0,0.0,147.52645336994968,0
248.29206375855074,66.03598329695231,15.508448814208345,6.0,0.0455348128219778,64.13127014646066,0
288.17505373034555,98.26787981989162,11.242021514006295,6.0,0.44784094798696095,14.446436030044563,0
189.32474157585253,34.46775536778654,4.776268375942884,7.0,0.3028201205684009,32.24590856789689,0
0.9950037634551734,19.18882740255826,17.21660162528146,5.0,0.0,26.376004143144982,0
74.14911758907425,15.088080833838731,18.425622092516214,9.0,0.0,116.04412997281929,0
41.45756377790917,8.391482702861666,19.78229123430856,4.0,0.0,111.09180087991666,0
265.19737053807444,76.70448686431642,16.320225615291264,5.0,0.0,83.13761465712577,0
52.35109807901726,22.610516039539036,10.334060158947658,7.0,0.0,0.3568658405430547,0
42.284648810324185,38.24149148883376,13.072899285849466,10.0,0.0,10.416682589940933,0
339.8025121433389,87.83597885036694,20.466030574464185,3.0,0.0,180.35318627740978,0
309.74282624806807,85.41403756390481,20.12828826360783,6.0,0.0,113.07444362948851,0
248.90627250835962,66.09228806636568,15.735214541477557,4.0,0.0,128.52433184153386,0
254.92154596979165,56.268080531239306,21.03494542159897,6.0,0.0,127.05721772483147,0
355.3555367310222,91.95887658389793,21.90401109098451,6.0,0.0,124.79866910888724,0
117.71857570127452,39.27672015770784,26.7497267218773,4.0,0.03985110322876395,89.2210627474811,0
279.4385138478866,69.59891381498798,17.42990441135192,4.0,0.0,132.35638919695785,0
36.7624251218615,31.15190080319376,12.71487744524727,4.0,0.0,49.87873339372926,0
33.14336060293519,22.78383212475818,11.52899152252644,0.0,1.0,9.845623685583114,1
114.13993439160276,13.495335645156388,17.112736819701766,7.0,0.0,134.2099871604536,0
106.96548944899112,10.486840283644433,17.95140822784841,7.0,0.0,126.86434649170351,0
273.4994334732361,79.74932490283625,22.178255175838085,2.0,0.0,143.13279049839483,0
17.497244726861695,46.43791297362284,15.583836688842723,10.0,0.0,7.956653484905971,0
64.45935951792538,14.590899915453628,15.666124695227632,4.0,0.0,113.88833287450267,0
289.1872629153014,83.8118031228237,20.32104274811891,4.0,0.0,125.55213361759328,0
4.5557119597079065,25.652507708716854,15.987132199400921,6.0,0.05475868315274146,7.42186503370494,0
51.33190212245245,58.99318801149221,9.882263695619722,6.0,0.10517866470501297,74.98260391273206,0
22.05609441922679,45.84536655162706,11.325615736735859,7.0,0.5582842031040387,136.15398515668628,1
78.38093633374146,11.309282085015624,26.964585036689805,2.0,0.08977277217742569,94.86435506951014,0
341.51966238555025,83.5249138564862,22.858043994343706,4.0,0.0,187.97884715960137,0
197.88974361722143,46.50486556671602,10.905683286124066,6.0,0.1392888597487194,50.5632072284481,0
264.12995852064535,88.314828681551,18.094098921029868,3.0,0.0,111.22692742004796,0
360.2598845261121,91.11078136243728,26.266874721167937,5.0,0.0,191.79547338890146,0
57.49573223891961,74.29725819776436,12.19984131132405,4.0,1.0,88.53965324833487,1
18.409496367910208,24.744409263911677,20.552575221585595,6.0,0.0,147.82184328688936,0
47.14055672915105,14.745915245683683,16.650894189147365,8.0,0.0,85.51120083899961,0
122.29561794258154,17.143563589675246,1.87047872816537,7.0,0.0,98.33304689065942,1
144.9700155866451,41.873529970260364,3.1879505625655753,9.0,0.0,92.41795872501132,1
259.17273040397356,76.37791855254014,20.049471761028652,3.0,0.0,162.88788853966693,0
264.67997167188577,83.09629711749567,17.276135033788826,4.0,0.0,60.16137146278318,0
12.656797150229778,66.88566842858211,27.727933783605394,2.0,1.0,40.949592209747976,1
247.48414882993538,53.693771704644206,18.611639189182824,6.0,0.0,90.24046579074785,0
149.7561109922992,15.614382162454268,9.35587284305267,8.0,0.12393468469389829,46.99650696160073,0
117.24132501046165,14.487396105473396,17.248390469369397,6.0,0.0,108.28151179636873,0
16.65971205618473,26.60666725368923,16.848268663457983,5.0,0.0,47.88056549645924,0
131.66515179328846,7.455709233056844,15.842609309790717,6.0,0.0,78.17592488460751,0
215.52487325725247,67.042044886154,11.815402153992546,4.0,0.3051335496005763,70.98109013872505,0
92.7361182532899,4.288247977272221,14.909473342731122,7.0,0.0,54.6855689440132,0
45.85596563609448,73.98898956374744,21.982263040981195,13.0,0.0,52.16409935688621,0
42.671147747165875,61.58827889022582,21.86751429660097,10.0,0.0,88.01255209361148,0
75.99761125125909,65.98762862622586,11.16023552492204,6.0,0.012801339722402882,25.931851242273414,0
267.2308418865092,81.97907376275738,13.65210356553455,6.0,0.24598945427491664,48.348295404166194,0
265.457151210066,80.97081345643319,21.429358248653134,3.0,0.0,126.66970504257895,0
308.0054610169601,64.88742324226271,20.351805942975567,9.0,0.0,131.29635921660906,0
86.48356284640359,0.40290326496347006,1.6328162937848223,0.0,0.0,113.68868048641262,1
16.536583072968646,10.946103674639218,13.471712176107411,5.0,0.01649875878789686,98.58294178563675,0
366.6035657138516,112.12715994471336,18.151744394468036,5.0,0.0,113.50936287945015,0
68.38076036224156,20.243880556148014,12.909497542678952,2.0,0.0,69.02542419399188,0
8.120127646145718,54.54215061824965,3.7916618448261747,4.0,0.0,14.304446352857259,1
213.97232053985303,54.299477931015204,19.94486482397518,3.0,0.0,102.01078964811352,0
336.46729699191934,82.98364228218671,24.878982599812392,5.0,0.0,186.53530361912175,0
66.33170816237286,3.0772554975429323,11.101602056526291,4.0,0.0,80.16042599824637,0
62.02793313996526,24.045167058249966,12.904781821606687,9.0,0.0,35.11961356971085,0
208.52864334299903,36.98654376105088,19.76618354522826,4.0,0.0,95.35810376370492,0
281.8826733926534,75.19967687316891,9.288221149882371,8.0,0.2603647526960893,31.752395884356012,0
266.6230162242052,104.9394497088283,18.90271472057581,1.0,0.0,103.28422534111974,0
2.4961756636847667,66.71821581290914,17.56365109617937,8.0,0.7902781520407871,82.04368911121045,1
39.366791551462214,13.656908196246782,16.154754416586265,6.0,0.0,49.659336872763866,0
252.6075439394774,74.41033270315857,21.10790256288623,0.0,0.0,156.92359315655042,0
61.30846862620001,30.110708608779802,12.51906492105433,9.0,0.0,21.96983870284992,0
257.4928116743315,11.389703954113266,9.163840713257581,9.0,0.0,98.93336070539056,1
35.64066038265162,12.115442307901148,18.136059983617308,6.0,0.0,125.95036975655321,0
56.373881328670585,1.081441260075664,17.445752748120643,6.0,0.0,134.90263478344923,0
329.11067570554565,93.75214697491909,14.851893713766362,7.0,0.08768739106205575,79.37775790827132,0
324.1655762391095,78.29881351166783,22.773940559841815,4.0,0.0,163.77385867121143,0
308.8452917185707,113.21087551099289,20.38757153242387,1.0,0.0,122.30094452066308,0
45.23377670212862,15.65129465623371,17.978613536535086,3.0,0.0,140.34732555215396,0
15.474672887228778,3.860924882983795,20.352058775638984,4.0,0.0,216.453461960989,0
60.43389997552255,16.94011413604204,12.257628723477216,6.0,0.0,27.547105331692183,0
140.2385946754863,15.294527581327785,7.5248713283103115,3.0,0.0,96.7446747260581,1
57.411082940759286,45.673056187147296,19.826542032260377,7.0,0.0,95.70990479820682,0
5.821968029694858,18.294009497185616,21.74607041226448,0.0,0.0,217.59736896241117,0
54.59272445621394,57.62982530800198,17.33663594494353,8.0,0.0,17.710082741358278,0
296.601568395373,78.3518521919631,18.216301783902562,6.0,0.0,84.18789960414739,0
259.6080572151013,68.86885195759103,19.73029710598875,5.0,0.0,112.73450683683707,0
59.7487408758697,32.84234559662916,13.679006934152254,0.0,0.06600920547882771,78.21667799131885,0
36.95057436336307,51.376317723857326,18.433990840644555,1.0,0.9746874227084669,102.46316933876032,1
305.14611041638494,80.41137997320679,12.099172317895851,9.0,0.2521277622478625,58.28149741018919,0
456.6244649276075,133.67825589113613,23.958187679600996,6.0,0.0,153.58748407466908,0
125.41819986157893,69.00682162279409,22.26600169199761,7.0,0.0,69.04741221142729,0
295.98002884627317,69.76178102710259,15.163439114361019,9.0,0.033901458930108874,89.85878565379883,0
59.63092722792298,10.023447436230967,5.516715014937674,2.0,0.0,34.787458365709185,1
24.335141933197576,5.4736637322957975,22.829661517403846,7.0,0.0,202.42108999739727,0
64.51651139289328,6.593226991670996,14.450013301641242,6.0,0.0,26.124262554995028,0
131.17784191754942,11.820767470339739,20.322115185572198,9.0,0.0,178.73985613130446,0
166.3065121934328,20.112071829399376,0.4177020907394162,3.0,0.009624404434587785,156.23892671618987,1
67.2028242981874,18.651037168433994,10.06475044712403,6.0,0.0,24.569378711220736,0
94.54339809490065,0.5388543526880767,16.598233770724562,8.0,0.0,131.36695268864148,0
53.969023325214906,36.51118097402188,7.443783948903127,6.0,0.0,85.07028235101811,1
124.09840123965974,8.795177986124116,3.6144340141075935,7.0,0.149973032436296,157.26908325186255,1
26.262537592561785,4.896552402841753,19.83006591317627,1.0,0.0,178.496950090898,0
7.48460830187453,4.850377617071942,22.16210864211629,3.0,0.0,158.58240973257887,0
39.91695375868281,6.293486594972144,16.602753076407346,4.0,0.0,167.22129305931014,0
192.14887447247577,9.919205368643283,7.108677620477845,7.0,0.0,107.50419884919614,1
16.66889219034789,22.009483913562477,22.06726142686832,6.0,0.0,58.24351946735,0
295.8798029421842,80.93816457040245,15.278753487940744,5.0,0.0,83.60086234606912,0
362.5597682446976,103.22603413663855,29.651288813024898,4.0,0.0,185.5728160465864,0
356.5795747422802,89.41215456006559,21.50117157673254,9.0,0.0,134.50317823119335,0
50.477317479673886,6.538899109750524,14.992635169397182,5.0,0.0,55.55196875996609,0
14.528196603083884,10.561810949469788,17.70514444585585,3.0,0.0,64.57983430386567,0
45.65327903204956,17.61918976072306,12.772746751769986,6.0,0.0,5.079467222554825,0
105.37247289349975,39.43797306612986,24.11090488538467,5.0,0.0,134.4923700672815,0
1.73693256106084,44.66820694211776,17.333468406901623,10.0,0.0,75.89697773038908,0
336.32248860207375,99.69844336255761,20.469240603148126,6.0,0.0,95.11063793072915,0
43.43001251538095,55.63382698906749,24.017841214839244,10.0,0.0,30.63934193179398,0
30.612662343633843,8.228750850537075,16.822462377751915,2.0,0.0,146.6674214983962,0
126.36679745140222,57.36459983254716,20.220879092769124,5.0,0.16493564375632586,51.26465608448373,0
66.80012802588088,7.980102090692313,15.818896160275614,8.0,0.0,92.34053120456016,0
244.63992248939542,61.719135824187326,13.252395802785845,5.0,0.0,83.3296909497782,0
384.451817112545,105.07351805990996,19.180449229049614,6.0,0.0,142.86958117491469,0
214.34187532679795,82.30980150420262,12.182472976250583,1.0,0.24583940908310603,41.03580651513148,0
200.32955195727834,39.68816292992628,14.382327869874507,6.0,0.0,100.84095246250187,0
4.844863985915296,27.749914169262446,12.494593362694278,4.0,0.0,1.7040865309972375,0
225.551904350938,68.04395739092456,15.640718247426182,4.0,0.04318913646251443,68.41774478177825,0
11.602674873141957,12.812456970718536,5.099847124918782,1.0,0.08569692373373528,19.10889892597881,0
269.00986381231337,74.01888810182939,17.845431230726867,5.0,0.0,86.69627862290847,0
5.369989024422566,9.23124954453759,16.808953618370886,2.0,0.004645582442329155,138.1857302420286,0
358.2034584303807,119.12966976261318,24.522322094824844,3.0,0.0,144.60186003891664,0
266.7710714648143,69.22858049546495,15.631747817482072,6.0,0.0,62.93237360004498,0
136.2144003392815,42.184844875510514,12.222748986549458,3.0,0.0,140.4234557484999,0
256.8886697748354,14.127207096106913,6.2119583763210375,5.0,0.0,115.40516736088,1
244.61830055170057,74.69906740170505,9.645851450466091,5.0,0.349855364308282,40.971537775203615,0
188.45796626214008,20.027203473892364,1.0175068069477966,10.0,0.0,161.7467819886351,1
2.668176878140656,27.27970750684095,15.764968110118591,6.0,0.0,8.014850297974576,0
67.73987992768836,8.945603857167448,4.923991632735225,1.0,0.0,78.19701257689644,1
318.4143185838354,96.51814673623997,20.649587281694416,1.0,0.0,182.6348918307458,0
296.18316439563273,77.09447861582507,11.202971974858045,10.0,0.39442302727098766,6.280808771366004,0
111.46609258839771,36.62217843009597,28.772923485840945,5.0,0.08854789753860937,106.31830118883212,0
5.109857529107572,43.152759694745924,15.68468419941657,8.0,0.0,22.383148306236365,0
106.14427056190806,4.90234770008513,12.37303410983192,8.0,0.0,106.90700314554891,0
148.20446427811285,45.58058414607608,30.835965172318364,5.0,0.03593869232829949,138.55980996566333,0
371.11555918298586,94.50744691627703,19.2884454860311,9.0,0.0,105.56424679491275,0
341.7170574671836,109.42639968031314,20.321676044031086,3.0,0.0,148.21711183940764,0
57.50327254372286,28.612393155239523,12.025408978403043,8.0,0.0,1.110195210466749,0
248.31906225008927,74.87535789709452,15.527101678567677,5.0,0.1021732968525666,64.470398657257,0
309.9658676171315,81.80071622324462,18.279063793415816,8.0,0.0,71.07204952899423,0
111.82380951308988,3.233965594553183,8.469722855159448,7.0,0.0,53.022733406794686,0
0.6068707475723443,30.428722680310415,22.7431511508865,9.0,0.0,108.93654748605275,0
188.5616221167788,26.489656823294887,11.97767535150781,7.0,0.0,80.31500179016393,0
81.3647407562218,50.77964688243202,25.955707904649035,8.0,0.0,78.64819045033677,0
204.41686091604458,6.192802871454582,3.9308913234212683,11.0,0.0,72.17194992449811,1
25.087721670633158,44.847022640062555,21.245288712679216,4.0,0.8940095403858201,50.928931781745405,1
37.59632227528144,28.360544626321285,16.33737485096571,8.0,0.0,25.26383995364747,0
11.457189621357571,0.01713279586394023,19.854706808417028,3.0,0.0,158.24739786717058,0
191.18676605613683,34.24147536391072,17.55390047325082,5.0,0.0,87.9423757129378,0
444.43931139854624,130.46603914407882,25.529390841100906,6.0,0.0,166.3693849814208,0
141.447408095134,16.93626553136565,5.773579157456926,5.0,0.3006457845147183,147.13940732797067,1
210.9420383541058,56.355148826559955,16.39720842275232,4.0,0.0,85.65373737722412,0
339.06080929877123,74.18300240789551,22.45428082842833,7.0,0.0,152.4643410866872,0
33.0580107503836,1.3711750506832914,17.022428455754955,4.0,0.0,93.55711647007669,0
37.86337172878669,27.68145449390522,21.041883207802513,5.0,0.0,76.85577084367398,0
80.19882002923762,2.798678401993861,15.186185995864246,7.0,0.0,116.63360170182432,0
35.67745936256711,20.135354643405527,16.62676282745695,7.0,0.0,102.96962401167437,0
98.27887543210517,103.24814493229206,9.14254911260563,5.0,1.0,65.16846994853717,1
56.07963095737961,65.14940815744482,13.301855038429004,3.0,1.0,45.44965940259178,1
399.62640230844346,95.14190878898967,32.29436109493007,6.0,0.0,236.76436423354238,0
337.195157434042,83.70051187719288,19.46194376847102,7.0,0.0,147.41292598743198,0
131.82941237494782,31.01072372333836,12.922648308526156,4.0,0.0,142.30630159064322,0
61.71748479597578,6.3669033232098045,17.137647586313875,7.0,0.0,141.60010749896554,0
304.37323004175886,81.97972256313547,19.5851120416628,5.0,0.0,120.96888709634143,0
111.85396497573026,15.575685917963522,11.802733746973656,6.0,0.09229157828559259,22.899107638303995,0
58.71734381234381,14.188241758398298,13.971999062672802,7.0,0.0,32.86009602003173,0
322.54467318609153,91.84668152932417,28.85777942177704,1.0,0.0,188.0066528343929,0
311.09124042770156,87.60865569329536,19.958620185219385,4.0,0.0,134.4357258955685,0
11.715335518133699,13.688410441082954,16.90128471113018,1.0,0.0,189.5746503576649,0
51.49948932159177,61.299571471370115,15.509012030243554,1.0,1.0,59.31113209940173,1
48.1234028958649,7.861537045317299,11.525466766700013,4.0,0.0,67.77873626874326,0
355.23557319080726,127.42739918677631,16.247687359949577,4.0,0.3126177288984452,106.24669178935507,0
111.94887275914252,90.91286049999079,10.14320767558186,10.0,0.5725327973615016,178.92656332797822,1
305.24429531345265,64.96891555738154,22.24060805557231,7.0,0.0,156.5183668429612,0
21.78069400044994,19.616081767248765,27.33999096658279,7.0,0.0,148.1535265312528,0
364.43055315305594,109.59708866032241,23.87453214473288,4.0,0.0,142.04892485768784,0
210.4059683267757,38.97238048402896,8.230842642438665,5.0,0.0,133.93408305579223,0
54.576765946204205,13.36917052724808,16.866957969220785,3.0,0.0,112.25551495225653,0
223.9250059579606,39.11013527888789,15.117553512612897,7.0,0.0,102.35032875079352,0
187.57376291357787,51.71087300951632,10.018659861526562,5.0,0.2064539760973093,31.881415060323217,0
289.1257162280442,84.35319551103329,18.622587871211383,3.0,0.0,148.90462916081384,0
307.1849087919842,86.69595003104608,13.798812027095334,5.0,0.0,98.00691323932979,0
271.97128431149565,74.35564887360698,17.66592365324193,3.0,0.0,124.48208825757335,0
174.7816865691327,41.69549700822462,10.84271712524045,7.0,0.28987946408937576,24.060076567089112,0
79.34432707440808,70.79112582051042,6.985826008450555,6.0,0.7718571477108539,79.63373773607685,1
252.09756883570935,98.98061673011135,12.62710219297643,1.0,0.23334392152776073,57.63449396395691,0
38.64548806540118,24.195734501405788,14.982905230177183,8.0,0.0,82.08929547424796,0
130.43752457898634,54.449817105235724,21.530196708351532,4.0,0.16978794854366663,25.02607256881676,0
257.16876097873524,88.6965782604628,13.35051691090098,4.0,0.30059418403717847,76.5377566560416,0
15.318785568442586,22.985380977319352,16.950824740166745,6.0,0.0,0.7280497829713539,0
109.71689761850173,16.08040527638675,5.186801977940318,3.0,0.0,32.03429432116609,1
325.22280227721177,90.05125329491526,23.971414905607933,4.0,0.0,139.14918422882306,0
123.7640710975673,63.66627667353937,22.699787197264385,6.0,0.0709458580949075,31.984997568800623,0
76.38249132847096,44.438466547384564,22.552163773887223,6.0,0.012653906759282685,43.028684820781145,0
289.5039550508762,89.22421309330616,20.118427528526315,3.0,0.0,103.44522959136243,0
83.76625483354803,14.431823935270259,7.645998778725712,7.0,0.0,59.48101363939493,0
219.8284519819651,91.0670223192182,13.520350912232269,1.0,0.11643769480846927,69.74847338530178,0
141.26320572481234,34.04980911248889,22.379810028199472,6.0,0.0,177.19649117880735,0
24.254523998222666,42.71857708210008,20.834044280183058,8.0,0.0,50.82195551804741,0
373.8980749106319,87.7475325548665,22.138632824806596,7.0,0.0,175.309499084754,0
48.14765993686561,24.618620414189767,20.90155509486833,3.0,0.0,126.06280260738956,0
306.95323024192015,98.04533652995968,14.246286800185345,6.0,0.2571256597314233,34.8705591005952,0
98.78375251959743,13.1592447580826,16.28149998811825,6.0,0.0,125.77472519923862,0
154.18426178282942,25.061571002755212,10.619983791066534,7.0,0.1537913909842994,23.732428042495457,0
275.81625286633914,85.96256348323985,11.840176012858329,5.0,0.22613060465533574,44.23839537929811,0
315.8634733661207,93.38910185517693,28.827018856265223,4.0,0.0,146.27763329830427,0
354.2443014349443,102.17832166888911,18.831997259077532,3.0,0.0,162.96359192464416,0
65.15696115512367,13.990435393281544,20.2696167692797,5.0,0.0,195.8841010171366,0
238.8198017145258,51.035264766051206,11.564077891509026,7.0,0.006656357326281781,62.29673041381318,0
150.81976964333865,2.5553929041106187,1.0762730806654357,7.0,0.0,97.55991191371686,1
15.531660351480468,22.829241846832147,1.7737885792703434,1.0,0.16753493450984308,93.28542764804304,1
30.40149685870456,4.51016058458265,15.475186136202653,4.0,0.0,65.62833674934053,0
14.254486591060143,20.825684512961956,19.912384050817174,5.0,0.0,109.25293555490343,0
248.5120286689261,38.583772489772734,19.64571517852948,8.0,0.0,100.08728334138493,0
96.58753168275987,58.22125385630298,14.22491581747049,5.0,0.1671593642009665,6.7445687159660395,0
373.0088992692444,92.68477518061965,17.92786603127415,8.0,0.0,134.1506928959277,0
244.47031691802653,61.87228929866181,13.311296560366399,6.0,0.09597456146770922,105.1618382880759,0
349.68457676120715,109.22682718522177,18.150634907220265,6.0,0.04478991954618122,86.33404819056192,0
76.61723558022872,9.610297780674593,16.74892783092025,5.0,0.0,121.38297388040993,0
17.030493953234384,18.377588753651928,20.825709753176383,8.0,0.0,110.5987571784313,0
482.30229316278763,147.88869048410365,27.10664799537735,8.0,0.0,170.46418713999682,0
203.37327695070655,72.0051543663439,11.37022652239321,4.0,0.3973459855612651,13.14741277880442,0
247.2470188077339,38.544784063849804,8.629525093568176,9.0,0.0,44.7728667562274,0
67.87156120889452,34.254881456706755,21.325270996629726,4.0,0.0,62.4458275501203,0
330.8598991187388,89.143826642419,21.620217331792333,5.0,0.0,157.94130185086132,0
84.42302748140753,11.68375917544762,12.722743928091269,8.0,0.0,47.147635512433716,0
47.93055266506272,21.13624097781647,18.321597003368915,4.0,0.11220779319104979,75.24268671300526,0
397.0605058695532,116.99565426406208,21.570386132522504,6.0,0.0,111.88435933977316,0
92.43127124741333,83.64210630995143,15.258907316471063,1.0,1.0,101.65325064382532,1
31.59253711444869,24.997963910935397,18.0788047037141,5.0,0.0,162.097355877939,0
435.01046161443753,102.43908665073968,19.98398290423841,11.0,0.0,121.5301633715842,0
380.87036108167496,103.95698478344839,26.381821136756898,3.0,0.0,240.67208200829634,0
373.9266952437933,133.11692088115794,19.759807763241085,2.0,0.0,112.73342411330378,0
321.71562208599363,103.29302173378862,22.813375803449873,2.0,0.0,139.94297353153792,0
358.79905079402147,95.90245690090804,24.543409973652448,5.0,0.0,148.21834823787017,0
294.90303051600085,72.91281847928518,21.973004326424814,6.0,0.0,138.42136871520788,0
11.65162194739657,31.916009863226904,20.24107456065363,8.0,0.0,87.03807451911456,0
200.2870681661164,54.804936528798265,12.25394427342625,5.0,0.041761402022072125,24.893965374880665,0
122.18529830518042,46.037678423526756,20.270560223404317,3.0,0.15482056884257966,55.318320424258815,0
49.52194913717028,50.97934624081512,12.934656345632945,4.0,0.7366824126596363,129.56819190172007,1
181.45907951790025,29.762735635639118,4.198458444200636,3.0,0.0,26.42144576308711,0
275.48514588163687,82.61342709351754,12.320172085105902,3.0,0.028866608374363112,133.4235896991874,0
69.17836984086864,22.056961033074227,15.988127911866776,4.0,0.0,198.42647491592334,0
217.2219621335264,80.22389523881229,14.495644131572593,3.0,0.32443807123447405,27.320031447425166,0
42.662903684098175,73.49632007228415,23.62845901339719,4.0,0.8454012577179655,60.746078481052514,1
287.2879578841873,89.27450336855337,17.212486171572564,1.0,0.0,152.36459915089023,0
68.73847022547432,8.712373065482815,16.280680225044836,0.0,0.0,162.04190137750726,0
60.128910258209444,7.218847072862825,16.748945148386454,4.0,0.0,77.1770046347053,0
64.97215158875323,41.71234296944829,24.580049176125588,7.0,0.0,65.55710039905382,0
267.2801869909895,63.14841067076537,18.085663960673887,6.0,0.0,122.34614181070562,0
148.43726877453946,34.44473949905827,6.649651838095181,8.0,0.5555059131950584,29.638971934124427,0
331.26660890351076,91.94885459627534,21.263905247376996,5.0,0.0,146.02847781315288,0
4.6429089270417165,34.92275848152245,10.627210194863977,6.0,0.16183546947336175,50.93819228788966,0
287.34360289122924,58.06577724854243,21.716856866702496,6.0,0.0,159.53733580231489,0
107.3575860361519,119.7115665936833,21.58740877431868,9.0,0.9323636269898404,122.93891912126841,1
59.626799956979575,14.09562059705506,16.976394887013484,7.0,0.0,19.92947903456041,0
293.8053293679159,108.58247315270566,14.291018955890033,1.0,0.09817887561305155,74.26383295911018,0
10.946516912075694,17.997233647424604,15.50751137253471,2.0,0.7373141859030666,149.7881014771046,1
343.4361196298309,87.11672435452952,20.628613791705895,4.0,0.0,189.98223323658488,0
362.3230121144712,105.05269020324306,19.78305410248563,6.0,0.0,112.20761301622723,0
39.95433886221711,34.93001767098629,13.616375581647699,9.0,0.0,8.021541123550602,0
280.5822521221283,87.46464456600057,15.25513496963099,5.0,0.10236805785657171,85.83254174638499,0
359.5124166242835,103.76482788229451,15.977819399718902,8.0,0.03479399857472065,68.07394027092194,0
56.882568202465066,32.71714914302129,19.1853090219899,11.0,0.0,79.13995237541742,0
27.96328233061938,7.839748129555197,8.12998364529776,3.0,0.01777378600323981,23.517109661635516,0
55.919929741125486,35.85970191815248,18.508280603773514,6.0,0.0,107.4583824866998,0
60.24848479866933,3.2575974947619954,16.713854444096484,5.0,0.0,86.29411586083131,0
171.76320615303405,38.31528668115581,10.379955026945094,6.0,0.2387492082278534,34.59502786865967,0
50.918850496805504,2.965711868862762,20.628555572902282,6.0,0.0,90.27347333906248,0
114.24209180759638,1.847869087169073,12.016907084033878,8.0,0.0,103.55895887788961,0
162.4436142216335,32.21187509790748,10.222380530674306,7.0,0.555492322956944,137.42071949725482,1
99.36384275686453,18.47180377838912,9.350050667002813,4.0,0.0,108.38384165744046,0
91.9525392326093,20.004148415338328,13.003866199188142,1.0,0.32726833538093136,33.1081841041772,0
175.83503894242187,39.19417111653681,7.059674285115879,6.0,0.26811707669958573,26.492394906977346,0
99.5530946851174,5.142025713230723,11.280604879812122,7.0,0.0,40.530529925487016,0
236.2831876737503,67.86826944180837,18.041017605859665,2.0,0.0,112.21982425276084,0
12.911216278154157,1.3960743202127333,24.83103256100616,4.0,0.0,151.77647476231712,0
135.284854855758,78.95495989849715,11.489130932725761,6.0,0.3541257148793936,52.29393403598081,0
78.94257659940119,88.79072645601639,14.417622153604992,1.0,1.0,65.67044176149093,1
351.17824860297804,97.28373105222839,25.260920866535706,5.0,0.0,149.5076586266312,0
262.309478318994,95.40045016677402,20.549289808869215,0.0,0.0,130.99223955865318,0
90.07430213834397,54.30781440123505,19.87150083932927,5.0,0.015561743018023821,9.810752933266453,0
304.3132426119807,55.43960802716355,18.945073790620874,9.0,0.0,112.99282932680875,0
244.60594309013527,43.73092582284059,17.076109300496086,7.0,0.0,132.5628546612205,0
106.35294708766526,27.351841881071177,16.487536446558416,4.0,0.0,131.24232448057512,0
10.85325809843225,16.25310504246155,11.948965863503583,3.0,0.06915341981196671,50.440291744442796,0
63.43757124555387,9.987531682559606,16.573029838442586,7.0,0.0,49.431198075980014,0
53.79397954034175,43.56152875154349,13.126241025443365,10.0,0.0,84.1001408576432,0
147.4485595710325,21.75672085755428,8.105217922975022,5.0,0.0,38.51298034248412,0
179.26066680484465,58.54751094607872,13.864258501574835,5.0,0.44431126765685336,29.214314390442624,0
18.35793895667601,14.301885884680857,19.981576735569263,6.0,0.0,98.64583156165914,0
34.27673366328087,6.799012739921849,26.238888765800844,7.0,0.0,149.2068838986135,0
43.78078032395618,54.538655791542325,17.458801422642704,8.0,0.0,2.286374459765792,0
305.82757416443576,74.52219526857087,20.57340691542011,7.0,0.0,127.85073748820477,0
21.87739252732912,0.873416066500674,19.29475175949142,2.0,0.0,178.4082261556877,0
301.3347034436787,82.23232599803013,16.13264676220779,6.0,0.0,104.96857127436188,0
411.841912298382,124.01179735352517,28.305580610724437,5.0,0.0,187.26475299003977,0
479.0074644366059,121.08233067059294,23.192732731411958,10.0,0.0,153.6936109141353,0
192.69693517612626,58.603197401612576,21.198142986873563,1.0,0.0,123.76614908402627,0
301.58381139708695,78.78589274572232,25.432963101211705,2.0,0.0,190.16094638001832,0
336.64899378366925,91.12184140801043,19.00566016462504,7.0,0.0,137.97942277058567,0
250.50046242744278,52.626952477108475,18.855773609873395,5.0,0.0,108.60979409700272,0
4.52536288917986,24.240213893718106,12.640147060081333,5.0,0.0,46.35381219116995,0
163.85701844099643,25.290657172534125,7.1203069648079484,4.0,0.0,3.68995942900205,0
151.1713611288395,66.82187258792835,28.002390183428634,7.0,0.023278623626530548,85.5178260322362,0
175.42298576649927,16.306250223417116,17.068578260265966,10.0,0.0,108.82773852245052,0
177.62653187812762,44.94738519858571,12.011128255864907,6.0,0.20178999013821475,26.098151335963813,0
51.0843172344463,35.409074065647715,17.61516164078487,5.0,0.0,49.91691052371504,0
248.71263951489743,92.74288194176982,12.476232680645456,3.0,0.3739836593474758,36.52404237457294,0
213.78647514709502,69.78018849988734,16.97516921006931,1.0,0.0,125.7135864900208,0
62.99422211508335,34.03822420209346,6.170816386132488,2.0,0.07209231993555199,75.71258458875366,0
208.01781045763488,42.787633866060006,15.01787232366695,6.0,0.0,58.12840882036635,0
291.30716347475004,67.93918174936275,12.88658725424359,8.0,0.0012519526941541237,82.59050427774986,0
35.53655505393327,40.81766482405885,19.993780015344328,8.0,0.0,108.42632952712414,0
293.6270218209148,87.00940146994137,15.425774864994352,4.0,0.0,110.49421988294667,0
7.4976158512812106,43.96963561737438,17.001726468069798,4.0,0.7662183423701492,97.01198357982088,1
274.55170801390295,46.54936349542071,17.472504674390898,11.0,0.0,54.23609665873694,0
315.2395446560171,110.91327597462129,21.454692174136415,1.0,0.0,141.36964702620298,0
393.12581691529607,119.0609206272898,15.935897969020527,5.0,0.0,119.05302240886245,0
115.82411091300635,3.148888737922011,0.8692226298251349,3.0,0.06596869985511,136.18931851288403,1
55.78159059062372,13.480294454231597,15.245746261950101,7.0,0.0,130.85013082263785,0
12.149687851295177,6.707727984471624,14.716913600126105,4.0,0.0,111.77249323198738,0
34.743519034457094,24.08245350038557,22.346432629410998,6.0,0.0,124.09314334804225,0
15.927602300752,36.15512902777107,21.954403296841384,9.0,0.0,57.398398677674635,0
10.887802670282682,20.622587655870007,20.92158338391564,8.0,0.0,112.51283956229976,0
375.2855278678526,105.19193848416305,25.285892667869007,4.0,0.0,198.6179893658732,0
88.66101597344058,0.2612447191282321,17.114581286707725,2.0,0.2608004320984345,123.60429747751365,0
58.8750978877448,44.127445562692486,18.750083927339325,6.0,0.0,66.72477939772135,0
6.677438896132742,8.00907195917646,20.362716520553526,5.0,0.0,135.70243753775992,0
97.93281481811087,36.60803951923728,9.241463555905284,3.0,0.0,73.93145934646412,1
97.34869022915817,30.094227992111072,19.296881694534566,2.0,0.21440125654929443,30.868617001311605,0
195.8930319634845,55.76903966833085,21.34185554303417,1.0,0.0,149.8078277330628,0
34.59737398560918,50.561179271488754,11.779346929290297,6.0,0.07913248354300662,78.52188818530604,0
14.418216447271575,29.115393719189754,13.360340348341154,5.0,0.0,67.65787967920566,0
65.25304187174058,10.1877821944501,15.392171283019351,7.0,0.0,109.2529977493603,0
72.13094977420165,17.658580287583135,15.13034401338621,3.0,0.0,178.9301796802172,0
281.73526933946215,48.967701669365034,14.308136148500578,12.0,0.0,45.64223123039994,0
234.02034753520533,27.69016429290792,11.416944646294722,9.0,0.0,77.43801451113926,0
294.77597813764754,65.0008348160689,18.61004716258924,8.0,0.0,93.88800762520196,0
249.86759708111938,51.2913658601159,13.410894835149724,9.0,0.0,54.43975919514516,0
263.03748144064514,81.51822097498072,12.148770679336472,4.0,0.14811767481750038,97.21111507008939,0
31.968298723159094,69.14357859109938,21.11228419372784,6.0,0.7084187169710219,105.37057253516443,1
276.14041923078855,67.02639705453788,14.496346567812639,8.0,0.08884249341854639,85.60282299751628,0
77.05163604833767,56.35359456265754,21.106903912433076,1.0,0.8724916258261481,132.008240062388,1
397.3103981177996,125.65431357347319,19.59920311330778,7.0,0.03023394545543623,102.71713172549687,0
312.948488315815,72.54133266503854,20.39411369726676,10.0,0.0,70.61701287244549,0
3.240851297914304,14.614588062923474,17.885891849125276,5.0,0.0,55.877150353806954,0
19.785144276459036,14.027509438848249,26.354836085864587,8.0,0.0,165.74806975222148,0
43.72388545190037,39.894169905442396,15.329015334010823,1.0,0.0,249.1566354129747,0
53.7159410314101,13.920190009452327,2.7811702623748698,0.0,0.0,73.28090018105175,1
328.11879397243206,81.12366296589366,16.8649727960712,7.0,0.0,120.75214952087882,0
105.84002789916997,7.7854198733522395,21.380799968865336,8.0,0.0,110.82775628545548,0
35.69019276904532,38.488159813738235,16.98344869363754,10.0,0.0,10.764042117243573,0
292.7385647913144,81.73635969250303,21.648305070163282,5.0,0.0,108.82068335317724,0
54.12067198036099,17.79303051670069,19.4937592514582,8.0,0.0,57.06073081331368,0
79.97198656807879,30.734719684122638,13.616139183649743,2.0,0.11753031997909763,60.98244735771628,0
154.7187673958374,45.31688150953711,17.39726933306681,4.0,0.0,145.7875549250084,0
14.987681783208302,31.703669627081972,7.690557157453091,5.0,0.13974129990314582,19.39631924867186,0
63.82216221160714,1.3390982852819917,14.201928607538377,5.0,0.0,116.6777143202954,0
182.9300218151797,56.66773302079706,13.788392215025247,5.0,0.18518372054146914,10.707678243944585,0
114.07968263682767,95.97878350289997,12.903615105354298,10.0,0.11987251359036777,37.18569226279243,0
127.18436261802393,80.16012932171867,8.363345828866095,2.0,1.0,130.37853629885717,1
132.4092957419338,61.70271850673879,20.365229209561214,6.0,0.10332908621218928,76.55407900205282,0
301.9657092993796,57.96899962905624,18.86890733559469,9.0,0.0,119.76393534512249,0
274.60688848601933,76.86094600469919,16.75743319688214,5.0,0.0,79.05602607402633,0
312.39377714286115,78.0091428124285,23.20159896321703,5.0,0.0,167.24850861725912,0
313.4262340821228,82.38384097781494,16.749236414552662,8.0,0.0,56.95143523369066,0
71.26178197501487,6.350529823473067,7.731369894236771,5.0,0.27829520003700914,13.263097847554697,0
270.82543905170485,64.52395012703197,16.907308711522475,7.0,0.0,95.07350146717766,0
150.8347723226347,32.10023847941976,11.602241998879851,7.0,0.30295378231036896,10.85127282389946,0
316.1875066086616,89.20206680756206,18.02226825438821,5.0,0.0,116.38562285436862,0
366.89021123365364,83.42579733574435,21.53862764792573,11.0,0.0,106.5594615411103,0
96.19833329718331,16.96814092637881,7.754634520363787,8.0,0.0,16.703318312393378,0
0.6498980271806261,12.099459178532541,26.326415598105086,6.0,0.0,174.11599416988636,0
147.49602232581196,13.578542227913157,11.540685006203061,8.0,0.03833055497314225,34.07839558429024,0
340.9744775040925,99.25483396010617,21.775991688430366,5.0,0.0,142.88203214664122,0
32.3838458192173,22.907463949047298,15.715472718835507,4.0,0.1691615139212605,20.510382586065603,0
132.16631388937807,12.045520216940169,10.891334592228278,10.0,0.0,3.939071093442905,0
339.1082266374717,107.13422965629596,17.444797089264505,4.0,0.0,120.75516358504552,0
234.898438871904,79.29748279191436,12.987595446946091,7.0,0.5305551996923993,22.869662017815827,0
101.17773080605852,78.2567052310751,23.229404208214458,9.0,0.0,9.31279391052632,0
240.19629259515895,94.69818411837521,16.64075836013828,1.0,0.17768864559737274,72.35141594788593,0
277.5299212797497,81.2190838241775,18.080962906517506,4.0,0.0,74.16937517231794,0
82.59352281357747,49.13019295524671,22.33936940711686,6.0,0.0,39.6951494294663,0
135.87918006858982,32.20111777821622,27.656299962631046,2.0,0.28797436600920356,33.877997794028914,0
13.084633879057947,22.34490952924741,11.369843224349014,4.0,0.06883365652869367,27.551151466854705,0
18.32634513444291,37.64839725910947,10.848157297012555,7.0,0.0,2.873870118203783,0
321.0348290175347,113.97894400209337,23.578549842338276,3.0,0.0,96.41634067906332,0
387.7868469429349,105.00380355242845,22.873890241610184,7.0,0.0,152.71030182150528,0
317.2691636943477,103.59660266979651,22.011092377007106,2.0,0.0,123.71704458866583,0
107.05427240616262,7.06220090822994,15.136705991189524,7.0,0.0,98.69958966466709,0
387.40166779208903,119.98606722214312,18.47315675389347,6.0,0.0,100.38876915193201,0
28.373469391041148,47.96853432034925,15.686372116396564,11.0,0.0,10.934098276574531,0
16.989367087572226,31.5336856053542,9.238262297156329,6.0,0.0,23.449363641628658,0
348.56714283933377,91.02984202329094,17.26785907675016,7.0,0.0,95.93474580176687,0
359.4437694818484,99.6086722312328,22.326573387677946,5.0,0.0,191.37970444208847,0
419.78649723237004,119.45261641040392,34.28853075221741,2.0,0.0,270.42238371682,0
270.6561943959481,47.07846446499208,21.802569959500623,9.0,0.0,123.97157922881186,0
30.608953381105245,10.034036055373605,19.921271685233176,3.0,0.0,125.37646564815452,0
298.2391302020911,86.53197555176403,22.178476226664667,3.0,0.0,148.62450194868427,0
343.2437087651592,115.23510988686134,21.616666935510555,2.0,0.0,141.7468022536478,0
91.08937045238436,1.6348508809526443,11.102908613499165,6.0,0.0,72.12103509126989,0
29.914226056400153,57.434841613066226,19.96051869031914,10.0,0.0,69.6838674333629,0
256.57268315082814,72.86049761300612,17.414522196409735,6.0,0.09048449297319971,77.57002155145722,0
23.340343512642704,0.5210788798750876,18.032623587929486,4.0,0.0,120.54234366052745,0
95.79518929772271,58.27638534869183,24.805061662170075,8.0,0.0,74.77831854485517,0
430.5326991169522,123.62455958751968,24.533298968282743,5.0,0.0,177.8837987165191,0
102.04698926035056,8.524058994020201,20.465672123595873,8.0,0.0,140.34741158464482,0
93.70510580974289,28.885965265481317,19.98523110996436,3.0,0.1058485443098729,101.3310600714496,0
18.164055869040418,43.21975599508522,10.918181370558878,7.0,0.5736107041369949,151.8548340729993,1
69.93516644281102,11.954529633407816,11.286620628147814,4.0,0.0,125.30400015391609,0
295.069645972954,103.2316764375394,20.857672067979077,1.0,0.0,136.4709717262864,0
2.7045282996010656,56.813974345618135,15.46491184043018,10.0,0.0,51.90760004555866,0
76.27150810973973,14.38377184518999,19.489191427780057,1.0,0.1702981780008399,61.11012161669305,0
39.35876276360733,32.48525775044399,14.78018332516,5.0,0.0,71.39409125509077,0
15.009986994691488,4.35401636894521,18.917705444452714,3.0,0.0,126.34839415748002,0
61.17216135675623,19.729959408733883,5.561292249557406,3.0,0.10132795239623332,58.26436882761374,1
223.07499349456103,25.55954201792393,18.685231650891403,9.0,0.0,90.68454200055848,0
53.60124958994293,16.861385369147854,11.876353011513453,6.0,0.0,10.73746529142019,0
56.73288948140666,45.16080590399868,23.882810445813153,8.0,0.0,39.48945489227235,0
77.85787036512454,8.037518121087437,13.686532779175261,6.0,0.0,61.67218901989014,0
206.36803620425442,46.3257184990079,14.068426676130654,5.0,0.0,53.277294130062806,0
237.2225780278473,40.43686332882011,14.879558277648263,7.0,0.0,86.60368511422588,0
355.71909254458427,89.5382595046464,24.712969208035194,5.0,0.0,156.0706521429859,0
39.96155328625665,28.581031519410715,14.925067178587016,9.0,0.0,50.642721251605266,0
48.33361953591006,21.563551101267144,21.317169433518167,4.0,0.0,87.08399730336527,0
351.0931114562453,95.6250710108574,15.115959743488393,4.0,0.0,143.53213442665574,0
9.194021949638142,53.91014524370232,12.653054272151756,9.0,0.0,5.97052873345703,0
116.16848535587721,33.79225282863117,20.788459844361974,2.0,0.09227219177895885,83.1984346861576,0
49.02734018534001,52.507049184113754,6.415890849206786,3.0,0.0,15.53821179908125,1
269.985919661558,22.72506527028635,9.172641142408454,13.0,0.0,128.58426372093209,1
132.89828307231485,29.26561359871405,18.58826019496672,5.0,0.0,188.45580522747878,0
38.805082736277654,43.542488305152744,20.90087242091761,7.0,0.0,3.8430445028747418,0
286.439686047523,44.822689655691505,16.672184359670315,9.0,0.0,132.74252633744345,0
57.95431635922262,6.8867471713148944,19.300542531615946,8.0,0.0,63.58631011198486,0
82.66161127729296,11.951778651158126,11.73555438898957,4.0,0.0,136.6161434094213,0
20.40110874089215,13.00901631435196,20.71325440627703,7.0,0.0,92.46184696224222,0
322.080048632531,75.01567677956639,11.710677683580311,11.0,0.24493058137008122,50.38288981011108,0
160.3932251329407,37.93871308795357,2.799016544240793,13.0,0.0,77.9810783553121,1
49.74039997595275,48.149152887817124,6.491559876992582,8.0,0.0,113.91518951547816,0
69.00345058961832,63.11806105531282,9.200730434225193,13.0,0.0,115.20378919794172,0
136.6446531377018,56.062498408005396,11.738006930469231,0.0,0.22922495265660098,33.15111464738279,0
274.6642380100273,87.16677772634921,19.007843193618164,2.0,0.0,126.49974722892335,0
20.458177917437524,25.493627241953988,10.395551079369264,3.0,0.0759093443764125,2.703640368588811,0
62.12595664238175,5.597790468395058,13.310550900323529,4.0,0.0,109.60536312667512,0
78.59452112509445,29.904220424929832,24.906963697856522,5.0,0.00011109681725629539,134.6087131770367,0
319.2623248718652,97.90659784229996,15.245711161375164,6.0,0.13248590013813666,95.48158760009295,0
218.82610684682805,62.65330011726597,8.006098113596835,5.0,0.272501385987989,42.437931443902706,0
109.75869285037379,23.721827452808498,10.269320749377432,2.0,0.0,36.32543417490302,1
101.43616118066541,2.1139087821692755,13.84959999167753,7.0,0.0,69.17458299888523,0
63.40087214495121,4.8777715058045885,18.92703922911582,6.0,0.0,6.5897274762116,0
375.41180902406927,95.53451557270796,22.89315437142976,9.0,0.0,133.05389304331644,0
251.20161742446433,73.28003287807633,16.984804077264933,4.0,0.0,83.77434509969186,0
12.795143864826528,22.081846676801305,20.523989853538815,6.0,0.0,82.67130533261025,0
310.0081829461084,102.46262087218612,19.092704720744834,0.0,0.0,144.26922329621735,0
38.52485777216448,20.641170083339198,15.904300198073216,7.0,0.0,90.38586397130973,0
300.027468497502,92.49534040317349,23.774613328164087,2.0,0.0,160.2443922837678,0
207.7274562885138,58.68316133836203,6.451816620812734,6.0,0.4830990290078322,11.40085401240066,0
50.871940760489935,24.723982080866527,19.75073034191436,3.0,0.0,69.07578284308916,0
362.4262784619945,101.50526050914107,25.293837169950386,6.0,0.0,152.93234566979098,0
31.90944652406673,7.446919507766822,10.557806633075689,4.0,0.0,73.26687629983888,0
300.2113251826271,74.57180004296147,14.944504364463192,8.0,0.0,46.71152938672364,0
36.848024415145176,9.723156085425604,9.493044444189781,1.0,0.0,83.74692940150985,0
260.7714478983337,63.02300187734953,12.857456260139255,8.0,0.15313702678754265,87.46227606923794,0
49.56235435300293,23.010011931747897,1.385045698799182,3.0,0.056506762995503834,36.22539536085632,1
231.3344794159857,36.974170914483075,14.29014926496028,8.0,0.0,95.38522044628495,0
66.2867266476535,69.36471628984386,16.229389324602423,9.0,0.0,5.379178856889908,0
51.77351206139265,0.8320942892400396,11.00407191363431,4.0,0.39687862077108527,141.59326710054222,1
294.10608073736006,73.45235870142054,15.59681196937844,5.0,0.0,118.03085649990669,0
313.913879210362,70.79784937233127,21.769785725974824,5.0,0.0,130.52214076898332,0
349.7970517575507,81.76842405676652,21.607846597686844,6.0,0.0,177.39977668655072,0
272.84574672013935,84.70590124403995,11.514037379106652,4.0,0.08507407561886687,58.90340204094255,0
361.8452268200264,110.18056942996341,20.396666908076433,2.0,0.0,178.19556869329037,0
405.97289451550955,125.2347103341556,23.088160641367637,3.0,0.0,149.31910108570096,0
385.31754999552413,87.02683286225323,27.447749252160627,8.0,0.0,210.3150058722204,0
301.87949205763,69.06048251636439,17.15951333886771,5.0,0.0,149.52548454940404,0
307.07606855163533,96.22456524227371,20.03294323698549,4.0,0.0,90.24986038140707,0
72.88973832774928,22.836312312377906,10.16696220664797,8.0,0.0,39.521747778680535,0
320.60943096460915,102.12724460529456,10.30993173146934,7.0,0.4464112331677118,46.98518795853828,0
227.27523692921255,38.21164131025955,13.198837782858721,9.0,0.0,43.39475109828613,0
23.05443516524892,18.291568299197216,24.525659914719625,6.0,0.0,170.64751869770168,0
203.69087457497432,52.42947271915138,7.040994672954284,6.0,0.3094874488345246,35.65874605087763,0
4.535026998634493,37.90681310005853,18.692724300839092,8.0,0.0,10.979555485550385,0
248.0835761747364,63.80039339350944,19.51846000524131,5.0,0.0,114.72779379695048,0
31.610326536396833,34.24178603626321,9.994302655985543,8.0,0.0,15.13072298132192,0
1.0562822576329864,1.6874710595534559,22.686814945527054,5.0,0.0,225.79599451745707,0
243.28974752110906,47.796795458779236,21.773644060262576,6.0,0.0,156.1003302761247,1
75.91049612592421,17.026527823167026,6.040518315931495,6.0,0.6188408987726026,58.314980674957795,0
117.78565549152697,50.085537757207916,28.33685664503593,7.0,0.0,154.36706035132187,0
5.226377243184146,22.092976382633054,12.814721082647623,4.0,0.1921080680834898,35.05836905238645,0
54.36565595533227,42.81049907851599,12.328243111081946,6.0,0.09386704620121739,61.605042665790606,0
7.032237654027057,4.585897730681843,22.78444887400972,4.0,0.0,202.98395567011838,0
329.1449985884354,82.70749987483013,19.655834805469034,10.0,0.03042234456527665,91.55891663861911,0
341.72448258267366,87.13046776987673,23.79909866388298,7.0,0.0,130.09917259170518,0
93.77937824338926,5.381218619709113,21.909848518791918,8.0,0.0,128.90437595672168,0
243.37273296742234,72.66367743329158,15.667174401924322,3.0,0.0,102.51755609692687,0
319.1988572612585,93.31640431101121,24.223762089427705,2.0,0.0,180.11636249835547,0
220.01068969384437,6.425760436145701,6.540170042126044,16.0,0.13452847932550083,129.1815230950922,1
195.2778941863774,38.516258596521354,8.510876172158795,5.0,0.0,106.70284381868007,0
361.26487815023165,92.1133076709505,19.641491148760686,7.0,0.0,162.1722826423795,0
194.23860708724928,66.60172021083972,13.761012385566683,4.0,0.35891356650839723,35.275285648618826,0
356.76532946530364,118.89609342162714,24.52525309424751,2.0,0.0,206.7492532948841,0
237.65434306035135,64.91174207367976,10.429392638724055,5.0,0.1443986354545173,91.73437602369032,0
249.55323048678352,43.43018729426639,19.139954233410393,8.0,0.0,122.07911627935633,0
237.5266603340538,59.25128293876686,11.600660802435112,7.0,0.20653865038778207,54.576855498941626,0
77.49414436682036,66.28321685404575,9.587065017335018,6.0,0.8139365051283168,160.4935107256822,1
98.26497985448312,1.560731364025571,14.322421142507764,7.0,0.0,98.9166586838629,0
326.45048815786754,68.83582994502422,23.460561887227733,7.0,0.0,161.39081361432912,0
0.19042756063687705,8.487294187384897,15.528837867168033,3.0,0.0,95.63100375272113,0
279.50819304829736,78.7972378737186,20.890359703798886,5.0,0.0,108.86715002791043,0
173.17044447821104,17.35234703062705,17.951287934840394,7.0,0.0,112.86878586734039,0
95.61220112777622,25.559427982866218,11.618397986420291,3.0,0.0,92.68864902598652,0
86.60558314741934,56.99927699827879,24.509875351597728,8.0,0.0,25.286622920317477,0
260.06909135596004,31.102111715323517,20.760608944114548,10.0,0.0,118.80384117257493,0
73.18364590841387,25.43178692067162,22.71011656626882,4.0,0.0,151.7568285282187,0
301.46362896729227,103.45895007777185,17.361837431286567,0.0,0.0,157.03322391637016,0
104.81041821838997,19.746571811644067,15.18532388273379,4.0,0.0,98.04777450516069,0
31.55193389852782,20.056144972846077,18.2045043040331,4.0,0.11381355117258363,22.206285013455194,0
313.39971110264315,90.37573753167405,16.67964585192587,6.0,0.0,70.89657818432671,0
25.423163692782808,31.01603637984268,12.966060002418043,5.0,0.0,40.64889683787497,0
40.50635885203271,19.923240316065396,9.992060952921001,5.0,0.0,57.03848003366966,0
109.80016181009955,54.29061892433571,4.432886704676028,0.0,0.6240273048482174,15.164596418736647,0
52.498347304639566,5.501620587016319,9.522222239456415,3.0,0.0,0.7275715709761599,0
331.30435289896025,72.87917469581063,23.17262370418569,8.0,0.0,146.91403768585945,0
142.51158129378769,23.78608754639332,8.130054232540033,4.0,0.0,104.18219040027765,1
332.8046220687696,112.01334911183842,21.478294616547263,5.0,0.02671983676548617,97.22854295154193,0
117.58472166914873,18.693599147046,11.349915823983562,5.0,0.0,100.35007749490731,0
218.63387159124764,44.98778096710505,13.78503608286793,6.0,0.0,51.36680751554245,0
177.12054397243799,49.213981827648226,12.630374593365428,2.0,0.04908152484125866,105.99659752833443,0
114.42612691922812,22.276133111762746,0.391022069978364,7.0,0.0,103.9919533934947,1
322.58539956587924,106.51633020928489,13.014588496062057,3.0,0.06511096681984496,98.67618889378532,0
227.28900219271543,88.23043626196817,13.012129950608607,3.0,0.48204523389836895,30.13668608708631,0
29.675722128478462,10.06428592465305,18.673182674266137,6.0,0.0,38.84075702489149,0
196.49009527439787,38.495588071718814,2.784694971483983,9.0,0.5169587811009811,14.92512779198865,0
89.66789605680984,21.550057766941208,17.347308413239233,0.0,0.1344891556730493,69.35616962421497,0
239.49393185637737,71.72210519587051,15.168962489071468,3.0,0.0,86.50305942989958,0
82.7985959915679,9.876634673991013,15.617570253390202,8.0,0.0,62.511597082715454,0
334.8990402802244,92.15492180878016,21.57001995611051,6.0,0.0,138.21431643224994,0
130.3201129393842,4.061700222760301,8.618408397706322,7.0,0.0,22.671910629593626,0
25.06233369008092,42.35435662132579,13.61330407798025,9.0,0.0,25.110933023029336,0
5.182308974443885,24.268063991547855,16.504967674943835,6.0,0.0,96.8342502178924,0
65.44592771417163,16.68765080968039,15.381540646356271,1.0,0.05903619086631984,96.58745856018207,0
388.37125316577124,102.37624609291242,25.291740400869223,5.0,0.0,179.96534640215427,0
75.06776552688237,61.47533961480107,19.580342544878317,8.0,0.045023163490794604,21.779871783254308,0
4.328303224561765,24.00672249539566,13.135285939450041,2.0,0.0548920571993341,137.04036272603784,0
277.37492133265295,86.46507264116835,18.42199851535834,4.0,0.0,76.10945815240667,0
37.713543402993864,20.92606735931546,17.091187856652986,3.0,0.08798082028669574,26.26389017023135,0
91.82823352952566,8.572043358795082,19.293527244563023,7.0,0.0,108.45517965681256,0
14.781522027319454,51.46922586109363,13.535092786460261,8.0,0.0,37.74195623085752,0
22.902029121063094,4.061030895594328,19.618421527285307,2.0,0.0,147.04890632253102,0
326.63058682476856,68.14622027044412,19.86539445892028,8.0,0.0,126.86756077796623,0
307.36481675347767,99.08999314353534,16.825794224277686,4.0,0.06819169545230436,114.46729546966264,0
321.14957253440406,70.8291696261712,14.396272889953037,11.0,0.017550425348795695,78.93863658186129,0
58.66317735574165,2.3018945992408177,13.084497922383003,4.0,0.0,23.533425787499667,0
38.4652732133217,11.638690325290199,20.7622779473162,7.0,0.0,141.3051350389144,0
261.67179427768906,62.22799975639178,15.709643768146925,8.0,0.0,76.04419859693822,0
151.1929210806219,42.87455569038603,17.081618686580047,4.0,0.0,181.47760764689068,0
132.76536651301498,76.86655528301043,19.343724967660755,7.0,0.08843670830045769,3.4878438961743186,0
117.83762082581958,21.057129079385334,26.765669857677096,9.0,0.0,212.85705109952397,0
281.86962868510443,56.853852520720935,20.122447530049293,7.0,0.0,140.7830635571309,0
52.135226164540754,50.130491382806355,22.63127190375269,8.0,0.0,19.915471641259288,0
10.325740401876885,62.76634688353113,15.797653795650824,10.0,0.0,46.41396660594964,0
212.8609636237957,68.47231074313616,14.32430128002024,2.0,0.0,79.00523128099132,0
59.9203060657256,18.208315129462243,7.893149879735127,6.0,0.0,24.100899733125573,0
38.973814515028444,22.469182292727083,9.693662933889303,8.0,0.40165759566428405,101.77470324284512,1
80.60038276312612,32.28932574836463,9.842931554045105,9.0,0.0,43.11531558690515,0
290.91848482321274,91.18422765473468,17.438207813956048,4.0,0.09024239436002152,141.7047249746138,1
105.13643977791942,25.461450723132593,26.584438938809733,14.0,0.0,80.41189897435797,0
210.73572024486322,67.19589096280373,14.433437856144906,2.0,0.0,61.942060207371476,0
91.15350111224743,4.999294132872961,7.378814414924653,6.0,0.0,6.644950260856753,0
12.6591379401492,7.084181470964182,18.241968641535024,4.0,0.0,118.59772794509433,0
297.73400018157724,58.879154437297686,7.730781544092654,11.0,0.18777854849271464,35.42966176478133,0
191.43131165953974,31.60066056718157,15.66887536163341,7.0,0.0,71.12834931507176,0
210.38614900860296,68.86363621433156,13.54368960306923,3.0,0.21656079863605737,72.0473034259372,0
32.45733905509761,28.27026420411304,15.149025620629924,8.0,0.0,39.48068434425983,0
206.64763296722316,127.5912937244882,14.602708927997595,4.0,1.0,171.40036349584466,1
157.2927178144331,21.513956543130554,8.671345038088953,5.0,0.0,53.32992399759994,0
293.76659540829576,53.99419952335507,25.682535318701035,5.0,0.0,241.02762465449828,0
190.06219758437913,46.5206227488572,14.485040750839147,4.0,0.0,102.20490856372646,0
266.30401715046537,76.06810782320473,11.724199480090672,4.0,0.0263029582593014,84.5512358223797,0
245.40474682243052,72.30791868001437,17.561771783651007,2.0,0.0,107.46813072189451,0
33.46109753541215,46.19372541454956,21.72896421637323,10.0,0.0,63.36396251795071,0
141.45201422968262,35.43416695496632,10.574082949682612,4.0,0.15254090655793284,5.52864052888653,0
89.4285215698282,66.169508643235,21.70628023208884,10.0,0.0888529520636796,24.058133842777558,0
71.63986513303031,6.552246353847387,18.31390764180945,5.0,0.0,124.097796385236,0
105.9673582378224,30.70225790077984,34.901072281791144,7.0,0.0,229.34590810671224,0
18.926608561711348,6.159138384839675,21.130897464304475,2.0,0.0,207.20924584385645,0
389.6313009811629,142.97466629011592,24.490784849429012,3.0,0.0,117.9258322753918,0
68.14982035825662,56.98032193532427,19.27248270773968,8.0,0.0,64.23176280377449,0
232.8393339855548,80.1736756963212,9.976277288550756,5.0,0.4469054651908647,11.58187292692892,0
301.38479160219345,89.52076314545684,21.880742467007668,4.0,0.0,116.65983314260879,0
95.48465927822404,30.239786979400165,8.27684323405856,10.0,0.0,23.390863947435907,0
266.65223471255865,65.81651613532625,7.12076426505538,7.0,0.2918584191554763,63.98163733853829,0
72.02878005867873,8.11039149105828,20.731860954118467,1.0,0.10907717020329982,122.50285220751394,0
222.14115922760513,34.9442068486129,22.885136626874555,6.0,0.0,146.5979694223432,0
303.7973851791043,93.50967201323161,19.097649105634424,1.0,0.0,177.9809221401083,0
33.6328928613288,38.281643176755125,0.8832662499099602,1.0,0.0,59.33943142190544,1
40.46908468326887,9.936082687062822,18.000304998017125,6.0,0.0,79.23892673598282,0
241.68697030625103,81.9818944651959,20.25070422216428,2.0,0.0,97.62297920182398,0
61.286467470372685,42.87662641958099,12.830396300475961,5.0,0.11984513958895404,27.47711565637416,0
55.128611075059865,70.63851701379046,19.556097426800132,5.0,0.7490561465180561,108.49866685941457,1
86.8413256212745,4.112191251568056,14.441612558024351,7.0,0.0,150.87847869988713,0
42.273843682584626,6.343806805367791,23.454645699693863,2.0,0.0,106.9383353697454,0
144.65256450423456,57.53755533276063,27.67760555273434,6.0,0.12499470873732266,55.0860709772961,0
256.4998788079225,64.41664815833002,13.12935218514327,7.0,0.15099025714710573,83.79264329219717,0
246.65001982959126,52.62069839146965,17.411279874718716,7.0,0.0,50.08579851652698,0
131.92137130570342,106.27533824702161,10.437166274412712,8.0,0.8735433205495664,108.63436479013512,1
307.29909426172566,80.8545378311304,16.60688845833338,5.0,0.0,143.52508856868093,0
349.40557188496433,106.8860017768785,21.099911893106203,4.0,0.0,107.01268043258942,0
107.95583434346153,17.3834937293555,8.387922814788197,3.0,0.0,71.79381089484781,0
177.10039850092582,37.46600893812839,3.43909094164969,8.0,0.5441850835357445,33.45641740704856,0
244.15629754444052,57.59948897741582,11.633441573812497,7.0,0.06021903484692287,69.55534963845787,0
362.9460936804724,131.55497919328275,25.357042847728263,0.0,0.0,166.39693118087388,0
24.031015010146106,4.699389001078007,15.939929506816743,3.0,0.0,137.78754905451294,0
147.24995784471673,111.21453894957281,21.99419560156636,11.0,0.23771147757665856,214.52174130110092,1
28.110828935223367,21.536106331579752,23.492239483535187,8.0,0.0,136.40037457712995,0
29.022950498094964,29.921968164748513,18.718198931693884,9.0,0.0,112.31026065602833,0
319.6326058045986,78.54605867793516,17.687347168952208,6.0,0.0,121.23408791640117,0
249.88735144993768,59.54828808410268,13.99607652262565,6.0,0.0,84.526843760377,0
173.72876212211253,7.504201538803045,4.407986291583567,6.0,0.0,122.1950998494509,1
274.48594053946954,69.90657322922976,12.467849779084945,9.0,0.24068910727148274,28.518731135758244,0
235.93327128246548,55.26967134636193,13.680358541958459,7.0,0.0,60.938228082991415,0
41.83115119878134,5.236480610813992,21.949342561258828,2.0,0.06039138218700968,110.8269491325266,0
71.77725360729744,1.0063580994057801,14.979912653563742,6.0,0.0,53.890619024670315,0
311.20460322891915,95.44333167034041,16.657562976708043,4.0,0.0,114.62339503802934,0
32.38130867189852,49.353997336851364,14.592519448927629,7.0,0.0,9.881093905068816,0
193.93188678752094,24.905975033310803,12.989238834116506,8.0,0.0,55.04228144771943,0
315.75091379659193,86.96413959511699,20.38376654941876,5.0,0.0,143.82796757069443,0
37.54486756027758,6.598633102891377,16.805481465476824,6.0,0.0,128.92318113044666,0
314.80169765831295,74.18797299068191,15.428025585546209,7.0,0.0,91.37470551685063,0
48.86938455721122,23.25157631296375,12.120506012533694,8.0,0.0,41.32584214149339,0
421.26520090577725,112.58772748324306,24.01236852781367,7.0,0.0,137.12203268512388,0
273.22800170648725,52.51068342869951,18.632797627908825,10.0,0.0,73.52932028881088,0
36.57153570260347,20.131697287567825,26.72844508751202,6.0,0.0,124.311589879991,0
86.13422345481146,37.679806519118955,16.38273499157586,4.0,0.05963082632119043,104.41068625537793,0
31.5528654368283,17.04566145288002,19.34519996042954,4.0,0.0015102792923514796,91.11056138180956,0
55.16142142838221,5.573495508697892,17.024763117657088,5.0,0.0,183.65030225898778,0
292.02460065021626,96.2536202698227,17.544606067901057,3.0,0.0,98.93337446851575,0
12.090390165810682,45.61520321389372,10.423423293366918,9.0,0.0,11.901900205029268,0
270.7579023726436,65.33879978592594,17.904638840149147,6.0,0.0,108.1729683148371,0
148.59184385968553,12.426338870559288,6.2522176903596485,8.0,0.17224155857111306,20.04188422739631,0
58.998366592255934,58.44405711902607,11.392402214766461,7.0,0.17684436730240372,42.32866951349365,0
136.53950853328496,37.118139948758596,28.578768072966852,4.0,0.0,174.92169875642898,0
294.1821131696724,91.78737144656134,15.479536494016624,5.0,0.055118460170868355,71.15539379329735,0
39.428505601577015,17.3484940452105,16.205195479418926,7.0,0.0,34.127301461198996,0
304.6737436478722,86.64210600535614,18.19989563679478,7.0,0.0,64.22713187384997,0
279.5191682162948,80.40317245443461,16.78874669233764,3.0,0.0,105.96235652326288,0
262.9555038768457,69.10348414643101,15.802898689099592,5.0,0.0,108.34050616804214,0
98.5220718141149,32.174677091460396,2.5284930243368873,6.0,0.0,111.15149719994298,1
92.52203803129254,38.047493652215195,17.32494292043745,4.0,0.17453468143446144,79.06860267356734,0
221.06997411939352,53.72405781560372,12.259841906733083,5.0,0.0,71.12900112842793,0
1.1706929744603514,17.138825573255225,21.70727706921626,7.0,0.0,154.9556411900447,0
11.098683607100881,63.04178342288927,16.767711670294297,11.0,0.0,81.60522527765227,0
71.84394821738618,24.490218720342902,25.742082285863965,5.0,0.0,192.32238918086298,0
2.310272421469975,32.69165509969005,13.399709492827506,6.0,0.004320042559199544,31.74176609556458,0
24.096325661350228,0.3918159478029928,17.25836341880435,4.0,0.0,148.93499396163665,0
206.3746302770419,62.27928996908722,16.15102936458192,2.0,0.0,81.28480824374263,0
335.20042462043705,111.54208185065208,20.48453289127962,2.0,0.0,140.5608772189835,0
39.19318002704408,8.51023943564065,23.390578512109848,3.0,0.0,117.61577804594981,0
51.57489494769614,18.364286821390763,6.852986727740937,6.0,0.0,28.704444119522982,0
326.5665087489141,103.90095876170659,22.66497597363495,2.0,0.0,152.70728631482544,0
98.44960347473497,14.209774811362784,18.415855422988663,7.0,0.0,196.1467899299319,0
31.76453352029867,30.631128703463666,14.487138940758415,4.0,0.0,99.7867966574099,0
200.60934883476148,48.586568923740664,17.99646526214014,2.0,0.0,132.70661265179598,0
292.73924056338035,86.84644254853127,16.680515479372072,6.0,0.13202381904977695,94.31987739020757,0
8.84060420733394,1.0752372082440864,6.6780865401471505,1.0,0.46889265121937385,66.19865297278542,1
305.31395508471337,74.80473386182226,11.927472216534753,7.0,0.04669905424656601,113.24695905161678,0
212.73357360428543,44.01605055540509,15.519189431757823,5.0,0.0,86.19236124106487,0
253.10569948952997,76.0647331511156,15.814614341424685,4.0,0.0,91.00474760737676,0
68.47779923346624,3.16322953529032,14.639599969762788,6.0,0.0,118.49111501862475,0
256.38167330304645,82.36371607567905,15.549780691555062,5.0,0.19499103316545896,62.60364205743226,0
212.29065360872013,9.183804127046969,2.8696611800508407,7.0,0.0,108.19263589477346,1
99.20693232720419,29.569623964794218,10.755766708164947,2.0,0.0,167.89465376681937,0
122.81670576561646,32.14242354600711,5.269905214981389,4.0,0.4237089787699604,4.279686478230413,0
29.530695443078486,48.81944387650364,23.414135343647395,10.0,0.0,103.60670981096364,0
265.2462426253785,62.37269269963265,17.13955502226525,6.0,0.0,146.36441747893792,0
355.33784140634003,94.11669305411678,27.798161183312722,4.0,0.0,213.0562949505007,0
255.70670138732018,91.849741803823,17.224496807809924,1.0,0.0,79.18292609629022,0
12.994874717950594,48.45587442346827,2.20523855493442,3.0,0.0,92.54107502488218,1
236.42751104705408,78.78839318287461,16.169270032452197,4.0,0.07556974642508424,51.25077256205658,0
288.4148782184278,89.35698701782484,13.913487554818486,5.0,0.053075272954862474,42.878473554072805,0
51.37240298781252,32.165076837627176,14.482227930435597,4.0,0.0,95.4782184236461,0
122.9958980124012,20.905033404020678,9.999938563359263,4.0,0.0,123.94038549627979,0
266.82860160004594,68.9294622614909,16.99702215651622,4.0,0.0,127.74643073562878,0
193.4734261890277,6.005741692396114,1.921267464348169,9.0,0.0,84.70430904519198,1
235.6060942903066,50.17077451610347,14.452362713012697,6.0,0.0,98.68216080085458,0
483.355597720299,157.89657372163478,24.69620408087584,2.0,0.0,231.20391485720114,0
32.908397560984966,33.579701532373406,14.760498800737164,8.0,0.0,17.94874476521951,0
274.8757520645752,103.72354746520168,17.516977161845208,0.0,0.0,118.77585262263256,0
89.87190044194912,61.32270102036105,26.351693025527727,8.0,0.0,77.12600098949066,0
119.26714875714242,47.79295430231238,29.024025232264016,6.0,0.06364177659291714,54.965982561783875,0
377.35227100433366,86.60571750406983,27.07212434667117,8.0,0.0,185.19950369137285,0
303.6132974508256,78.35065190655548,24.341614297032834,4.0,0.0,171.48237041153038,0
304.31824349900137,54.43093887994741,16.765767934578456,9.0,0.0,118.58152956567903,0
68.23576897943965,50.609793276558065,17.39699514649251,6.0,0.03290684915255343,15.645526420012786,0
32.04846359890681,39.19547983039595,19.347054930952382,8.0,0.0,92.46074325099912,0
14.632783903648601,22.93380610910708,15.88382782218687,4.0,0.07245101180263702,10.050061418282823,0
10.825581389512351,12.502858179138173,17.813246507442283,5.0,0.0,81.21988184705798,0
67.99620785387319,28.168147577270624,8.409531846823157,7.0,0.0,86.00976838839884,0
447.8364652868743,120.75288187866981,23.703294104910924,8.0,0.0,148.5374640137083,0
79.91763041450524,17.766498102551395,23.816229641810175,6.0,0.0,255.8033161832373,0
183.00555841977507,42.993285739598015,18.062438341336772,5.0,0.0,73.71999242040373,0
289.22346446120264,109.82223997679964,13.973465171558475,2.0,0.23280319261165966,48.26634897034595,0
259.3677063341157,55.489589565719136,12.489658008695274,10.0,0.19773126402323343,62.16464170111193,0
291.41113922018496,67.15191019173302,15.116784811432161,9.0,0.0,59.524544392566256,0
20.155289686495294,23.912293578328047,5.921821680245989,4.0,0.13775023865952002,72.54963823808232,0
59.45160590289371,7.627053679849496,12.467799860003726,4.0,0.0,72.45819496919901,0
26.651663850156027,41.14786795206612,13.696404058545923,7.0,0.0,42.98278316340776,0
226.90187230524873,67.58781781891409,8.20497819331137,7.0,0.4450191322245908,23.11761323992512,0
288.47732354308255,58.36514275349785,17.815635709042983,8.0,0.0,86.6960209697319,0
276.419367452682,87.31090468369898,14.482615537463184,5.0,0.18375910885276625,79.66034196273807,0
75.96668142131685,3.689884689552734,23.403382796016224,1.0,0.9101068960250882,45.795704190311696,1
336.4874526945171,100.12537518965647,13.884822745370464,6.0,0.1232829592007344,101.64265476106699,0
295.78262979563584,78.93731367518002,21.086722043008358,7.0,0.0,119.79295429208078,0
33.6524043917409,15.478546190009581,29.521427314863544,7.0,0.0,151.8090625997239,0
385.91350518600706,92.87072934008623,15.482571118972118,12.0,0.012209490366114184,84.38809509088262,0
187.33236113298886,64.24127661882841,8.59379510832107,3.0,0.38488072600155865,6.341871488703799,0
4.146732061956769,38.425655293641384,11.618127685722682,7.0,0.0,56.42806004559135,0
65.69225685480708,21.224750548885297,16.256197120633882,9.0,0.0,87.53288203145983,0
114.32768375614236,19.770023014495287,18.695636388417604,6.0,0.0,136.786854682671,0
8.53716252759078,0.5651910449106801,18.005417985546025,4.0,0.0,135.5753212585718,0
323.01371814048105,101.9676406646593,16.65634055343969,5.0,0.0,80.7227057423559,0
46.42743613586835,2.8318991192608536,20.655173789587117,6.0,0.0,67.09852825209369,0
28.92086582092621,13.098626267492968,20.198086352184994,7.0,0.0,129.96142629281383,0
17.717021460611157,32.138710296768885,23.78422526097095,1.0,0.0,307.6100965017538,0
236.98843793968757,69.23906893060828,14.975593321320947,7.0,0.20937525170509969,27.012639181930894,0
37.74497416844845,11.464490422796054,8.971574050478294,5.0,0.04277288812128943,11.370021767453878,0
304.95453279202144,74.75058353972699,16.759809756144158,9.0,0.030955969149495055,68.72484727732976,0
55.789342429104984,33.12266912019996,18.76295897506109,1.0,0.0,173.2999922934204,0
102.30235239168167,33.86701050621027,23.767619234788423,4.0,0.07317909719698723,129.6800899903901,0
439.6078689732284,100.56406351622863,23.43102940736462,10.0,0.0,198.24609181817908,0
35.4241613462023,10.930266970877483,16.176744516386872,2.0,0.0,128.1003769405367,0
222.2616200467368,52.23599882931315,9.533008226238767,6.0,0.08707978823176543,38.884995601535636,0
357.05281065295065,116.22905578474172,18.90381561373858,5.0,0.0,121.00328374103803,0
265.58372345109206,43.41542756934433,17.6955653307404,11.0,0.0,90.38485044176056,0
35.380345977538965,16.41749569814032,17.811926602062247,7.0,0.0,15.473121971990658,0
267.8525843160413,49.16699516935715,15.041378599138822,10.0,0.0,96.06141478342431,0
4.514411038375684,24.860767993933095,15.84381710633724,5.0,0.0,40.41420114626418,0
258.7151267236818,75.08268884930132,11.709334992172204,7.0,0.2900412783908861,41.19456695133043,0
87.86205143826052,62.00236511016264,11.401164811515436,4.0,0.040016222919227185,34.01502482365379,0
282.8927482243698,86.76339307680075,17.925597276689842,2.0,0.0,146.5364185432997,0
142.03288812562448,16.304502776507263,18.227405294734655,8.0,0.0,160.63599000495952,0
111.13801864836336,29.092322255894523,27.9104883758591,3.0,0.0,153.65629386059538,0
3.6971702187711344,33.80655187565974,17.33418985344598,7.0,0.0,0.9266250060070114,0
18.347540451476306,22.29619052729017,24.343917801443062,6.0,0.0,131.5675256551377,0
4.455642131636793,46.20234700174592,18.53800125920717,9.0,0.0,1.5319354713816047,0
74.05526112083314,22.569815696705916,12.594754237729008,8.0,0.0,32.90523389360889,0
359.92308037834914,106.8015120087679,20.94447457139114,4.0,0.0,165.61473542758407,0
179.433193578337,12.284068932053586,7.485241904595746,10.0,0.39385767986050746,156.64880459761147,1
60.23829222402319,80.14498299399182,21.278851028383837,2.0,1.0,72.554761225997,1
228.98987216065728,3.235054579160117,5.219290969589489,7.0,0.0,140.58557169618652,1
295.27723704107024,91.08729559403935,19.066041034494845,7.0,0.2824640704572567,88.74595351205588,0
34.436409118739505,4.255122352914871,22.421545658727222,1.0,0.004879184690781857,131.1129965638808,0
251.80220899419731,79.24215230824048,11.501971478465975,4.0,0.16698531138532502,74.07943061896879,0
95.48966895135388,63.1670465381621,23.108114124132214,9.0,0.0,91.42964488932522,0
266.7940005685471,89.48649092120317,12.066119746901105,4.0,0.3227053582913998,69.51802297850011,0
221.80064589926604,71.60859895805885,13.661031507228657,0.0,0.0,122.29015677730224,0
59.55256393746492,19.534110404291816,6.488573399118399,6.0,0.0,10.93934834741951,0
17.57890492340475,13.701488641443085,24.50251222279415,7.0,0.0,94.17272464217166,0
38.27275169633717,13.167500418459717,9.745277457418265,4.0,0.0,12.326725251787671,0
75.89509093517489,33.44969975015452,18.625883181882614,4.0,0.22300311714519566,42.109622815490866,0
241.04464766037867,57.25972795832193,21.04540893107763,6.0,0.0,109.83066014747435,0
426.0823775251413,119.0889675895997,24.82909736855725,7.0,0.0,154.3075462519616,0
307.4342540896748,65.41135145738897,17.997603970514525,7.0,0.0,132.26323886239075,0
18.054264483273073,40.951116394165894,18.181062422269832,7.0,0.0,12.97486801050713,0
19.82884374965238,41.824290665594205,18.935391861313633,8.0,0.0,62.43137304626393,0
24.806452439774937,7.191463232572616,25.018301636027257,5.0,0.0,124.62243830637547,0
11.684851452690559,59.97966943346498,1.5808728612808842,6.0,0.0,39.24395565599808,1
15.81451503307305,28.43201358462659,16.915852535128096,6.0,0.0,83.32589293829324,0
138.6749552634149,2.255058392053961,0.7293280203186834,6.0,0.2200124978632934,156.57811699266077,1
45.45085541931638,8.4076048533664,14.60672241293603,5.0,0.0,73.79522706161515,0
154.25162606971054,123.59220858922868,19.298055300936316,4.0,1.0,105.51728369320875,1
189.11292153052375,51.90466371735553,13.003075044439282,6.0,0.25589094710675697,9.406269037074129,0
312.81004702603514,81.11265222435992,8.942408828238692,9.0,0.2517807696109401,43.82029480262404,0
8.88543750191053,40.106897153575076,10.436409529601901,7.0,0.0,37.387876501220774,0
66.87823908895982,9.947581509362273,15.257519957108038,0.0,0.2112198875964511,78.13401667190246,0
307.837347882965,88.20311927726684,17.02773877543695,6.0,0.0,60.20079045830015,0
410.4136788979863,102.67137600732227,29.099324567173817,7.0,0.0,203.11329102218863,0
389.2664839690709,112.1633621160869,21.36835167630199,6.0,0.0,138.28356608638407,0
143.37994352176628,40.8854730333085,16.700282930381533,1.0,0.31886280190051547,71.1961800564621,0
226.00011666778656,19.113923769613734,9.278252470450205,7.0,0.0,87.95562668303758,1
394.36254818744914,118.52056558931665,18.46976116575656,7.0,0.0,99.3091089246994,0
109.10857800456736,13.919720517728571,12.633465700421553,5.0,0.0,93.64489731131769,0
57.56335165245103,25.940864657844223,13.047622105929275,0.0,0.0,92.59588700429781,0
283.02656294700927,88.01718112167119,15.740379544827489,4.0,0.0,89.17398813348458,0
197.7341898385438,43.51723038189498,8.44297497410417,4.0,0.0,53.52881449021258,0
13.198153902952939,31.27327377967481,28.02485289729212,11.0,0.0,170.69630489547933,0
259.66872635186655,54.95333393056214,17.283076872081853,6.0,0.0,123.45033425258208,0
15.413262874256809,16.108997679987176,20.45387752048581,7.0,0.0,111.159190431188,0
89.85663985010981,3.514966796884096,2.9069668207389494,5.0,0.5267676008858504,128.58528038627105,1
147.92718944554122,23.448435477954447,12.405722878358029,6.0,0.07565174967317118,68.69181453641923,0
14.926633969245152,9.066627251275179,19.42445464008561,5.0,0.0,27.909221761407196,0
403.726515844536,124.81426156146898,20.644442277327492,7.0,0.0,89.78957376186624,0
84.82174754617279,11.108699757719755,6.227537689148193,2.0,0.25517996599631065,148.92840792419472,1
395.95888563738646,103.45447339169627,28.979182230435377,6.0,0.0,179.97700896019037,0
256.24548562474877,50.807712683808674,14.169965034666381,8.0,0.0,106.25958400046643,0
36.70240158556601,34.119420106436166,17.62172074489993,6.0,0.0,101.84032500278775,0
1.9761413377252524,10.984801362052714,27.842420055137115,7.0,0.0,136.08033916362305,0
115.18563902778946,13.986827164794416,8.734336497866481,4.0,0.0,111.44131884292125,0
5.014957867206817,1.2745160916247222,13.461227154085295,2.0,0.12875161136847846,64.36194380590186,0
130.44212724886484,20.415544098764144,1.6650169111105466,6.0,0.0,130.06530975835392,1
91.13497419281455,12.903933331709908,14.25236862000823,9.0,0.0,131.99765215215737,0
2.5257327348639365,25.21313548831138,16.998417489340895,6.0,0.0,43.41950730539965,0
29.843326880782058,1.8164709694803705,21.00617514382073,1.0,0.0,146.32338863284087,0
90.40381289791759,7.038062042769809,15.001624743856723,8.0,0.0,63.99987889567866,0
307.85245221168265,69.98895151334406,20.247714730239302,8.0,0.0,127.28785042745983,0
244.03444727236027,74.7153801573964,7.626908217897274,6.0,0.47815257353200735,37.182840062251415,0
56.7527717272785,2.1758964148949573,19.021225917858835,6.0,0.0,159.96867758448363,0
228.78177519932052,38.85646657999324,8.0940670808266,9.0,0.0117116731729347,16.100656014206187,0
23.211122393330953,1.4988819285911426,21.25773092956691,6.0,0.0,140.07954338383314,0
286.6011228664523,86.5488692998052,15.541496188156543,6.0,0.11446231081647151,84.9652166714945,0
234.93680017075064,36.970881096555,12.15754387836333,10.0,0.0,54.39175328974972,0
29.731715633549356,35.45265964352345,17.675857752585074,6.0,0.0,4.988240704066378,0
256.1616490987484,55.61562575909554,20.117129953145593,6.0,0.0,133.08518562238012,0
248.17020092306336,71.73535411163762,6.75930797852765,6.0,0.33773555602015637,25.948824115155105,0
190.9141057461493,44.27359710764973,15.416754973804249,6.0,0.0,54.4233438382317,0
321.2755964896805,68.7397270544569,19.31862462707084,8.0,0.0,126.22868235285672,0
407.5705299051483,92.48257636944402,29.75284801241044,9.0,0.0,230.01728489533087,0
177.6955350729752,14.89925016328006,11.855939386988293,7.0,0.0,85.75904190765819,0
160.7172666045277,24.081767370033845,11.101787190822396,7.0,0.0,32.21475313898792,0
75.54170572274532,23.10800549015015,18.417887723066542,4.0,0.0,165.42308417462888,0
260.9417538402447,65.16517235801638,19.172281560526223,4.0,0.0,120.01055452205797,0
105.13413680323443,18.7771335151134,7.588287607689402,3.0,0.35455543503360354,130.00172605511472,1
261.5951000371374,71.32972956289763,14.445826539303049,6.0,0.10885016439593476,76.92515595094022,0
46.36015837186963,3.536963878183382,11.355229746293363,3.0,0.0,70.19210591647084,0
32.9401907955028,15.716213258775923,6.365041490851784,4.0,0.0,13.0362191969352,0
268.85067493816484,94.87085765440696,18.912351051615346,1.0,0.0,142.39617000169693,0
269.8801482791275,95.5464976365024,13.899337763260139,1.0,0.0028714799738351893,90.899715206303,0
65.68207434717277,39.521616866577446,21.57689215652984,6.0,0.0,105.35191000374692,0
82.321645802646,56.69896730688335,13.41429617548833,4.0,0.5303866184723164,170.62339407301252,1
80.63406712389164,28.12083197452519,19.759468600320435,3.0,0.0,151.6835022345798,0
291.3595782385291,71.09729170199068,21.41552562220424,5.0,0.0,131.6423948784828,0
83.00348727265444,25.686580292575556,12.338395352839512,10.0,0.0,51.96287817533629,0
311.6059401731461,105.51132853514423,15.008990373431468,4.0,0.17275286374224258,81.39751571823092,0
135.10691113359928,30.985448488839964,9.029113998869843,7.0,0.0,63.36542790759353,1
343.82784267660844,80.61882276262091,24.842043011478644,5.0,0.0,215.30017560889078,0
28.431883477604103,40.0068159888737,24.524491382046964,3.0,0.7340145445048686,69.50871038393058,1
35.65714453319472,8.334231946948549,17.640828208093573,3.0,0.0,78.1743362896622,0
142.32684274186238,16.22716475562396,11.021311393905801,6.0,0.0,101.4066902959771,0
351.8456884301614,98.75053723943553,23.244875976909974,5.0,0.0,165.58178053241176,0
132.95624926093046,102.0132284309767,10.392929780522053,3.0,1.0,102.67334372403536,1
78.838580216654,10.48669874430199,15.58863788315593,8.0,0.0,102.34850495542818,0
21.556696197177914,62.180732540335136,13.061654186525665,1.0,1.0,13.557370589430686,1
104.43659654731262,13.446089485774337,16.766391240631293,10.0,0.0,37.61916465566025,0
96.54605094725898,52.70990482727997,19.565068771638465,5.0,0.063852011551503,29.43057447689391,0
353.01878039342364,103.5001461385774,19.562455335740545,4.0,0.0,141.25192092444834,0
8.010885091481327,19.013310166298993,0.9688534900781391,0.0,0.049863792743680135,79.27231695425199,1
130.44296577997937,15.795304609238308,13.587426944817587,5.0,0.0,61.64870417418824,0
149.8580047065475,29.536421634619447,13.237935395439221,1.0,0.0,102.26443377519801,0
98.11798236395695,8.727921938282527,17.883234774632605,7.0,0.0,176.01275617938867,0
393.12728635920547,99.02649505885411,25.699946731914277,8.0,0.0,167.35872951130528,0
321.7560356323205,89.76866532675896,18.52214232093953,7.0,0.0,87.48015285079175,0
58.91123634673498,34.40460634829057,13.746955057105838,2.0,0.0,80.01404282738906,0
66.2515855774606,28.068491591335516,17.162623392266816,10.0,0.0,6.196950717876746,0
320.4840980397929,76.31016548459534,19.57764938787158,7.0,0.0,149.9998412988779,0
302.30425732646677,88.5060861710191,24.26041330349664,3.0,0.0,182.9203363072853,0
97.23335888673644,37.552415339720405,12.292947854714418,0.0,0.0,124.53611999065868,0
70.36929030386668,51.43469828831975,16.590932584207465,6.0,0.0,62.341958213264775,0
38.81977584596295,23.528584003588776,21.198725277706487,5.0,0.0,108.66729113359622,0
86.4820200650803,7.557573093767019,9.776089905722245,4.0,0.0,51.340793622682824,0
424.4297064073336,130.2698602344085,26.189507717455786,4.0,0.0,194.22952366226025,0
27.776712609031463,27.616879717560288,16.461436015861516,8.0,0.0,36.55850132099846,0
172.4261915984784,10.06456808411233,7.537991313390151,5.0,0.0,103.83675488955564,1
78.00935842589908,9.71108341348743,16.36754334537715,8.0,0.0,93.13662234177056,0
195.60539683986613,76.84478416312251,16.222800665125337,2.0,0.0,113.1958979338372,0
101.62064193111033,25.340100010163393,18.520876279229192,4.0,0.0,131.28324096684437,0
21.539895605185478,11.5552298816257,23.61481569000643,7.0,0.0,139.6556957119631,0
30.198724009665007,45.197790692597614,17.985363933807193,1.0,1.0,100.33878479767596,1
14.961527570983478,6.942143163026273,13.564694259051507,2.0,0.0,17.4313987852521,0
70.3749765282901,20.145549797286122,16.29127573829883,9.0,0.0,71.00909550709645,0
428.6570864824894,112.13023690088013,31.265084542660006,5.0,0.0,246.20390115128427,0
63.26721046260943,12.383922741431178,21.00748308253244,2.0,0.0,170.07694810901128,0
310.59157025656884,104.45794582235177,19.203030681082804,3.0,0.0,101.85524092485169,0
291.60778786974157,83.86941182667798,17.532215805155587,5.0,0.0,88.44119406923382,0
187.8870344506892,50.47348911675867,15.077653565599759,3.0,0.0,94.49185928112911,0
132.12737119451268,56.376542937372335,11.82469196701678,0.0,0.0,121.92347385679673,0
260.72813295729793,80.30533488984179,18.44426890470804,2.0,0.0,125.54251803333943,0
325.6955989497636,70.42905515483085,20.16676751026739,9.0,0.0,105.74018973368473,0
255.57498140072954,78.85729141254689,17.840530198475722,2.0,0.0,131.48317018956993,0
63.96087480270776,3.6778257244949586,16.925190838922397,6.0,0.0,46.99435024630205,0
13.477260258736202,18.91886372456259,11.045121773470239,5.0,0.04269776141909798,37.9674254447844,0
361.24184365020943,112.17134570455227,20.73593554083348,6.0,0.0,135.2414196970013,0
45.040326944744876,0.014846128540312975,16.57565006911421,5.0,0.0,61.87302341139838,0
227.70905279466734,58.31287775307552,17.507073364771216,6.0,0.0,74.25833211570314,0
72.38953085820901,14.376252875353241,15.665437996423423,5.0,0.0,182.20622600882933,0
45.500639542388924,27.92019143515944,25.62745930291539,7.0,0.0,172.43101921916605,0
49.69093743452477,10.393476097932322,13.92913052438316,5.0,0.0,35.034986059800815,0
309.39457804219796,93.41666395764315,16.17814012582823,3.0,0.0,108.92645629835641,0
317.60570511333924,90.26809445888034,27.070748535423675,4.0,0.0,155.2897027817339,0
109.62455123522818,58.13294169560827,21.371656450706567,6.0,0.016334561996308894,66.14780212437114,0
7.3747061407219405,16.391813699349846,18.037162769364716,4.0,0.0,96.52794880413,0
324.1110499591214,112.46963128531554,15.869512225702522,4.0,0.17949056292746735,56.08893965916514,0
36.87590793204647,15.86182557523778,21.716313699864855,9.0,0.0,130.90232909945007,0
102.09772386562642,57.36182291678219,27.980731380840233,8.0,0.0,65.51840170733728,0
29.54969712335116,22.91021961169328,20.089737915300343,8.0,0.0,71.13971946866242,0
212.1033788963535,27.960466598063142,6.702590909268263,11.0,0.16816055286921056,8.530129273285585,0
291.7681266052409,60.02057880856057,13.963930480026086,9.0,0.0,109.33250307866302,0
274.54660175231754,63.97423011033935,22.118353662107324,4.0,0.0,141.25891319613456,0
20.77910812105025,30.108400623442897,13.900444046270445,8.0,0.0,53.2701826179325,0
32.041629359609146,1.5883777212520123,17.8619568339532,4.0,0.0,87.65983665049988,0
275.1502659555166,78.13196657225475,18.338921991155146,4.0,0.0,103.11598247168062,0
42.44660231280794,25.62252465268081,17.331934399317852,5.0,0.050281400551148714,94.96702156126752,0
260.38228520514514,72.68756467822095,13.137873749932439,7.0,0.14696956611502282,44.01685815246676,0
92.61914526735347,12.9703430614232,13.12714460345652,4.0,0.0,129.7484714803363,0
299.02150731273014,89.04338886761323,19.747492779479504,5.0,0.0,88.22193137596003,0
109.42087774925162,7.483777358007771,6.131368715240949,7.0,0.0,11.560971548022536,0
152.46948819131848,29.942737445382022,0.6797155728540165,10.0,0.0,143.72572453374983,1
65.93201477365008,41.54434659887215,8.979043029620833,1.0,0.0,98.57189843534378,1
167.83975467019275,36.65988883069816,11.044672096783437,6.0,0.17839100185642848,22.5339441917236,0
147.93742522300852,3.336833287066664,2.3879215478137477,5.0,0.0,113.9966055294498,1
118.65451942900475,23.969048982361578,18.145255993507284,6.0,0.0,114.3778273376192,0
470.9907931028598,131.25452019442386,24.463119090143135,9.0,0.0,135.35127757264553,0
144.70030544497092,5.457128069760643,3.8249945229174003,4.0,0.0,82.50893487912444,1
65.46449026046531,17.094847318391217,15.929573360741774,2.0,0.21774300679137776,75.0467443995686,0
64.77750298407369,65.88154104793846,23.979533251317847,0.0,0.9523932678445519,91.47669346273419,1
110.59750473235945,116.8710924665832,23.779033310253215,6.0,0.9824115391075035,83.20388863879526,1
259.0212782135734,81.12321678761406,15.934561092875029,5.0,0.061470605591872896,20.806712837757093,0
197.2353640644091,15.453538446407226,1.2771900616635232,6.0,0.0,136.37159694453135,1
229.17311718202703,79.14212770821358,24.003161862574927,0.0,0.0,117.76490399011612,0
36.33829250524142,4.103809037896021,17.8267730452447,5.0,0.0,199.36810383410028,0
74.03791876691722,12.766877062873341,20.166802588559932,10.0,0.0,179.3113165264005,0
68.90075972140073,10.83028732183243,14.281230163989983,7.0,0.0,72.12815518063437,0
30.742042837981778,10.471102252039294,12.238807673410125,5.0,0.0,70.17415329730642,0
3.88172909662768,42.226543186266554,14.07191769431525,7.0,0.0,47.18049555064642,0
59.82318484491658,23.794275828726978,11.259843258479318,1.0,0.0017165299936720557,89.74321934867218,0
74.34975588829005,15.564267848177353,15.956446882714246,3.0,0.0,83.79753487119332,0
46.08170266090653,14.926701569040745,4.735609497346404,3.0,0.1737053770050873,105.89712483861086,1
38.24778541154703,9.246607134990874,26.525074014232104,4.0,0.0,194.29225920763474,0
70.22860460564596,64.61619081969135,16.653753184283087,0.0,1.0,92.13392146708625,1
172.20490591643028,33.35879608033764,7.430780639232545,8.0,0.3427590142137027,2.1255146093484356,0
379.9383327481412,111.00504081862232,21.302857053624287,6.0,0.0,144.60307717463803,0
148.4982539179597,29.919142963444845,2.5293820684804693,8.0,0.8351892660586012,30.824580520019254,0
234.08267149386057,77.67576670994612,13.914567212562316,3.0,0.06333235025286288,46.887872122860784,0
13.277215265922457,11.662992899052462,10.928097542592685,3.0,0.0,57.89479234791571,0
113.56261937838758,10.176011343836784,0.38352570394479635,3.0,0.0,84.90031470877078,1
27.41328412220998,58.108384976690786,21.594084409856894,4.0,0.6257442502097798,52.50856347411443,1
29.49757701390243,10.838876572020801,8.716837594666385,3.0,0.0,48.67536058635322,0
87.44719184336367,21.198949448538524,15.654534166064922,4.0,0.0,121.19292333233997,0
22.58144680172297,19.820020185240104,12.277032443273534,6.0,0.0,66.80741062442988,0
64.99466223405643,8.00451851451571,17.559120166593765,8.0,0.0,180.3677833626324,0
20.175015961295642,4.359966344879666,23.605282113995223,4.0,0.0,135.64715590558507,0
341.1536234912979,131.12202767532236,15.886790556646062,0.0,0.01183624357402957,86.05474585225168,0
155.568744881687,20.941486451735916,2.5535059572008905,9.0,0.6893925737280903,38.90410823302213,0
279.5391475071704,98.4105192503285,12.98920478509715,3.0,0.21229665367772405,50.865272964373375,0
230.85005606313084,70.2366010024,20.00161753378061,2.0,0.0,107.48297458768309,0
283.5444964936056,70.33478777042532,25.37662868192094,4.0,0.0,154.07402253711444,0
22.0598152244305,23.434595871747263,17.93842223609544,7.0,0.0,115.3183088889709,0
57.534689166135294,56.16468888912401,19.004974397397604,1.0,0.8878976664792049,131.6694679533802,1
245.82846194397715,76.82824496389078,15.668867692053013,1.0,0.0,117.86194950880204,0
427.21979090371923,144.45205455291074,24.695358611965204,5.0,0.0,159.73180394775758,0
1.6273723461095955,24.38573791408939,13.445988059503575,5.0,0.036680918076063884,13.60364518380031,0
30.938297648200113,18.374504706079353,10.994789933260757,1.0,0.11672935793605882,38.166567782591926,0
171.2754194278541,38.31841769481342,10.545242098792599,4.0,0.0,62.62347396375736,0
371.3154710260218,100.17962865434139,19.097045561704174,8.0,0.0,92.52364462489537,0
248.92011128704968,55.28881820515089,14.178783513505273,7.0,0.0,106.87853218697485,0
292.9860571493715,92.44312326709591,11.757767792256546,5.0,0.284942296678766,59.97487992686643,0
44.607441290681734,3.2120959013153154,21.125332922560723,5.0,0.0,52.05495335707171,0
292.1344009680164,61.75828018829392,15.174739571047148,9.0,0.0,105.62946777185013,0
251.87265951816175,41.04469909101653,15.867340164459964,8.0,0.0,112.44913950094862,0
10.583008376586307,23.549408662739182,19.053985783851502,6.0,0.0,110.53810092397416,0
335.96577212482674,115.42773017789017,12.716209992416363,4.0,0.17900681132750323,44.445809188290404,0
287.00714841233435,85.96534586992072,14.374201529169497,4.0,0.0,75.90305536503931,0
69.02777324234333,30.720282988585517,15.407571904579026,3.0,0.21052730143523396,29.29628744252598,0
84.47960935584143,49.226248956866925,23.706612271797482,7.0,0.013786584705092919,47.94703738084961,0
335.1040676537286,111.3971291103349,19.624073942848412,1.0,0.0,132.6262696685423,0
4.306191322861579,9.698631926276036,22.028614563750523,5.0,0.0,124.31394492659953,0
150.196318133972,39.64945426195892,6.702151532202,6.0,0.49491302960406214,6.593203944445563,0
256.09037566205507,62.695712181920065,18.457935428368195,4.0,0.0,102.34028157529643,0
56.72364828239495,45.47770989741477,12.373920723636473,6.0,0.14872007756697492,26.38270644193922,0
36.361337061500905,13.782796183274428,21.882763771174368,4.0,0.0,114.90672584981087,0
214.97957361568078,45.75425560159698,7.378105707420868,8.0,0.28109684021156006,2.2837142090227402,0
53.5904338218819,52.71879160346394,20.999304746538094,8.0,0.04259878621947133,14.099360981505242,0
12.97986618503569,32.49370305701173,9.706632978585752,5.0,0.049468288990484055,27.364978111428748,0
393.23466034637715,127.42524699987867,29.72983075001816,3.0,0.0,194.95761669703376,0
108.28967004911155,27.051192171146532,19.659088043976396,2.0,0.19075121091467068,117.27197341406132,0
35.58927617620955,18.568547090925364,21.472446744435512,1.0,0.0032196572338288876,194.44406323871604,0
119.91040097084277,63.967023235296125,22.577278239297662,7.0,0.025437883578284026,56.59318198029423,0
120.51656769102937,22.987057712854018,7.304388717085919,4.0,0.25135590810954084,40.42832889613746,0
347.5720868656929,75.59767527625213,19.139841794511433,9.0,0.0,124.92219846681078,0
318.9423764362457,96.33170939332734,15.85632160440979,4.0,0.0,91.8415789698647,0
157.95787336150238,35.7836701002256,3.29115041027603,8.0,0.7117813064805633,22.648286183690978,0
84.12945502340654,39.07742020428854,11.110936372272212,3.0,0.35673252116614773,4.72880026993268,0
80.5095287993857,14.378427233888505,16.37652115753776,4.0,0.0,130.38092615931535,0
33.44549227659906,9.866236171633371,21.03804741608399,4.0,0.0,161.8261667238101,0
250.97834897295988,82.01807792787966,11.186087855007155,4.0,0.3522410834650129,72.64745607194676,0
79.45626744127803,34.18372506328369,0.8129938154637797,6.0,0.0,120.04310380807254,1
121.43351448478299,56.76716869075685,15.190387562568548,3.0,0.1927928114879307,14.328934951304113,0
44.24106757272253,16.669114324522106,14.702994543253148,7.0,0.0,8.392940967490297,0
200.34140072308287,39.92541007172914,8.37558674320058,8.0,0.2678207283442302,28.510889135005478,0
22.176952089632863,32.098386303803736,10.779033289108323,8.0,0.0,52.45843799340713,0
24.275130564541413,1.6331579359533137,15.966844634731448,4.0,0.0,136.11887834646936,0
84.05897265499759,4.248123225419306,9.338439505473136,4.0,0.0,40.3124195967938,0
186.90344409879918,42.820236642028895,8.967029047248698,6.0,0.15907410599861116,37.41357897136155,0
89.17381741324061,76.39293093162749,11.189724706156126,3.0,1.0,105.53999810419529,1
166.872177487743,46.426467961476305,11.310215198877753,3.0,0.0522044775180156,36.69904025929688,0
285.568329312011,71.46987754074489,19.565695086632395,7.0,0.0,102.3108013100489,0
48.19122354552742,16.8540937740429,19.5580742822732,9.0,0.0,114.53935813625645,0
37.74005766520268,22.348511583299313,11.667757332821683,6.0,0.0,44.262720178527445,0
245.0729609434623,97.14204473183304,16.293855838254444,0.0,0.0,58.43013037597881,0
24.449547134770235,33.79667510014181,15.56441075501316,8.0,0.0,26.909099394445057,0
338.1797164614857,82.34110487756877,15.09844831019657,6.0,0.0,139.09352722043067,0
13.587308934515931,22.310855888070407,19.63912850243642,6.0,0.0,60.03790900763261,0
307.884853290468,82.6231277190126,22.592336840160204,3.0,0.0,166.37313048662796,0
44.42255655208062,25.904355824639175,20.037407078636583,10.0,0.0,144.74865581408955,0
344.316357703367,99.76270885932561,15.358444063029545,5.0,0.0,94.44992410691248,0
50.70360360105584,14.749660909320639,16.884452936878354,8.0,0.0,93.87607435013209,0
29.48254763013429,5.938820755728528,20.75658617757094,2.0,0.0,101.07603332633477,0
66.6823092479205,6.938204626294663,18.27415416760602,6.0,0.0,97.985078127131,0
246.98358451150207,48.25845384331266,15.923733377598104,11.0,0.0578237664110674,23.03128498492626,0
366.04534805218896,104.32978297439445,21.820282329660103,5.0,0.0,160.62360330585418,0
137.48227719099887,85.96871859908786,24.97572604938163,10.0,0.15861466627384008,29.279159971299986,0
77.8499862516914,14.030506498975344,17.340204707771907,4.0,0.0,78.65137705279614,0
154.4280312792,5.074797323063002,10.127911286819163,11.0,0.3725473299408756,143.30436256544226,1
118.68353027748768,34.821793869766076,8.405959843044148,1.0,0.11536290824255274,23.332710294885484,0
46.44836674022194,16.32675714779687,14.495948310209727,2.0,0.8268507780682738,66.50822010353914,1
375.3089210521036,107.7029970321528,23.438803820300002,4.0,0.0,198.91755728085934,0
375.97859748887987,105.08963995530704,26.01422074428099,6.0,0.0,167.8429448804332,0
123.90358216991669,25.719064821436824,7.116143782397286,4.0,0.0,73.02402770074485,1
83.28582585536921,25.487058771849355,2.758120584800748,3.0,0.5600239093459412,28.718571100805974,0
383.2389559044377,114.8130739538307,22.989214103901126,7.0,0.0,91.83472532243249,0
0.8508123553902891,26.72140888695546,16.003437519332145,5.0,0.0,21.05451502232521,0
16.911239016374168,22.182069826010178,19.43225382237791,5.0,0.0,93.0764613965713,0
86.49419987795065,27.42794989766373,14.709410206395612,3.0,0.0,194.83616677316266,0
314.5892478333501,100.20178476947156,9.512590286975044,7.0,0.5018925576279354,28.994530862361955,0
348.82554204654576,114.65618706274537,25.629227222178148,1.0,0.0,181.97022510060384,0
70.3551464220329,93.60937028433703,18.0660702968696,8.0,0.7887809984951861,104.0879437341245,1
53.1695551241676,25.124123427341267,18.412141485323637,9.0,0.0,7.7001544288399515,0
241.1357227300428,56.150246611695565,17.52731363050548,7.0,0.0,75.01601331547403,0
68.98428913187234,8.28671102186567,20.727481644041003,1.0,0.08027618976255502,155.0576397513857,0
165.52066912870237,43.074425450622805,9.993385099043028,2.0,0.0,131.8439763007581,0
56.25510095626666,57.70270658011485,20.32124297702145,9.0,0.0,130.45698855426363,0
37.7529688753387,14.808879749597402,19.965314871028333,3.0,0.0,161.95721446923727,0
298.1082436181355,75.20025992223692,15.42498042801731,8.0,0.016525281836954397,94.07880045345462,0
84.32031808921258,47.170311174375584,20.81287817702755,6.0,0.0,60.08746466360907,0
162.787600409349,3.1796328695910248,26.604765925655197,13.0,0.0,132.6445813150051,0
264.1029576541571,67.73235384325064,15.087635088898146,6.0,0.0,77.55553783771988,0
57.845312446204474,14.966198273532498,3.610992320128272,0.0,0.0,65.55024737498069,1
335.17847664789133,107.50009058756183,20.37618282019934,3.0,0.0,144.6070780294423,0
309.298541073834,98.56650153841213,21.546982573023588,4.0,0.0,113.08960619124498,0
388.11252757437853,121.90174028993736,22.11781320973755,5.0,0.0,126.3724382728784,0
86.9010008143745,0.44018205803154586,10.520077770569017,5.0,0.0,115.60307513239505,0
46.847588322216495,21.812739283136633,27.359610296456864,0.0,0.0,270.2592550775686,0
3.8566444237615656,1.3994991122355849,14.259435270152665,2.0,0.0,100.79307736829944,0
182.88042370201129,49.894729673841645,0.16364721511047264,7.0,0.820249444047039,27.46706532785042,0
166.96716466503625,24.660020130835598,12.340765297755842,7.0,0.0,107.32019156076791,0
297.9086444056108,86.62508098229486,19.57248482069043,5.0,0.0,110.22282072852342,0
56.85427521704068,40.310664810080425,20.787897958447736,6.0,0.0,45.71971449587454,0
119.61558121254194,13.548868048121498,9.232378603732005,5.0,0.0,28.9908799475619,0
234.59566769577336,55.893660636485706,15.116874955025436,7.0,0.0,67.45062568025767,0
458.15998579082594,123.99010483460702,30.111583525412087,5.0,0.0,242.49617698473173,0
26.906390694989348,4.681502929343715,17.212592356840513,5.0,0.0,185.46866014150004,0
17.12653778949658,32.400605841905126,19.594757941306852,8.0,0.0,97.62965196136675,0
89.11020127637103,95.15776702195825,14.722333045114336,5.0,1.0,86.90540858162979,1
26.218002867140292,47.527435043608946,14.507033024858565,11.0,0.0,12.188305273452205,0
279.3841580023642,88.47589631176874,18.68990958702588,3.0,0.0,124.06359537359404,0
19.908559808580037,8.229803145748079,22.437045609046464,3.0,0.0,152.78480719972393,0
24.86224782508816,8.317532143977417,19.179751696658514,4.0,0.0,157.92056163172424,0
102.092655020193,50.200040699298796,16.987449428874477,5.0,0.1277945748318487,70.63924753712135,0
306.8233869439769,90.6754408572593,19.223596690875844,6.0,0.0,96.16014012507718,0
283.4493167142367,76.29013492705674,26.79699557978723,6.0,0.0,121.57400468245609,0
219.43086073994243,57.85640615561711,17.38006812121413,5.0,0.0,99.37643056680403,0
88.41914814029305,6.283416752626302,24.75149030855446,8.0,0.0,178.5627926847389,0
225.48509425429478,58.081978444501324,14.093342405836468,4.0,0.0,73.79007310601608,0
277.5886210569281,80.40515282460277,15.263579023772127,7.0,0.17932929912292805,71.92250029850004,0
65.31407920542259,63.80544379606614,14.879814730482527,6.0,0.6013272674474671,132.05191149907347,1
306.87352798886354,58.889941858853376,18.943054491344448,11.0,0.0,87.11066572109924,0
23.88332887478569,27.66624585078533,15.625722311538754,5.0,0.019222956177085027,45.63127947590276,0
5.353830419388942,21.105526653325683,28.429707842070854,8.0,0.0,87.7631299475438,0
21.06595886676579,27.30418191070121,16.835038447271085,8.0,0.0,37.8877283239205,0
1.5070107626221585,17.281835076328477,21.39599959384444,7.0,0.0,161.68535947086679,0
7.042955215578161,13.637519619258349,17.630509552315978,4.0,0.9527705677249051,85.5481209326226,1
441.02586037494945,143.53745330184762,26.539995750303696,1.0,0.0,228.85818590985477,0
304.1346506693185,80.21606581944607,17.102112468908715,5.0,0.0,140.16127524007632,0
76.42293946613964,13.943394485930412,15.678201239118534,9.0,0.0,103.22957781266328,0
215.06720114919412,31.796032152963896,5.097121213759435,11.0,0.3061876027439226,6.354723183657889,0
18.939062663525135,17.546707716212552,21.01400392871246,6.0,0.0,123.70044305689993,0
87.81799010484215,27.446948392273185,19.688281877042808,2.0,0.02768558992923853,69.6450290003415,0
215.45070519258454,48.81938897693283,13.699146551596426,7.0,0.14432790281779978,67.68358155610272,0
81.46591716234865,73.4045281865589,16.433263106256213,4.0,0.8251361965730897,127.2534365634357,1
21.1501893396052,0.40466339726360445,21.132705821412692,5.0,0.0,197.84658972617748,0
57.07196690345981,7.574344179873194,19.44427015473023,5.0,0.0,183.28689706632076,0
21.85697475088736,6.682828720336687,21.60612852433268,3.0,0.0,135.52370101069587,0
289.38856119589883,79.80383862066776,15.498409590233734,6.0,0.0,82.69342260719377,0
301.841776209306,77.94806177544982,17.720284396016005,7.0,0.0,111.60090228036742,0
87.30801653022353,7.405014134012724,4.830422094551267,5.0,0.0,63.810521851303264,0
377.5691416057808,109.43550077243655,18.04451444535916,6.0,0.0,146.0301419766863,0
16.40741588101335,25.759414939920063,18.054805771220956,6.0,0.0,92.52894846738677,0
120.4519977544712,54.980938064552575,9.358824408540574,2.0,0.2641490356948974,16.61043954673099,0
265.10499731178606,63.032644315299024,16.759052461842508,5.0,0.0,131.26040311936458,0
24.001325988748306,48.0465073883645,18.808893313196133,10.0,0.0,65.43024834550386,0
373.17606740656623,99.6276818201995,12.515324322700964,10.0,0.19223316619281444,68.57172014467449,0
295.8567291023189,77.741513518375,22.31731429669808,5.0,0.0,133.02853517446232,0
3.4690044496381063,3.8155938437402455,20.67256774952994,4.0,0.0,110.69921992545277,0
36.00651309654646,81.73502799936601,13.166853574635738,9.0,0.8188207038790494,51.7692430604569,1
74.64794264878383,19.15498413041755,19.085472322466693,4.0,0.0,170.06617116957665,0
83.97810919933121,79.95632337607624,22.709345415763526,12.0,0.0,56.241134298440144,0
1.4979681868307893,2.0237244368785987,11.261115305068415,1.0,0.0,158.288604644756,0
47.91264896589378,0.2613593050393277,16.329565849828462,5.0,0.0,92.51670716194957,0
155.66447534005516,29.50267788574271,15.006582579212177,6.0,0.0,165.55113307561302,0
129.95994333494497,87.04872738559834,11.550489786046363,3.0,1.0,153.86237643803864,1
8.570655082464754,3.3752565861357624,24.077555750164294,5.0,0.0,142.01155175452635,0
229.88020813817704,32.62939495828356,9.399447258574344,9.0,0.0,70.55312364888145,0
48.27400469986359,52.932699660599184,0.5074261520107708,8.0,0.0,48.16426117438036,1
164.82992506039386,38.43481669348079,12.298658425361236,4.0,0.0,107.04955865776267,1
255.9673037417126,50.83279950514887,8.15344570452554,9.0,0.10206267536738389,55.782673997193896,0
135.0230501054174,10.008543507161278,1.5727410748724449,6.0,0.0,145.89454473067877,1
267.3888192787973,77.35203311358846,17.149144288619823,5.0,0.0,81.12592386965392,0
44.848631757129894,26.943317083167457,19.381209927043177,10.0,0.0,93.25468024356707,0
41.08509318407575,21.409490028205727,17.382979977731324,2.0,0.0,227.24814356567572,0
369.6590336643415,121.41683066867095,20.369303392380246,3.0,0.0,148.85522319509673,0
383.9760924152228,123.95745154729264,21.474999063773026,2.0,0.0,174.92572186011364,0
270.3451414911197,95.7553994297316,20.62663489156262,2.0,0.0,95.26781784413684,0
161.20316527929535,100.88754129736833,23.92161065076011,10.0,0.10664464446726063,48.72609189014348,0
53.33933378287555,29.26944169032759,18.00441810817283,1.0,0.0,188.91769327568838,0
78.32650732667813,8.98264992198279,15.24220776781074,8.0,0.0,44.28385138543735,0
99.7543627845684,94.6642187380416,17.97298152118764,5.0,0.9669567882255431,94.01247387890977,1
224.64822191614502,47.03563330114741,4.955156676785564,5.0,0.20824341070536495,162.45040991633462,1
159.40442310543946,75.51061447549517,20.33998071360253,6.0,0.2622657299852162,7.2879047425324295,0
46.847608657467134,11.030204520036236,16.91524334584038,6.0,0.0,65.52705975194098,0
280.2996224486976,87.10847356354824,17.962728337838016,4.0,0.0,83.16434870848495,0
52.941393127336866,8.374620065287843,17.074320158318024,7.0,0.0,111.62876316734545,0
300.1433609770533,84.81066198477485,19.861844606221247,4.0,0.0,178.05802009020948,0
293.98695026779535,77.81317581765606,14.180520919358571,7.0,0.0,46.18497724777137,0
12.407040006310652,23.71284731216597,22.86995714708266,7.0,0.0,152.15868259895086,0
0.022961330865072682,27.962553879007714,12.536614802163932,6.0,0.0,46.753036526260566,0
116.19143906916767,9.908356205494144,12.155627692035694,9.0,0.0,41.32721360414641,0
291.20880223817505,74.70537231439427,16.819272375931558,9.0,0.027870950235644287,54.27070409249165,0
2.055524093012167,28.45691051503539,15.974072109411436,7.0,0.0,50.5510429356964,0
24.77676022753836,6.528059601140512,26.192388720761848,5.0,0.0,234.33255098427324,0
188.22812115738674,42.951935023633936,15.631302070795302,5.0,0.0,65.84294779079428,0
53.977523971857096,28.547041770357907,24.783469423091436,6.0,0.0,124.02994465671841,0
20.224182149290627,53.10229900276246,20.7422538840431,5.0,0.5524952957951962,90.32695823967694,1
97.44259368458657,90.84948519667412,18.920397445375396,1.0,1.0,63.091153279892126,1
322.6936853819294,92.3689248278412,23.716591124715606,6.0,0.0,154.01031959786738,0
25.222715043804307,30.568022858968376,11.02891119462426,7.0,0.0,0.8480021721612552,0
247.50521424913657,57.777737101578985,18.214665166763876,7.0,0.0,108.8206715156305,0
90.78540503113278,15.323496310570341,21.088036451910146,7.0,0.0,181.2057545929802,0
40.455149386588914,35.48611350328173,24.988991137485005,8.0,0.0,131.07585412899485,0
88.73786787691392,44.55561364640704,11.63790614209703,3.0,0.184106910338108,7.097692864256722,0
309.95409033383066,108.30921852180586,16.707568245725273,1.0,0.0,99.0544400241154,0
366.4313141040021,99.51484964504195,25.014177920278062,4.0,0.0,165.97491322318825,0
166.73905653205838,43.741055628017165,14.118642631459787,1.0,0.0,112.2426401891073,0
110.13247408527226,36.32482523884086,23.437552864807135,4.0,0.0,155.44461472970505,0
5.2518403426664975,18.61354482233554,20.065759839027262,5.0,0.0,132.9977333502525,0
91.56835381783029,17.952197936299306,16.123220783575867,5.0,0.0,111.75525433167226,0
346.3085238205268,67.92353576849666,14.611517374308114,12.0,0.0,96.68428635156701,0
196.93594545607715,64.46167147974505,14.836215623466963,1.0,0.0,59.688585369712186,0
202.24096447892288,45.189935468197206,14.66743858386253,8.0,0.20349066096163393,49.25817064314987,0
0.7448455619161365,14.388406890510424,20.856606344353892,1.0,0.0,184.7722693608837,0
209.80858209323472,55.94315512391941,7.459655116175172,5.0,0.2491899753991178,23.629780083545864,0
121.77755994421443,104.15748016287006,15.609049423131847,6.0,0.9431233921405991,98.75574075505273,1
410.7991581566247,126.15738650118031,22.542953005137225,7.0,0.0,114.58840815778728,0
36.96414446824076,5.390836698478658,19.842522588734415,4.0,0.0,101.07078930274287,0
322.63739519521334,88.4971780389452,21.619632157408066,5.0,0.0,136.59362775650987,0
365.114266624698,67.5879441204101,23.543261601483987,11.0,0.0,135.3247535208701,0
427.3326193233607,141.56063909918075,21.31329254098739,4.0,0.0,154.6063966532372,0
298.23869997148785,103.59125095155109,22.634709190526554,1.0,0.0,129.92034586971891,0
132.85433017037678,14.047083438152125,16.160914122872754,7.0,0.0,40.757389665664725,0
48.95498260219158,4.977581052989276,9.634362702949778,2.0,0.0,44.72352817754786,0
366.91279014053305,125.19636496397644,21.57883100436963,4.0,0.0,102.52930864769124,0
281.4887569333233,80.85175360092359,11.060982555169666,5.0,0.03295102871771105,65.05073900351826,0
253.63082992304052,61.77301899751637,15.288616338456896,7.0,0.0,76.07106834230002,0
323.2773061211164,89.46378089623046,27.029404334124283,4.0,0.0,177.6838481048474,0
349.4878323898397,98.75600025918366,24.066401583248318,5.0,0.0,150.23649030539204,0
73.49691411091607,1.74060860297147,18.916414799417545,7.0,0.0,88.97625889672463,0
286.48211090061005,53.62069548596308,24.34589880484446,7.0,0.0,164.37490261641096,0
23.864013406513493,26.416901615724456,18.306663763203318,8.0,0.0,51.523136560836406,0
83.50329579299583,9.505912644164923,18.099771411118105,9.0,0.0,172.91890113115028,0
245.60554069325883,45.981177663865395,12.798729711947143,10.0,0.06217192078361444,44.77845617179746,0
287.91475383854925,58.57142328535974,14.500978940498484,11.0,0.019485967070040966,55.839734455352286,0
71.87110204949188,12.916268305273107,12.646577589912793,4.0,0.0,85.14523459374678,0
78.76655871628563,83.72590779708315,14.811059424558994,11.0,0.2128247697429252,79.77739694583981,0
401.58091149184446,106.65930320528453,27.931277113939224,6.0,0.0,221.24056586586744,0
78.36401084280072,36.50840577994023,25.66366101542924,6.0,0.0,129.37260776499943,0
45.974719083912994,18.750252285633422,1.6666046299989485,6.0,0.3229240462917405,46.3900049519016,1
30.192866606216867,12.995041876514343,18.59075181630662,3.0,0.0,181.22227457538645,0
186.66311780787282,32.210592899088624,11.668474708195845,9.0,0.12984935975659057,26.844114150726284,0
277.1128181081969,49.88923126575145,20.46453131424158,8.0,0.0,114.22933632010913,0
233.58114337062784,11.075038737911008,1.08683021937677,8.0,0.0,164.4989581258555,1
292.93813203368757,85.22983065255383,16.454303176261693,6.0,0.0,59.70517764596068,0
24.54753979649969,39.50901648926548,17.069546672128276,7.0,0.0,24.932295285949515,0
55.80047169483317,11.056964464317154,16.71281566704478,7.0,0.0,51.63718400060894,0
43.07811532556858,28.414126811451332,16.422744253487224,9.0,0.0,34.949893163633604,0
390.62760722674545,93.68685269081305,23.681804341693812,6.0,0.0,198.19549694032867,0
71.38809377904316,5.911376978239527,23.498009826642374,8.0,0.0,169.13768006080815,0
97.6358996122275,97.64512560970616,21.94334801232027,4.0,1.0,100.41458203450148,1
148.2113995443309,44.88084325404152,12.377817605517798,9.0,0.0,78.90005372583651,1
232.68547957357848,49.395767517742115,12.729596396981012,7.0,0.0,80.17367657017036,0
99.61325325576573,53.0996734324948,15.300787129615323,4.0,0.0977939617797352,37.757325723094155,0
137.16500028635252,46.16720028211719,22.011037798060542,3.0,0.24118147848046118,59.01618048137529,0
106.19985898355357,39.671041306464076,16.23345715032241,2.0,0.0,238.82879159106577,0
367.92887214209344,117.51720193674493,19.594666226540085,5.0,0.0,111.43471734275509,0
141.87770994257374,112.95849629801427,17.647133556774364,2.0,1.0,54.89417568676294,1
35.10292724192482,20.903332932947414,15.610865757237338,7.0,0.0,55.12964114801649,0
303.81632496487964,93.07674525443878,20.560145941819364,5.0,0.0,115.45165930114761,0
323.706176245336,83.0146537085127,21.342859359384622,7.0,0.0,102.8655570259785,0
22.946734226616528,44.20868308446889,12.804364069382409,9.0,0.0,25.09380994208746,0
288.0980635235212,79.18301135391297,18.58646547896919,4.0,0.0,115.7728543953357,0
245.44727456515884,59.863019973984166,12.792740189055426,7.0,0.07031989084138596,69.17350336965902,0
86.63568265084518,11.854476202307978,13.92339247283235,4.0,0.0,111.51491338723523,0
127.02637464303946,39.711616330279824,8.967944389112244,2.0,0.2172731153560864,49.42846705606924,0
162.11124919840842,27.36266494225598,0.5016293819034665,2.0,0.10081070732405423,118.20393359278951,1
122.41962984488256,32.41142655414741,7.254976580650789,1.0,0.0,21.397078116163808,0
413.635324072052,130.67109719687488,19.189891496540866,7.0,0.0,88.83356115926185,0
63.28876456400628,4.904871440186589,10.65757985056591,6.0,0.0,64.19492630797197,0
21.32181710932221,14.643286465477658,23.210526587970264,5.0,0.0,124.6629454496474,0
361.86565496521683,114.75729595380321,21.249242230043922,3.0,0.0,157.8447899750149,0
45.504753561122584,10.113268086493523,9.009286496548416,2.0,0.380742041283482,50.664286583089854,1
95.80814193831719,75.32154183574598,8.338048497494137,3.0,1.0,97.25631059427707,1
252.0340099132685,64.81544437186616,12.433337780419398,5.0,0.0,40.27488616407081,0
248.92169820866502,81.2032359864553,14.057402467480573,3.0,0.016578061067110683,63.32382247402555,0
71.93349809090735,33.55781869733248,11.703021071585477,1.0,0.0,160.6074894456949,0
256.2017941505113,71.42288578299,18.849383633212796,5.0,0.0,95.80633505730894,0
76.36978200272263,2.058548103900371,16.086875601361943,7.0,0.0,101.82754068130137,0
154.87197870940201,39.880448673578776,6.026528605054919,6.0,0.5023775467914938,15.375137714341491,1
42.66138527355112,29.69669157148323,22.106822037809792,6.0,0.0,79.53553622056221,0
354.1415933481013,111.61104945986156,18.723314305352297,3.0,0.0,138.87997558163602,0
57.65033311865025,18.315099334639953,16.45061141625012,2.0,0.23602386327731134,28.022839035947193,0
3.4453171980059807,12.027224402786466,25.99857830011393,4.0,0.0,246.7686163327645,0
1.5232696368871075,13.350523722840478,11.677873020339277,4.0,0.055142315625204164,67.66518729858271,0
10.060522504651189,26.647930530321382,20.407768573749607,7.0,0.0,36.43358079970423,0
35.5327452999014,8.504261251453933,15.774202693630674,6.0,0.0,74.97254786610648,0
74.12322312643711,14.19242004364628,12.893022378930903,6.0,0.0,21.383886950547897,0
18.53790010137464,40.48911319559028,22.22233905069054,1.0,0.9342120033964582,78.68826314160536,1
79.95211410393036,4.847651766233444,14.968823392231238,6.0,0.0,130.9806242559518,0
221.2212548006861,50.01619098115373,20.03935690937391,4.0,0.0,103.18411191863308,0
323.97284117901415,91.88946361181118,17.276218147103314,7.0,0.0,91.14699048971154,0
220.03322087260534,44.9425832621624,15.256158015951796,5.0,0.0,105.63126989145121,0
208.8019406247901,36.810921868802076,20.88406508866413,5.0,0.0,127.00077694361761,0
2.4490229890341624,33.12965682568646,17.205216480743346,1.0,0.7646047591787968,65.84568895093564,1
93.35057305336453,3.565572710699101,24.969205031378117,9.0,0.0,196.5580468973443,0
369.8100625534001,111.1447419226033,25.529861794506658,4.0,0.0,152.99417832130587,0
299.4163540545492,85.82905423428664,17.173022299690196,5.0,0.0,120.1178040352373,0
137.48929919602432,59.25509754563792,20.78017546342772,5.0,0.19334314855406853,27.12182161044513,0
339.6612711601215,114.91327471432662,23.39987815746921,0.0,0.0,141.23967150616602,0
264.567801860028,51.80625098291077,17.04946824004432,9.0,0.0,73.77181504106325,0
251.4664954228203,87.18182588198319,15.053037839426274,4.0,0.17025403869556538,33.83677556735571,0
310.04538941722967,81.07577532797765,11.890250525247275,7.0,0.044198347694106466,88.75102887159387,0
18.633322241137208,41.18589908540284,16.399331962724325,7.0,0.0,29.838856857182385,0
7.83408896668719,22.176121088393337,16.636026482419084,6.0,0.0,73.60423357752896,0
31.11898713421708,26.794082108656532,8.982326634466569,2.0,0.023504048885011508,41.13038876620449,0
327.0022616250137,82.40213092742877,24.07306828137393,6.0,0.0,135.80247341759858,0
22.065921605497422,0.9479415382133958,17.316480349970917,2.0,0.018756818274985432,142.56178792296856,0
5.9058128970372366,27.63772793491067,14.132181352200295,0.0,0.9913640676426352,83.71114514844284,1
311.380292542956,102.0491572581798,12.936354192017694,3.0,0.10917109822075144,124.83634882073062,0
174.26754561188775,45.60861244704506,4.5298042874754145,7.0,0.5552318776103327,16.87100332452717,0
19.33235633389443,1.2312714575658745,21.85701704419717,6.0,0.0,183.85440116389375,0
333.64676526110986,88.31261417874913,19.54497767508919,5.0,0.0,142.850497170597,0
20.192763155014873,0.13634761327191214,10.928413899971774,3.0,0.11571035099237581,56.809569211178214,0
253.31446666516177,89.64778586594232,8.840565804126188,4.0,0.4554455897675648,0.22621081779794494,0
117.85349353980561,11.620757010214831,14.655040061456598,6.0,0.0,116.23610778022339,0
370.33802587057426,81.78197539731015,22.723789946800405,9.0,0.0,153.32556908396754,0
99.3247226408763,6.30577184747014,1.501991224358239,4.0,0.0,37.02968199683154,0
84.96168694262445,5.242632771649355,19.736035886775703,8.0,0.0,55.920331151782676,0
298.57940893132087,76.06046325063548,24.66057169323626,5.0,0.0,155.72816453575064,0
114.28978019982102,73.3753527475346,25.233866537905897,9.0,0.0,39.48553762912446,0
413.679877450481,127.6034348659278,25.763338091701858,3.0,0.0,185.05827500303457,0
253.35105175991717,70.86022713381794,16.14312409630425,5.0,0.0,74.17383743209074,0
122.5322012612673,28.23048183346038,6.486660489875842,5.0,0.0,68.10777664602509,1
234.13609690018635,53.15634418447248,15.543154815596942,5.0,0.0,83.55648809020829,0
13.971731204816017,61.11607532152156,23.093375823209453,1.0,1.0,23.423312836184635,1
12.691428141744275,2.6887095663682246,17.959431832051614,4.0,0.0,114.15993248828904,0
55.06643156160328,16.48842117090083,21.00986757859495,4.0,0.0,217.89966676532788,0
37.84935882798975,42.32118837283764,19.528278825976876,8.0,0.0,66.23177109652525,0
95.0201709402363,91.17813986657818,21.542741045349576,1.0,1.0,72.05744708068653,1
96.69721510338151,27.02715555184824,18.591394637901384,4.0,0.0,165.57038359098817,0
122.96355122462649,32.62971964212249,16.287771517095024,0.0,0.28100267202946344,53.37381833123972,0
53.30604816654132,51.759624690256544,14.57663394531961,12.0,0.0,10.703137726030274,0
267.2603955692608,60.6803989226808,17.85855773605392,7.0,0.0,110.41727915765131,0
258.82216304955546,85.61316884386707,16.91253283387434,3.0,0.0,68.98760636844827,0
347.4825299036906,96.50351732695096,15.377340113822534,6.0,0.0,98.22246021171964,0
301.05975366738437,89.33887174901628,18.139171770842125,4.0,0.0,122.83907499879481,0
115.25400028345956,29.33414490162198,11.04609991261313,4.0,0.2620856193133119,24.96064021025105,0
253.85431943964747,66.99786751637944,9.940697121297266,5.0,0.028905399624482797,72.97743834302574,0
60.42002994025643,6.735580988947888,16.343102339598694,0.0,0.07629790830290573,124.57243824213896,0
349.13764217455923,88.38407695307099,13.725226066178998,8.0,0.0,120.3379170944635,0
74.4216242591858,72.80098019962844,18.940387061119736,2.0,1.0,135.10071382332058,1
113.0787988061002,11.495654528920639,3.5679810994409227,3.0,0.0,67.63819631708712,1
268.9456698131038,76.00923697154226,21.943993523990315,1.0,0.0,164.5284205954134,0
146.88625209336405,115.46507663756773,18.656751376650156,3.0,1.0,91.0685581515488,1
294.0691749778325,79.44648796726219,13.712992180445827,8.0,0.1876901725701871,49.336663223888564,0
185.83199218127817,34.7777264654173,18.994265571955847,8.0,0.0,193.11755522497293,0
86.98849883356831,8.74319738643926,16.682209128833144,6.0,0.0,123.5431463237592,0
355.1250440593412,90.10320887187262,14.19172092491421,9.0,0.003783466956930659,96.15796316218642,0
5.987135912866634,8.032362622190274,21.21168216646102,1.0,0.0,158.5955143984377,0
25.074394245303388,4.306154693609599,11.396531850798201,4.0,0.04302784284445882,75.00973572704525,0
130.76428203487916,114.84701688059864,20.42257164744585,0.0,1.0,56.1504625263878,1
286.84064827038617,84.14449088016984,8.860944608231188,6.0,0.29702794993018594,52.04764014024587,0
124.27588547695578,15.526273216213582,10.869846977553008,6.0,0.044936434261930724,44.6834236117489,0
316.92484276305163,101.08734694677273,17.092287347951533,4.0,0.0,134.84136664715527,0
49.67474885940962,50.31728901888103,12.398672342627066,1.0,1.0,39.90365446480067,1
144.22189055630636,57.79934636037616,23.179228922624695,4.0,0.03978786111609456,52.63221824648519,0
119.4107968074498,41.100343230773575,20.672640314863244,3.0,0.040904977780869045,105.97594783160775,0
426.54117661586935,98.80248931938254,25.48070234777738,10.0,0.0,164.45446619145613,0
31.36159465353559,61.87572240522421,15.754268973919869,10.0,0.0,23.44626647297142,0
124.93289719662612,17.619910151296835,12.763418334588156,5.0,0.0,101.25731855765055,0
23.87909351480736,11.632105921698582,10.472924892221634,0.0,0.0,102.59941730358756,0
47.97623698163967,49.74411162464895,5.117239596596331,5.0,0.0,15.554925973342772,1
386.99065762340206,89.93013389409208,21.550161495053132,9.0,0.0,135.33431515972742,0
176.68435074232724,29.478734345327968,9.670109151012216,6.0,0.06924038714131758,67.31409206538612,0
19.75711258734343,8.398609794744381,20.717602511959825,6.0,0.0,134.68123675112304,0
113.94680095048355,5.611975845943448,16.434367000190008,8.0,0.0,119.59672851968233,0
308.0905996100392,86.60951470635625,22.070615012774773,3.0,0.0,170.11085398783877,0
312.1585782906595,72.62097566348805,23.435811275021045,7.0,0.0,129.72946659932236,0
22.848232981723186,11.985685969024928,14.545764676443788,4.0,0.0,37.14970111836286,0
255.17863701889127,61.60422283854933,25.530943126987225,4.0,0.0,161.4732035705484,0
29.419553707953092,2.241902694060194,15.94139523720677,4.0,0.0,142.8022374532224,0
66.63630827976283,30.85222940699127,17.20116529912311,4.0,0.08505087956760266,84.18865724958566,0
137.52144792550803,29.356919474455943,14.18675708594341,5.0,0.0,166.28057149025622,0
284.4940858030819,85.73057396221692,15.264914151232375,4.0,0.021955901392687383,126.95251975541525,0
277.8376562272024,65.40340005327965,23.247211290194393,6.0,0.0,147.96867526475967,0
271.2791939735412,94.96904093527279,18.10726253386744,2.0,0.02250953306743564,93.38024954916861,0
34.760700263034906,9.222374423207171,28.545218227649556,6.0,0.0,188.8512833308045,0
325.9589357465261,71.99304763106815,20.629424540326887,10.0,0.0,129.6696444829483,0
60.041046884027665,2.367836477186618,19.346926996074895,6.0,0.0,108.90086792445854,0
292.8672749869521,90.20894621971755,17.501219771365108,2.0,0.0,101.857968659459,0
69.96640506781037,34.018569479580435,6.1636067306309705,8.0,0.0,70.74517136853808,0
376.4194795092215,135.60590516388598,27.070413697704055,0.0,0.0,170.1370812913348,0
79.85650786582,54.47402257788745,12.512797659063256,3.0,0.7543314424957228,163.4797996932954,1
253.80326023319358,65.95353994692374,9.676532160985023,7.0,0.2193463236294944,37.168065296380675,0
84.24615558965722,15.328594221421671,15.227127085759067,4.0,0.0,72.80942633982039,0
29.883504411124797,35.1443401289785,17.332456810066184,9.0,0.0,43.62969803912739,0
239.7715476485755,58.16992935345873,9.81581319296306,7.0,0.2268292442350131,70.82939586021317,0
44.96370802361629,47.954218124433154,28.06064215382534,9.0,0.0,39.908707613834224,0
322.8362651031045,105.18755963589663,24.70098884611787,2.0,0.0,139.730421068237,0
122.94883950996183,23.301045758623687,22.36654200002073,1.0,0.30411965364795107,69.60046174916712,0
320.3284743337201,94.88278178469548,21.513351496050987,5.0,0.0,114.55266756853987,0
272.62169437173816,65.36885893654116,14.187073639910327,6.0,0.0,121.73427626733303,0
31.63193789581785,9.618543669749439,14.619873159438303,3.0,0.0,177.73656610539126,0
4.176464677203356,28.248167711572236,13.223395634017153,6.0,0.0,105.02938829714185,0
410.99248201353646,117.16283382137262,20.089375021647413,7.0,0.0,192.28944823541588,0
35.14924533061183,32.570670190435784,17.7433643847964,5.0,0.0,62.183079790786394,0
382.51555395436793,98.08905974874598,27.95006799257876,7.0,0.0,144.28879951405887,0
353.49778952052077,112.63629592809748,11.413357311312861,7.0,0.4626158827679322,81.51005798963979,0
3.391663109296445,23.3964556518533,11.067677636297445,4.0,0.0757384705718483,35.04238047073591,0
32.85662034591167,86.49959390363944,30.112168237790563,4.0,0.9578835866045031,24.811937663781755,1
8.225209895473455,23.204663277526166,11.94911797210871,4.0,0.006871722840820271,21.9485345601506,0
26.320749942315963,9.663996665261202,18.610027941872513,3.0,0.0,190.03803640784585,0
318.2191166609601,96.82335730564807,11.32173038068544,5.0,0.12674717245893907,88.83308490031153,0
366.30398872856415,82.26855830514025,25.838810729042265,5.0,0.0,198.03224782751244,0
343.5586883557493,92.98598765411553,23.378562237467992,5.0,0.0,144.73898709115898,0
83.42860382266235,11.928834317016701,20.548246049506353,1.0,0.1988158989067209,112.2582495230499,0
364.213707234506,109.74917534460205,18.74855058591011,7.0,0.0,64.7317113035197,0
116.13672470826019,12.370802067439953,11.562184886376773,9.0,0.0,32.23243130337153,0
6.9111848478028435,30.743186363269473,16.69124502657964,7.0,0.0,49.60309586871862,0
2.1151150988107332,35.62375208304228,19.464300663605705,9.0,0.0,48.9243806297477,0
49.896873759555135,9.406103665082512,29.305445919491476,4.0,0.0,122.88154047290365,0
23.04856884653853,0.2730682423255928,16.37782201911527,4.0,0.0,99.32248350420849,0
368.6660070677599,120.19464246015116,25.663239171973125,3.0,0.0,197.6109982547594,0
66.21901884228504,43.81323516572186,18.386423767780993,6.0,0.08829891983603255,52.35437422581852,0
23.172539874204602,15.169402448117289,20.320546792219275,8.0,0.0,102.0603469957713,0
20.449550314377262,2.338742609091341,17.298019629015645,0.0,0.1353772027335126,34.15550193873166,0
12.2684745241747,31.39956193057826,20.608345597882206,9.0,0.0,88.33524705507898,0
375.32665481755987,119.64992042275978,24.45974038543631,4.0,0.0,121.78929027225993,0
2.663352162305827,10.917125117036164,20.37479929021974,4.0,0.0,72.08361228413978,0
368.90077880130576,97.04379410169423,28.419316066533163,6.0,0.0,166.46972222024885,0
177.533085041971,50.232979007815146,16.121098647989527,4.0,0.0,146.9169417243673,0
50.492687045933366,1.5512122563639608,20.756360686317123,6.0,0.0,102.98124431300886,0
105.75557377720702,27.786416792064337,4.937861818183153,7.0,0.0,48.74405832996125,1
386.9870797969235,122.81435915830468,19.49818221061496,5.0,0.0,167.31432012202828,0
112.37410213408305,42.67904328798399,12.216941015134058,1.0,0.0,127.07606668799389,0
44.630135582532446,46.85367565286727,5.096712696025449,3.0,0.0,97.95311487541136,1
61.10328195635067,22.932909053895905,14.703231393284412,9.0,0.0,78.70154171028524,0
51.98386281713406,22.36627104676774,20.20971902469263,3.0,0.0,198.29981045619658,0
67.89859708733587,23.357578907107985,18.2226972980833,3.0,0.06676726942600353,116.21785835386919,0
33.83300872570339,2.4616349050321418,10.120133966142166,2.0,0.0,90.14250843172061,0
314.07686157432636,78.85879931432484,14.209579070382766,6.0,0.0,108.36996962763013,0
168.70546276488056,7.83878267926541,12.449020911251264,10.0,0.0,19.288925867451177,0
412.6929466988412,134.6806283258215,22.00775617099316,5.0,0.0,115.76776963899187,0
23.881058623146586,13.94017673110858,23.8509338651695,1.0,0.0,203.59532589792678,0
105.65819866386258,48.826986218751586,23.681155096475027,5.0,0.11324880524112069,25.755158736644717,0
317.06039522281185,74.02900253547442,19.130248636435994,7.0,0.0,123.6193214729914,0
58.97244266084355,21.816429305738026,19.91674887607565,3.0,0.0,101.54578797020216,0
25.568623188680945,32.58965463897476,12.777358036549956,6.0,0.0,87.0762192222132,0
307.93086688068684,72.14819877739949,15.221183304468825,8.0,0.0,97.76326767924746,0
48.007152407791395,52.779882435182856,12.609945412440624,2.0,1.0,135.32017545682788,1
63.213527733547224,72.43322927785636,25.659702415004226,3.0,1.0,14.70100110522436,1
47.84496418302702,27.454579312902524,14.433951956698376,9.0,0.0,37.25284081162353,0
284.8743030127096,62.19346760210924,15.606147089519874,7.0,0.0,109.87601586560315,0
13.302188755681023,17.688321477425212,14.486996641703316,5.0,0.0,46.38110008781667,0
254.69057173063064,66.4702237662182,14.757616181959207,5.0,0.0,85.8389815678577,0
60.74019461866723,1.7457483033082397,15.545032290060512,6.0,0.0,94.7703542675675,0
31.288917268864566,7.890904654638248,19.584091765788266,6.0,0.0,92.39436237097297,0
59.73588722758991,24.632086306985627,16.47820854838362,2.0,0.0,136.66297784008896,0
393.7952883586355,115.3312115554616,23.900425681139044,5.0,0.0,166.3423838606729,0
24.117126730162624,26.585559550093407,14.431483847435413,5.0,0.0,83.09993141197543,0
19.46920513649085,6.04597881301876,24.052794055935113,5.0,0.0,152.66961259726264,0
291.0665609259736,69.12203384560806,13.430405253893385,10.0,0.12145983238499336,51.087384798552804,0
5.891744423816519,40.0384678666139,16.769942492751547,8.0,0.0,17.489073299321454,0
265.8345534604251,77.41382610557096,22.111520096926135,5.0,0.0,83.57121935327227,0
8.487938665657964,27.23169619014798,10.682674190470085,3.0,0.7067172954520315,142.52128113461953,1
308.6852613032506,87.67735304705215,14.059056464701829,7.0,0.1109598165211057,82.79742799806478,0
147.7374421831699,27.807857385483974,0.4939316144165593,1.0,0.12949453659948706,144.51038611446893,1
71.04104120941545,7.761106630121915,20.578619626624594,9.0,0.0,122.22346126539935,0
37.58404733467789,15.771168954784372,15.802806969866172,6.0,0.0,68.10007159492307,0
12.660147306203086,22.5270095198904,14.737648023120459,4.0,0.0,64.39072515328006,0
61.507303565750455,82.68688991074761,19.244337844527948,2.0,1.0,51.01268339200217,1
403.5245193104069,147.01069311924059,23.066589358833053,1.0,0.0,159.08156916099142,0
102.198325955045,42.48963038720953,30.770807944687697,7.0,0.0,193.94578512283294,0
236.38785806265273,67.96578623611897,10.690601513658063,6.0,0.26446220054565167,49.40573822349676,0
206.78076800169723,34.88806526879726,13.756524855029044,8.0,0.0,83.27685059371328,0
38.82660739797953,7.263837474793938,18.57232550137823,7.0,0.0,134.52469092111056,0
240.53087984375,54.28648434867374,12.427056840333586,4.0,0.0,105.3744609592145,0
242.13414386515956,77.74993960166611,16.95109988280421,5.0,0.13493643550897477,65.35636551530638,0
268.5863153795803,79.06363690812574,15.000803469366609,6.0,0.21265903005085368,66.44557796804932,0
331.55167880155824,91.14666965284349,18.86530409477777,7.0,0.0,93.96019659451693,0
310.2236834646882,70.14328566228804,21.903535109039456,8.0,0.0,118.23015457577958,0
243.46232530766144,41.121755713080226,20.532950046327226,8.0,0.0,121.7680043564586,0
227.2765083051921,77.58496000906906,16.099398433053533,0.0,0.0,99.75357223921154,0
80.80080559663534,61.85352807325714,13.761280576380946,7.0,0.1822114301248438,31.71498292583612,0
282.4867216093492,57.97060414268388,16.338279636620584,7.0,0.0,91.36264842100127,0
4.578203835031886,33.947372209972556,23.80355685342745,10.0,0.0,114.68017665940297,0
86.34157113614762,0.6909355930603667,13.74356324683999,7.0,0.0,113.23976517413973,0
192.68407977482917,49.17549551017105,16.09930523297919,4.0,0.0,72.92580007023582,0
5.156319669552161,50.13518960594428,20.630713116549924,10.0,0.0,17.40848293956698,0
228.07706892362012,33.891314821252784,18.561018647243785,8.0,0.0,92.16073903858499,0
112.69143148909666,62.07846426222062,29.76362763244515,9.0,0.0,55.34921454106848,0
16.68153534921798,0.3355306420993358,18.235914337365458,2.0,0.0,135.5512489694447,0
85.1766035307988,8.46411540994356,5.891758277148984,5.0,0.0263674607486174,80.7111597071646,0
279.75860458886086,92.38898002335313,14.325979215572703,4.0,0.23504730233290277,77.79796964801679,0
205.24016984731747,48.69896547413927,13.389986328450767,4.0,0.0,113.35544607315988,0
456.67614486392034,130.53722334100274,29.351444480380906,7.0,0.0,194.60481633250296,0
386.70821968307723,119.15109384371418,23.501214981308266,6.0,0.0,143.84966766274647,0
99.6566537033578,88.41861280328966,22.03960297903344,1.0,1.0,128.33370143791225,1
28.788693709835144,2.462212450273661,17.857949207565664,5.0,0.0,107.24475984330832,0
391.17147002856007,143.0678560626117,26.694992138927223,0.0,0.0,174.18575385610757,0
323.6712568249178,74.64292360183768,20.943815392283447,9.0,0.0,104.22385737248122,0
215.3139198039262,65.39443764602736,7.398248755961472,5.0,0.4396527687765066,8.723990743382757,0
153.53954024760068,37.77574727935786,10.380719134898289,3.0,0.0,119.76896967524308,0
30.921912532848985,9.883038605940925,17.015592658393302,5.0,0.0,61.447342727812625,0
201.0885688099715,20.327410872182554,14.808948004859456,10.0,0.0,71.67890519098891,0
0.6933983264619314,40.5500666047426,18.737868279976112,9.0,0.0,51.20290345959192,0
341.5327254654676,100.50056708428784,28.68279884552449,4.0,0.0,189.53381056395895,0
16.010764652158812,29.5195008485561,16.182165185106058,7.0,0.0,42.68142996287427,0
142.27771665995618,101.2453830464662,8.423771602680802,9.0,0.6127569801969676,178.75164221523045,1
336.0831788096401,105.97330679278313,18.634552950221625,5.0,0.0,117.47913374398364,0
294.758481389223,86.51189814258885,10.745464709059181,6.0,0.1262796746393769,47.02293047694994,0
304.2966816727984,87.31187420923729,20.98725310838438,4.0,0.0,133.44798915962798,0
10.861154996436497,4.08264346847222,17.47702738385121,2.0,0.0,124.51672130419084,0
114.63054403095555,15.89145038110971,16.79863943677678,6.0,0.0,100.421431981988,0
98.42391119155769,94.41081838815528,18.371520983632784,4.0,1.0,90.44685930747153,1
11.769182505458517,2.3473047395810624,18.307811927667185,4.0,0.0,130.50629657456443,0
22.862545524972916,5.565626978829826,20.10257150801815,3.0,0.0,109.1200123762398,0
225.29128424601686,72.39137871082767,12.960889027826425,3.0,0.05044957804193129,39.757805028807454,0
346.5228319479532,100.42507768946655,10.72181631780887,10.0,0.4271977871034741,28.679217071602345,0
403.58380879674576,130.4079079443208,29.12441665491429,3.0,0.0,159.75075038977246,0
257.77431646980466,62.85019733298648,24.48982586483632,2.0,0.0,161.06695912369943,0
17.571034724389605,42.4913914140147,11.403347180378368,6.0,0.0,2.5094254143072803,0
164.00448212023935,29.95895234842049,14.34113796321325,5.0,0.0,63.19579746405445,0
332.79607389458204,94.05023066307825,16.52087580094264,7.0,0.0,96.60220939752432,0
129.36611249486566,41.39385828480732,10.258538399293982,1.0,0.15583007852850445,44.398693925564395,0
305.69836948839225,88.80391446215918,21.31028603950218,5.0,0.0,119.50826140927373,0
37.19714032639183,20.943403748366336,17.09183259032593,8.0,0.0,80.929689426837,0
39.27724063639564,19.004388675104877,15.405477870430136,7.0,0.0,59.309579978923836,0
30.21869698703813,3.694218869234845,19.97964152568845,6.0,0.0,198.37121998527357,0
306.8300658256837,89.84994808622747,15.045773787507486,6.0,0.07560699149034905,85.02155181636869,0
26.985706136105293,4.08233792929849,24.78546872466839,7.0,0.0,146.20414371191515,0
211.50462754429594,9.515956014707783,14.414580760755488,12.0,0.0,52.368077712813644,0
363.5961569567272,107.71585506257767,24.621904803377127,4.0,0.0,202.45889064377323,0
159.9675098883474,64.98061546939509,13.76638364719845,2.0,0.34563068153623266,11.844150465352392,0
38.86144999146023,14.90894346360318,21.772786341232695,4.0,0.0,170.62242573602822,0
9.372814928375519,5.859654590886251,24.93071815471373,6.0,0.0,145.66445336664324,0
129.43748938574285,20.422156639662397,9.894874701456851,4.0,0.013114563280312463,68.05104298383867,0
348.60500473563184,88.26742369029688,24.458587176561863,4.0,0.0,215.90954346089984,0
358.65702198848567,82.39027974629593,22.48156937962232,6.0,0.0,197.65405324506034,0
52.56073740205352,2.231903787072163,16.57407714583661,5.0,0.0,152.9682115526177,0
12.206840872300127,7.885068935121389,17.541742249942466,5.0,0.0,108.88404064550667,0
132.89616789184416,22.586896161681494,9.86781401721391,3.0,0.0,11.656624580068133,0
8.24976567882733,2.1425923761346866,20.978009153308683,3.0,0.0,121.21540474543036,0
2.887100866583694,12.028690250431758,17.22297481794226,1.0,0.019154813943368043,127.07048128591393,0
381.6163060364103,114.26237371757355,22.2316221677821,3.0,0.0,140.9661375197413,0
273.0466104805277,71.48712798931706,12.618451976689682,6.0,0.03960428421714224,72.0930595295713,0
1.14694333488913,37.444472966656676,13.30442241013785,6.0,0.0,33.889603453844934,0
35.46631348288089,31.87296282667647,10.500304311983356,7.0,0.0,43.23679531213537,0
71.95801920780235,51.44186801133995,22.834440901965024,7.0,0.0,60.81573866057201,0
262.2036388786046,72.27785907758087,22.147285507848427,3.0,0.0,159.83196213494227,0
235.62410305004988,22.45117457610201,2.3719531091523827,5.0,0.0,151.1903939277281,1
44.20369087175209,15.71820473296576,15.54688465457925,3.0,0.7076843696139588,76.00383739681719,1
71.18976160078627,0.15961768459849068,16.85131841924219,6.0,0.0,76.70401407648932,0
299.7473644146083,74.79257472054593,21.743745119665334,7.0,0.0,104.3542533465672,0
75.10258776072622,89.6754120125474,22.180256085313584,9.0,0.5240649308465628,149.67203518648574,1
281.7411305312793,84.16000552297598,12.029015634421572,5.0,0.15526228479828352,93.21212770857522,0
261.25154527163505,67.61597645482678,15.897110841185045,5.0,0.0,100.63651757363282,0
294.52661681628655,119.29906955662943,20.48820960753733,1.0,0.0,102.73624886261686,0
458.3792260226644,114.75071936902137,32.10651350075637,7.0,0.0,219.7210163300274,0
234.22322895316128,65.05469236906433,11.33983912299549,7.0,0.26121917880067647,15.811776254051626,0
254.2996613046838,77.95966483306732,12.315458545525786,3.0,0.0,63.842961976109635,0
220.24665363482006,67.65339213048861,17.080191103931497,2.0,0.0,88.99688756967966,0
268.1503499471795,61.56855886633168,15.89244746965257,7.0,0.0,106.15489493780527,0
362.2130250358671,118.16193576190497,20.316647035971926,3.0,0.0,146.7667092701813,0
28.525700473586795,27.92998668085204,15.687281678946455,5.0,0.0,76.7315611861895,0
334.9135057625464,107.68209489814184,18.15299917248877,3.0,0.0,137.46691208572628,0
263.885820401112,55.7514265415924,14.68439804364824,7.0,0.0,94.53313893585211,0
388.4890191166632,115.03014502518954,16.91428607960733,8.0,0.09922189716533747,84.17427224907739,0
218.41426454951105,58.51929324226285,14.140504299861478,4.0,0.0,65.82666726559171,0
314.03076688268504,85.00610152184602,32.763670081495476,2.0,0.0,204.24951493251743,0
45.597527957345974,1.9210590702610588,17.74645957837985,5.0,0.0,41.682046732478774,0
467.3458395983724,163.29766734302976,30.127524960394876,1.0,0.0,233.4231339511593,0
417.724288986053,114.2713561266258,22.075886999312065,7.0,0.0,161.50847251381765,0
16.248911565275122,0.9189784709369775,23.79317851641293,5.0,0.0,192.44180455312602,0
15.559045786638421,11.281062968157904,13.755355976633945,2.0,0.1579602642509761,9.376096246533834,0
357.433958170745,101.88512277554273,19.293822058195538,5.0,0.0,170.83972743477182,0
16.64693791314214,46.13491397877324,17.813505967702426,8.0,0.0,67.3805128972691,0
402.8689649365044,110.12218261788539,26.594772036099386,8.0,0.0,145.80388261646792,0
260.19246276515776,75.70476719905415,15.956479116708772,4.0,0.0,76.48513606273768,0
255.1976507624848,40.448893913532466,9.858836549952855,13.0,0.2798083085613955,22.803055332896918,0
79.72369677708173,53.4269583061928,24.912442062646086,9.0,0.03653442842045351,50.09454245555932,0
272.72758068355193,59.77673867294512,16.28775696077907,6.0,0.0,109.00300533617427,0
382.220734338121,111.44605031032185,16.693291335400517,8.0,0.09404490237383428,117.40360649796422,0
61.18429859134359,6.17644023853661,13.296332364826227,3.0,0.0,41.23980869992019,0
320.49216590798477,80.84285879975255,15.561155198591784,8.0,0.004391608213197951,110.10672440606633,0
42.01575926447117,36.80075737732382,16.27501994837631,9.0,0.0,9.076539290906005,0
266.7862459551194,65.93680909230486,13.794947746727694,7.0,0.0,78.80626825223897,0
167.07293592962117,11.082711955298684,0.9657775220097271,6.0,0.17299489737143536,142.51405591715383,1
243.18452642107314,78.54310712933503,23.248038774448784,0.0,0.0,163.97173122448658,0
64.88173476157827,4.162945658554406,11.19725800413898,5.0,0.0,69.18556893971203,0
260.96862140354267,78.97377384935638,10.86305728743476,5.0,0.14260143348705412,46.47348786098923,0
14.563057183942945,20.47348437444876,24.361773592689897,7.0,0.0,186.44985083892516,0
67.11158242433768,35.99991262500937,15.809792444514118,3.0,0.06172070696658738,23.412925761276142,0
358.67645498190234,130.6891053360465,22.153826885467403,2.0,0.0,112.4020450785185,0
263.1067162358589,79.88583625795435,16.69908355779562,6.0,0.11915289635107651,75.1534505341711,0
338.0126536560311,70.25059298038163,25.92940429590974,8.0,0.0,172.96840799744666,0
27.822045632461496,49.10878217150666,13.661921786114268,10.0,0.0,17.713139850944444,0
36.500791468068144,13.7611829685118,16.35846572351533,2.0,0.0,79.70545371698694,0
84.16865005931498,20.296426270713766,5.474236222458789,3.0,0.019462744267904897,115.72963769865527,1
266.7723582320101,67.82908871600961,17.52109191171845,6.0,0.0,121.97457292505337,0
356.870692555602,93.83702222630914,27.194491659549563,5.0,0.0,169.97362681894177,0
294.4038716650276,61.84215261747696,19.919061804658234,8.0,0.0,121.33336711823941,0
101.70121412095565,4.771876896686024,11.954679160872512,6.0,0.0,58.24703219777757,0
259.65698691144695,86.16738189685564,19.99263258125666,2.0,0.0,129.87888120539805,0
9.504839460586325,5.4210348113216895,19.679089885193623,4.0,0.0,128.22797762565705,0
319.41161684437645,85.56895839008573,9.851301029744764,7.0,0.18299584754186393,78.21298587472691,0
38.28424064540336,17.321236348563538,13.513781480484326,6.0,0.0,40.75668610238534,0
221.0424242313999,77.30209594394034,10.760822620110273,3.0,0.3353166940005218,25.819689828592878,0
31.72031138198428,22.107320726036228,16.95271260104826,8.0,0.0,97.37914480394785,0
14.414907065124162,29.077171580847185,21.436917049505674,8.0,0.0,107.12745533292015,0
329.2464198144602,94.83961466187898,27.9350402242701,1.0,0.0,225.87105364232556,0
184.04960270723305,40.026181146918475,7.9650231488798084,5.0,0.15483567373553542,57.04103371601306,0
303.85257227172985,76.69072300378764,13.400833345605978,8.0,0.08341759653430031,80.61383447343485,0
133.68967069675477,101.40674324985477,19.102523196774033,2.0,1.0,121.55760316587576,1
134.6140515922993,40.073494589553405,21.843302307705017,2.0,0.052800805182397825,131.83623551385534,0
530.6691047724606,145.11824006125977,36.93350187484825,8.0,0.0,243.33941659630622,0
20.331736509224108,24.940189385190344,22.845521928869825,9.0,0.0,133.14473899808115,0
62.043202297023385,23.35809244851842,18.830596022547724,3.0,0.0,165.71322604547015,0
66.36497133951102,67.04151982361873,17.513900443747833,9.0,0.001947870554877662,4.311587473127574,0
218.72808820559015,56.819521451923634,14.444837743304785,3.0,0.0,93.60618223636827,0
221.43015008849773,63.190622255871915,26.93909652206955,3.0,0.3560055127369218,109.0851408045163,0
48.56193751024493,3.4020845818577143,30.342964591564897,4.0,0.0,206.3746916213518,0
114.0971748433625,11.783791422353161,16.45076961195276,7.0,0.0,145.15395774876202,0
166.9300765396369,31.39435381209804,10.861222735771635,8.0,0.27177154805566517,29.145209849460016,0
279.3424731792169,74.08728956106292,18.314208783688734,5.0,0.0,126.8341179974719,0
54.58949964516448,10.113732601151412,15.57873818483144,7.0,0.0,106.9092715412031,0
364.52201600222537,93.06145069068863,29.358451690906136,6.0,0.0,210.2734499888993,0
238.31734825594876,60.57419663859812,20.501013729244498,4.0,0.0,98.67898025080581,0
24.480099506116943,13.037692716847687,13.311746931612884,1.0,0.0,76.52055936363233,0
296.885411055817,87.82640784829623,23.480931099844987,3.0,0.0,142.88193067298954,0
77.21940589487536,37.32705842254346,15.208040011532571,4.0,0.20105805960099865,21.443272429491806,0
102.00554132399117,26.62428709262248,14.761545354585483,3.0,0.0,114.30326942017287,0
1.0776014258476465,38.70357073784105,14.714510195073847,8.0,0.0,99.4801475966591,0
240.90469374166912,63.841572464447076,15.23064345577962,5.0,0.03414840428529131,110.41338075413542,0
166.4932744409019,11.921182598703439,15.771375514730803,9.0,0.0,99.35712046457824,0
25.457249926514706,7.502848236330845,22.87794900222177,4.0,0.0,166.01968076755216,0
95.03728347337251,11.80738889414311,15.257197035039255,9.0,0.0,53.9079310671201,0
291.26536018600257,68.58572024788099,18.224583723901155,9.0,0.0,71.17781115640358,0
92.16862140161433,5.155952963677834,9.463452113014782,6.0,0.0,6.466239543790611,0
77.47015464271891,57.15920117369528,17.05119856591778,8.0,0.0741817079240723,54.253490730241225,0
289.0001421552056,55.969916944207604,17.405499515112876,10.0,0.0,67.08858284552136,0
348.8238861532361,103.06837839000706,23.30470832883273,4.0,0.0,160.6941744604348,0
2.40341991590077,34.795371778338875,10.036201030764776,6.0,0.0,14.506441688484976,0
312.4997780919315,66.33270027799477,20.7504984859213,8.0,0.0,130.94890403144464,0
53.49848609262296,12.523073444916982,24.115194416056106,5.0,0.0,140.43968882607567,0
194.68712871423233,17.53610656520606,5.366081075678803,11.0,0.0,111.36098322534542,1
59.698755779710346,13.761975182076753,13.102609193252896,2.0,0.0,79.82804430983487,0
34.28279089776953,2.637489094990009,18.895251553034534,6.0,0.0,160.91104978797853,0
68.42751899723709,9.187447472035274,11.604077304336975,6.0,0.0,6.631349302715552,0
138.8651873513718,122.7095123039477,26.377197796748703,9.0,0.5070861719460331,141.4027064574397,1
298.67472783069263,96.35287144508878,15.491037367092693,2.0,0.0,93.28039494412775,0
41.99637933253894,28.635432680053334,2.226245554392774,1.0,0.0,113.51287385086817,1
196.19894511518606,13.548145351491897,9.330230562611735,5.0,0.0,130.64244675851785,1
70.41138713221095,73.20751945366831,17.003642746563475,6.0,0.7547915521397265,150.3256776268206,1
320.123051548557,60.29826083190931,18.79282152970871,9.0,0.0,109.22234564214588,0
291.81269909634455,68.96991664342966,24.59795858544596,5.0,0.0,156.11911028903023,0
133.32787095477153,17.664451805268733,13.3299720257693,6.0,0.0,143.99290537105009,0
163.467940620388,21.810885655742034,5.218676586419285,2.0,0.0,13.773351721021907,0
223.75596836771078,48.16523265113045,12.412236374295313,5.0,0.0,85.25194765531027,0
72.17607536090722,70.96282654738468,14.071418705325307,8.0,0.0,0.3482032930548229,0
209.86294249133658,39.49044659313735,18.141107311405953,6.0,0.0,102.12932648127313,0
81.46187256188676,33.74598230764139,23.46447361094451,5.0,0.0,134.40142235837732,0
412.15963047999225,100.49118051594687,23.814620303066818,10.0,0.0,136.4719017654421,0
0.4714983529119934,56.50709576525074,17.657895286239604,11.0,0.0,13.027509070264536,0
29.402592121244986,8.15270263397176,12.581519772441922,1.0,0.0,81.407198847773,0
13.142458284411028,24.61962292349586,11.384644176361869,6.0,0.0,82.42626712130257,0
327.77522086718096,98.70161855702361,15.421942550388538,4.0,0.0,116.84205506902059,0
277.70332932463396,81.08477150386128,23.08827635329144,3.0,0.0,144.94324996175627,0
2.3890813617748137,2.539380270363509,17.607610697023965,4.0,0.0,220.88986637270693,0
260.21630618538074,76.5320799686599,13.76244742381147,4.0,0.07598946037529725,100.54758416491856,0
140.09842334245084,76.72293014672535,20.36077657598025,6.0,0.2623100017887207,87.10089774030884,0
193.8327122997556,63.83426828008553,17.873857969697042,4.0,0.11053762482206708,54.9951440848675,0
317.0635039564002,82.06102749654377,21.746154806945174,6.0,0.0,144.86523180469845,0
2.0599730840574466,28.057607041332453,11.354954288370998,4.0,0.0,10.800792666621941,0
35.21501246817775,66.40824384789944,11.561667003657305,9.0,0.06928938072853696,69.79463985293305,0
221.36642420503776,35.41158597862918,16.122366070687768,8.0,0.0,82.3008747057834,0
247.71927149343762,65.26378068031298,6.792313310714015,8.0,0.4708332273609892,14.00483919427371,0
294.2023165076613,70.53391435250938,14.583185262332394,7.0,0.0,119.34045834045408,0
285.98634060160356,68.93503474179352,16.876409059321382,7.0,0.0,83.22487384536065,0
274.27145241995436,65.9303113389823,18.819022387765038,7.0,0.0,106.39162079171993,0
85.18450221922758,6.486834352035842,10.296349195927549,6.0,0.0,65.22217455674907,0
137.5231082948331,39.25651899403489,6.503825882723303,4.0,0.38433045124272247,27.502734958668512,0
19.309971321370753,34.95150040044187,16.6048721401743,8.0,0.0,15.071811251509388,0
118.19090185604253,8.407193254767336,10.483699335568602,9.0,0.2292144973887339,7.662161714774243,0
118.97482590870054,90.0883585036806,14.768212184010128,4.0,0.9526298714480577,127.94050719381671,1
244.83426524621734,46.34298997114518,11.091525215798487,10.0,0.07897084469487803,26.16968865263445,0
21.520206172837952,26.524960270208844,15.352423859755778,8.0,0.0,26.40474204892378,0
314.20686614484566,86.69562156474267,26.73100363386969,5.0,0.0,151.0555974421311,0
20.622314728245087,22.951117995449984,15.361148478910092,7.0,0.0,83.24533278759942,0
35.615674112550444,18.615301181036955,17.143526538795797,2.0,0.02633220981258866,82.66340150853422,0
319.91533309950853,99.08679335957508,13.633510364281054,6.0,0.2155739432063919,75.30839721841987,0
128.46393386766414,5.250175601830875,14.521414189831058,9.0,0.0,57.773574223829826,0
95.27395126397197,72.50731002791895,17.776438898583816,0.0,1.0,96.8082770137029,1
378.4435754187307,117.91775027052407,26.515225861459477,4.0,0.0,190.5813502320476,0
297.4472950969062,66.55932371014846,13.845903498229074,7.0,0.0,114.71726562185084,0
87.13502758711392,62.865837091250796,3.760202389927416,10.0,0.0,91.30132126682726,1
41.86063151052849,15.58963520054256,15.89645056971668,6.0,0.0,75.4662761438311,0
322.4185122518054,114.65476959969723,20.39785678743927,0.0,0.0,161.44318073183945,0
269.09191286517097,81.91278999976382,17.14850833880466,4.0,0.0,96.90067268070209,0
111.6211772381917,16.97638686982018,14.880768325701423,5.0,0.0,117.2580347614981,0
28.612344492661634,47.375596357088654,21.533068552416125,9.0,0.0,52.76577030131541,0
396.5907834218662,133.3933789785629,26.97872772356218,4.0,0.0,132.57620864860627,0
283.362656207995,50.167818667085974,20.74924292565742,11.0,0.0,89.16668126378461,0
0.5061638581001375,36.13570876523106,13.389359758228283,7.0,0.0,0.3194054834245996,0
388.77816868076314,93.24155312716867,22.1124580536165,8.0,0.0,151.98755374252494,0
326.2803909309899,85.41959149747477,17.562422289374638,5.0,0.0,122.19404147720532,0
72.88360913368979,19.25591311891062,10.046769838712386,8.0,0.0,24.153370118416568,0
388.61459613100084,100.35801409587377,21.171790678411693,9.0,0.0,111.6292227161745,0
360.52674697319713,82.7904638701556,18.259852038973833,7.0,0.0,140.4005809231241,0
190.147749250373,31.905691364840372,11.729123919415489,5.0,0.0,107.03502483599084,0
215.53256423446658,40.48378308253094,12.924157753976415,7.0,0.0,74.67048112412648,0
75.52549800935572,52.727732733877275,27.7117603810584,10.0,0.0,157.90393630623862,0
171.37415541857393,46.7569464016871,10.115950721413622,5.0,0.12256281589879547,17.39465762235085,0
40.49085559945527,58.69824218965846,15.018092596306362,8.0,0.0,0.1976940540681582,0
11.950475550349566,32.450531825979,14.46418515451348,6.0,0.0,25.551314313998866,0
70.7276454870025,5.234231188143276,20.84326748594914,8.0,0.0,115.12919819653519,0
30.10451309811981,18.761077101005327,21.555151776782292,5.0,0.0,70.57058939416103,0
393.01326929814127,109.60937546116675,28.385677400396464,4.0,0.0,215.94338456649635,0
418.93796134562456,131.3402922475929,23.71744048245334,4.0,0.0,150.77621076411273,0
131.10100299596508,13.07294664464441,5.047090917544011,4.0,0.0,3.535809545806128,0
72.78428919806913,35.2691065707583,28.541069084187356,7.0,0.0,128.2453942534717,0
291.49019170115923,84.36968344879278,13.011488909118508,9.0,0.38948904331251855,9.452662433331174,0
16.031698270790145,40.488951015463186,24.625728323547754,9.0,0.0,52.57409414741709,0
66.92366272092053,47.04282504631941,11.343680204452172,5.0,0.11755910511912776,18.744795412860988,0
93.32472082242191,4.017742163987201,15.424432976220562,6.0,0.0,65.02605113144675,0
289.4878690711443,68.9449580449748,18.292685131326063,5.0,0.0,125.44339546091904,0
131.15016235708404,27.599811283395283,7.405172573799668,5.0,0.3150353560348754,53.23814961204717,0
136.20545653333505,9.637015829429352,18.92847860412658,9.0,0.0,136.7150048236174,0
102.81119678199332,20.655766502964564,7.711076960220396,2.0,0.0,82.4927461692391,0
173.490145715606,24.723624132502835,14.150009608523828,8.0,0.030342154293895585,74.40685116436244,0
317.20374548316977,94.07245956027931,23.580110138995877,3.0,0.0,155.13640632720904,0
308.94214495526364,77.69803194880355,23.093020973569107,3.0,0.0,185.30226263141245,0
210.62098677650206,36.770903610676136,11.50246820949383,7.0,0.0,141.66230527225366,0
287.22843526959616,86.57889868390035,20.542857783834542,5.0,0.0,92.64161604098629,0
337.576204345587,122.25468652778079,12.752505132352496,4.0,0.38246532636683794,52.69507550963904,0
27.065946800645307,15.339091878205465,21.875976684923348,5.0,0.0,138.7932078960255,0
124.83354164808439,1.9800034779532218,14.28061200939651,9.0,0.0,131.24972291011946,0
83.75298983872622,64.66358333430156,21.60850914606344,9.0,0.0,47.89947418103385,0
245.51105983957748,88.94826970024593,22.855559962086293,2.0,0.0,131.94312061128218,0
112.30199210093218,22.957014031936463,13.030240997445805,4.0,0.0,81.01196026443353,0
289.46465190708784,79.85725884008987,14.6667992476,6.0,0.004694530032114674,91.77221668465984,0
59.279387641050704,4.887449446714509,18.24530027453912,6.0,0.0,124.55781166027543,0
274.8147700826435,80.12423972978355,20.246662867473212,3.0,0.0,122.91866563060739,0
68.52571222200514,21.153015684268183,10.607055367521955,8.0,0.0,13.344161020016799,0
77.01612926023424,25.301289749038567,22.574743869697844,4.0,0.0,146.3987867464939,0
231.12236202825963,53.66504398418284,6.087057703832013,9.0,0.3679572221628207,10.352173398086641,0
109.49291696083921,9.934498919253414,20.07541468583463,10.0,0.0,53.462888317795986,0
130.27876507265842,23.197341023068212,7.673781437668563,6.0,0.3161949925710546,7.967557115624846,0
12.198978759552581,23.140305048010326,16.834624459850467,7.0,0.0,54.997664093915574,0
375.76101196949196,109.6920824377987,20.961500671702964,6.0,0.0,154.08811526960437,0
417.3152540767068,127.08375785434207,34.48685240295292,3.0,0.0,201.95356044111236,0
47.159694697572704,27.767946860691666,22.344292990826993,6.0,0.0,137.99148997997716,0
278.03810756893984,76.87606289700865,16.973351399188516,3.0,0.0,114.24094449232058,0
123.19059202706416,26.048757972286367,2.184919910923689,1.0,0.25830319087140746,121.0849615957303,1
37.25972814919881,35.31560304930545,12.607451127266152,4.0,0.14175917037532604,26.134733214329398,0
209.13836440090472,4.836259098844277,3.0421079602706307,12.0,0.2034702678302111,151.6050197263273,1
131.18969633590635,26.222240450939147,9.825946901329585,13.0,0.17691114562151472,169.71714944691544,1
341.03174930364486,76.115634209958,14.924599441846114,7.0,0.0,143.42733349333128,0
386.71213288950673,115.12806153461207,23.178566101390548,2.0,0.0,202.98965896623764,0
13.117892441125164,18.355419199283787,17.202695010478656,6.0,0.0,108.84809438603574,0
18.500710067884498,17.524627194406875,19.402622433432217,4.0,0.0,112.77030822672229,0
365.7174745531393,104.31305399451183,19.5745212407786,7.0,0.0,122.30697388668766,0
67.29176181776378,5.604512614383694,19.450678358352274,6.0,0.0,179.79429161087984,0
303.9040578170377,96.46290772049983,22.97070083945885,1.0,0.0,133.83972283964033,0
22.78386864839287,21.815444035751277,11.772872936168078,6.0,0.0,54.517371912535566,0
266.4923482842865,64.86352246755087,16.9066015591291,9.0,0.0,29.77095712581238,0
342.3834923042719,112.7087353867944,20.864033821987537,3.0,0.0,85.77113691336437,0
291.782293505033,62.63859147563914,25.055360089134304,5.0,0.0,181.44949617198247,0
268.1791993774657,66.01305622458253,14.903701611942745,7.0,0.0,88.83325067771096,0
32.82237833472123,23.738302068020573,1.1090036358586524,3.0,0.15914319378177494,68.88497851569787,1
119.14987836140125,14.470704678018222,23.371470616856627,0.0,0.039009898657094144,186.9336192491977,0
74.25304092182793,64.44661819007874,20.49964578560985,9.0,0.0,48.6115060752368,0
195.0673919087584,39.5350697512111,18.102204032274216,4.0,0.0,107.2170148925633,0
364.4883433771904,117.11038548978271,21.63542794794484,4.0,0.0,123.04733276169658,0
125.71446906111635,113.92205799950207,26.646604982039776,1.0,1.0,48.669045600593755,1
231.5041834834776,54.58523393736671,14.467768160080265,8.0,0.08856128481545383,53.53080248550211,0
20.05903962224265,28.09155528860009,12.915985000986959,7.0,0.032058114704301754,26.501892583902453,0
105.32815940166626,92.75114712056504,19.82888419184421,11.0,0.0,55.92636036921115,0
2.1958842610198985,9.015388135514407,20.161041530840397,5.0,0.0,117.19606167597775,0
339.71454728903245,88.14651354658108,21.310770345197625,5.0,0.0,140.37995436112962,0
315.6394152590566,96.61002906815867,13.715788873029235,6.0,0.1523941670079823,58.95025497459641,0
340.52070691471516,92.33395152838598,28.44247936803435,3.0,0.0,221.2060669488348,0
102.04307775842173,106.64679495927646,18.20150782652906,0.0,1.0,6.171150755853887,1
57.871051297926044,6.495247329799064,7.6586491374880055,4.0,0.0,5.604261060696851,0
5.852235438243056,7.26270203794914,21.49573048574951,4.0,0.0,134.47122446668624,0
275.82396635892786,66.89751606229851,21.52331013934975,5.0,0.0,129.55917531852458,0
58.18131132274341,5.299402867061055,15.878095014955903,7.0,0.0,58.72021167559916,0
300.1459865279859,70.47458838677315,16.17988685882768,8.0,0.0,79.0131714241798,0
85.96343999307518,11.662926611514976,10.748248725192964,7.0,0.0,21.153419625676754,0
386.8050673696289,105.15089813167441,27.79466557343233,7.0,0.0,202.7998477266631,0
37.081723048378024,28.83134561272901,21.058706706834904,6.0,0.0,56.674805397833,0
54.624353560984844,42.508086743230336,19.680739952261554,6.0,0.0,17.69802051759786,0
90.15446599477471,59.80939569667231,16.740761476677505,6.0,0.22057077609249376,77.50287748335539,0
296.9298493372504,67.03454280918471,17.118664232024866,9.0,0.0,89.73128233538769,0
300.70932189713517,80.37098258270449,20.576549294725524,6.0,0.0,99.7582487243044,0
256.8288596566964,89.63231165173647,19.387029106568868,1.0,0.0,114.01104445632859,0
310.5164619016194,90.65691519782604,20.51510692653082,5.0,0.0,109.30012249791979,0
89.4853909465655,63.22474931768892,14.345357286406209,6.0,0.13176189812298839,25.117116100254933,0
80.28497571479608,96.9555820781628,18.565831200615484,6.0,1.0,100.0386199565879,1
333.89094442674894,108.2013674189295,24.650556332604918,4.0,0.0,100.85223970747485,0
64.18866991515496,0.3588240079409388,15.55755998526561,5.0,0.0,50.61490018923594,0
335.823386920252,88.1855270164452,14.547923289634365,5.0,0.0,135.31507855683753,0
184.15674962736168,23.665699351450876,8.658478149367598,7.0,0.0,66.29619983950164,0
72.8976134568656,32.21552935696617,13.046084375623284,2.0,0.22839612300913992,17.419747175050297,0
165.64341512951694,1.6666000820425886,5.170010117526141,3.0,0.0,151.36691206738925,1
53.05685080286746,3.2133167399839344,18.388861191748312,5.0,0.0,170.0865071187806,0
25.34938345087984,24.804764986278542,16.650952703621854,5.0,0.0,60.71538709042598,0
243.8292569765526,61.23778623134562,19.2631566012165,5.0,0.0,97.5212094468217,0
3.7734264636929282,45.21895399240523,11.730416461776896,7.0,0.0,8.723405370257773,0
111.14128253117775,15.930268099907323,13.83346960276341,6.0,0.0,165.1422281735119,0
288.2586274963046,49.46778776532415,19.39391595349915,9.0,0.0,125.26380412943823,0
252.88586538269598,83.48447504515475,14.580721921659606,1.0,0.0,106.67744840618121,0
360.3031939250671,83.44750762558144,24.43778629835903,7.0,0.0,188.1187476156379,0
288.4951468786222,109.38007557830119,19.186130505826355,0.0,0.0,129.90105711616047,0
162.03067009451507,15.409055461394644,15.973160250537239,9.0,0.0,117.84183866481547,0
371.8750047975301,88.0773445203831,16.929040819921795,10.0,0.0,146.98738205943863,0
56.64839396307203,22.54224545338615,19.81427002025582,10.0,0.0,111.01602521613499,0
63.45903883445848,32.60886833502461,20.322428212202926,5.0,0.019597617878812867,71.72071448273164,0
15.829061831830792,1.7856767258795223,14.154138629596071,2.0,0.0,87.50986969710877,0
226.65933400951295,53.11597445326173,10.036786040530028,8.0,0.34949803509118393,59.940647449945885,0
279.7980088473652,40.193768323632185,17.09670468953435,11.0,0.0,93.0314917608168,0
319.3977371134001,75.58733002971091,24.263912678287596,8.0,0.0,148.9625572076083,0
316.9310074207559,95.85869280922834,22.10168934018762,4.0,0.0,133.11508840382373,0
198.10817636344746,54.84383121269104,14.246271069856743,1.0,0.0,89.98907145275858,0
5.519973182511123,22.127822707142748,18.167480981061786,6.0,0.0,93.65194222202157,0
183.1580536835845,40.17691239000686,12.227374884540055,10.0,0.0,83.38328313883994,1
323.16765282316834,78.97637818751691,30.833184356552636,4.0,0.0,193.0766533173646,0
167.1822365038769,48.4772543676514,0.03468692574721288,14.0,0.0,95.91165576714329,1
19.757865043155576,30.83201536112159,20.186957117519647,6.0,0.0,43.74512982120727,0
124.0034403865655,22.108742760845182,15.909656467313212,6.0,0.0,159.50912727093836,0
54.972030507558095,7.058391654108366,21.051807582901702,6.0,0.0,180.49851777363685,0
324.028796092151,96.77072609234213,20.38979766675253,4.0,0.0,157.0536833138292,0
285.55815379465866,94.38204652027817,19.10576099158449,2.0,0.0,94.99020256141486,0
271.7262617640259,43.114427010870735,20.342314751380155,9.0,0.0,123.26225735432773,0
32.45833152610519,11.301315936290841,13.854169083553357,5.0,0.0,78.9711334091057,0
61.88280572077548,57.452927198841905,15.140351252818105,7.0,0.02972551808114643,8.1537207686703,0
290.913946813689,67.08683053714842,15.82337103429987,5.0,0.0,138.15267562040967,0
81.1871692081346,44.28976954939772,24.243529628083063,6.0,0.045759586211076786,41.98667166907974,0
77.36507062188171,15.70649001378294,17.264544123373543,5.0,0.0,181.4667067427689,0
18.819332893418014,9.93032120281989,13.25411305075697,3.0,0.0,35.333569503677396,0
311.69335723441,102.64120500075182,10.971502232354553,5.0,0.37292058083279334,53.28585967253276,0
294.6308018750385,71.35845719932999,18.751292203920208,4.0,0.0,131.3037978928403,0
350.6470081590995,114.11459444194153,24.451291022286462,1.0,0.0,202.1433931302589,0
166.5605129933919,44.55977255693601,19.20975873108029,5.0,0.0,203.08058012213087,0
129.42052983322213,78.92693002997376,8.954647917040244,5.0,0.8457052697595302,199.95782515326061,1
3.4540804836209844,9.901758169659217,20.569834445009832,5.0,0.003875735654526702,57.12161503535566,0
401.13923543282687,110.06055768387425,30.376244875703065,5.0,0.0,232.20191759709525,0
92.70246620005153,17.300372097013238,19.3688731104171,1.0,0.18369624649395183,119.9097657879897,0
238.80440026432558,59.85812388460878,16.65656798740534,5.0,0.0,93.83634558388141,1
24.05745348720805,24.76579190312801,18.706705092475048,8.0,0.0,87.06708550260024,0
237.99342688865377,38.32822908177957,17.94799551293656,7.0,0.0,125.02246426183004,0
13.235314487417206,19.05115207899472,12.979409809947828,5.0,0.0,69.59841590338327,0
117.90041610245711,11.372187578119398,12.440391127878993,6.0,0.0,129.13996313811055,0
25.23984536686075,25.277964643961383,13.943004192438572,7.0,0.0,48.16628989501691,0
15.863491965549102,18.130486094257527,13.417496464562173,6.0,0.02468472620404505,56.055866123592196,0
293.10325252186044,84.69744379616702,20.816469170312246,5.0,0.0,110.05953979062177,0
76.7745656842894,25.38429557984736,20.76174984205541,12.0,0.0,100.31790879849636,0
59.639304216868055,28.94946656845523,17.080334058832292,4.0,0.1639606447302674,51.107364937105935,1
84.6789503539585,0.3846001043066849,13.274531181394849,6.0,0.0,67.65215337465966,0
296.63445975157765,87.00904787325308,19.97050510023308,4.0,0.0,156.28294266983744,0
282.7608640362434,69.69084502607166,20.502513368837377,4.0,0.0,165.83102638846898,0
67.11607781926259,28.27886316864692,13.707155644905924,0.0,0.0,114.17329273919529,0
73.31323812209767,78.16918725189016,24.62521428698615,3.0,0.8274776481211137,95.31422511672432,1
332.8184719417544,86.14344596143852,16.473526847701567,7.0,0.0,118.41021689781022,0
301.1510676360603,77.4163026640172,26.1124252471292,4.0,0.0,181.06080684668652,0
125.08164270291665,91.35974234309933,14.820094397540595,5.0,0.915782969090544,212.2983468643003,1
195.71263983435955,49.21226042797085,14.420928338108796,5.0,0.0,34.01340589633047,0
36.674450140324495,35.76716643554886,27.091506388869135,9.0,0.0,134.5178741800578,0
306.89900319950334,101.58266946422431,20.808159325140288,2.0,0.0,102.30017937133783,0
156.77188359917977,7.7674107047728995,5.506970084902255,3.0,0.0,147.85036900826475,1
363.6758198442096,95.4197800228718,28.24806553057526,5.0,0.0,197.5290363000981,0
317.0502155566405,77.04019981716579,12.931475755101193,8.0,0.0,96.50135028154077,0
320.68473767582134,84.19100876267883,23.812438060845334,6.0,0.0,143.18756186156904,0
97.1702364351894,52.758274378762096,23.867039776898803,7.0,0.0,80.55071435063292,0
88.88973906916303,60.06917798932493,19.225108734658512,7.0,0.0,20.155054203186175,0
353.953482101571,99.72236086411188,15.923216414607078,7.0,0.0,106.97701649986743,0
112.62745192311061,6.074597347068895,18.304497827132856,8.0,0.0,74.79840650831343,0
377.99840735241156,108.8367382446356,20.029879193200284,6.0,0.0,148.35750407809178,0
119.65069157381228,23.1791565932418,15.696289531529187,5.0,0.0,134.86093940040325,0
96.74360375212329,52.30015037318796,2.928441008183361,9.0,0.0,97.49161918385356,1
41.050107651899914,53.335727743101714,7.266982503564513,10.0,0.0,64.67341883802759,0
102.87566247191424,31.527030685893877,23.256892145845924,3.0,0.05502649262985859,130.15047529812975,0
143.832875126582,38.46758143498589,12.406476164193599,3.0,0.0,141.17826357867676,0
254.7335115507985,59.49689017896789,19.004121802028052,8.0,0.0,71.82116095542571,0
97.64670601820862,15.813233818731796,22.69210510817839,7.0,0.0,184.62126975269342,0
268.20268049171204,59.004899769656156,16.935468678772928,7.0,0.0,100.62887289406204,0
227.65800474786454,7.466403641953715,7.244104008975292,12.0,0.0003722238927041932,164.4215085197033,1
67.71483682621886,44.571897689595346,14.32282437369548,4.0,0.2042176553434733,50.87040037122037,0
50.231692006505526,39.47090220927386,11.96000671655674,4.0,0.15052767297071984,22.115515520041544,0
283.7700094641841,84.905681748867,22.39461875840876,5.0,0.0,112.32949728337914,0
73.19242942594649,18.71748921621272,16.28255809169164,9.0,0.0,40.773731293254905,0
322.09219726702463,86.16580704558058,24.29037715940876,7.0,0.0,156.9700450288345,0
78.45590267417518,16.42819378575096,21.65228123103048,5.0,0.0,181.6787267489333,0
125.70029401930051,33.748618152870115,20.8987581111239,1.0,0.13963510770891047,97.53986379301759,0
241.77447074032682,58.34476731694631,11.154139215054993,8.0,0.21634921685927794,58.05828708316874,0
353.1721644589818,88.81372144916912,20.320647039233425,6.0,0.0,194.21652961653152,0
311.0282336289905,92.09313647037786,18.85142704008482,4.0,0.0,123.59525614052465,0
373.47060245577563,132.77611327591222,20.512138246188513,3.0,0.0,108.0508667271865,0
49.80824962595234,40.93180935013385,1.6231931200586924,3.0,0.0,81.70370907914779,1
383.10940200087595,103.64353049364892,16.451246600261165,10.0,0.07762758951981324,108.2893963490607,0
